case_id,clinical_source,has_imaging_reference,has_actual_volume,volume_format,source_subject_id,source_study_id,source_series_id,linkage_status,linkage_evidence,vista_eligible,failure_reason
case-000001,eICU-CRD Demo 2.0.1,False,False,,,,,no_linked_ct,,False,eICU record carries no same-subject CT pixel data
case-000002,eICU-CRD Demo 2.0.1,False,False,,,,,no_linked_ct,,False,eICU record carries no same-subject CT pixel data
case-000003,eICU-CRD Demo 2.0.1,False,False,,,,,no_linked_ct,,False,eICU record carries no same-subject CT pixel data
case-000004,eICU-CRD Demo 2.0.1,False,False,,,,,no_linked_ct,,False,eICU record carries no same-subject CT pixel data
case-000005,eICU-CRD Demo 2.0.1,False,False,,,,,no_linked_ct,,False,eICU record carries no same-subject CT pixel data
case-000006,eICU-CRD Demo 2.0.1,False,False,,,,,no_linked_ct,,False,eICU record carries no same-subject CT pixel data
case-000007,eICU-CRD Demo 2.0.1,False,False,,,,,no_linked_ct,,False,eICU record carries no same-subject CT pixel data
case-000008,eICU-CRD Demo 2.0.1,False,False,,,,,no_linked_ct,,False,eICU record carries no same-subject CT pixel data
case-000009,eICU-CRD Demo 2.0.1,False,False,,,,,no_linked_ct,,False,eICU record carries no same-subject CT pixel data
case-000010,eICU-CRD Demo 2.0.1,False,False,,,,,no_linked_ct,,False,eICU record carries no same-subject CT pixel data
case-000011,eICU-CRD Demo 2.0.1,False,False,,,,,no_linked_ct,,False,eICU record carries no same-subject CT pixel data
case-000012,eICU-CRD Demo 2.0.1,False,False,,,,,no_linked_ct,,False,eICU record carries no same-subject CT pixel data
case-000013,eICU-CRD Demo 2.0.1,False,False,,,,,no_linked_ct,,False,eICU record carries no same-subject CT pixel data
case-000014,eICU-CRD Demo 2.0.1,False,False,,,,,no_linked_ct,,False,eICU record carries no same-subject CT pixel data
case-000015,eICU-CRD Demo 2.0.1,False,False,,,,,no_linked_ct,,False,eICU record carries no same-subject CT pixel data
case-000016,eICU-CRD Demo 2.0.1,False,False,,,,,no_linked_ct,,False,eICU record carries no same-subject CT pixel data
case-000017,eICU-CRD Demo 2.0.1,False,False,,,,,no_linked_ct,,False,eICU record carries no same-subject CT pixel data
case-000018,eICU-CRD Demo 2.0.1,False,False,,,,,no_linked_ct,,False,eICU record carries no same-subject CT pixel data
case-000019,eICU-CRD Demo 2.0.1,False,False,,,,,no_linked_ct,,False,eICU record carries no same-subject CT pixel data
case-000020,eICU-CRD Demo 2.0.1,False,False,,,,,no_linked_ct,,False,eICU record carries no same-subject CT pixel data
case-000021,eICU-CRD Demo 2.0.1,False,False,,,,,no_linked_ct,,False,eICU record carries no same-subject CT pixel data
case-000022,eICU-CRD Demo 2.0.1,False,False,,,,,no_linked_ct,,False,eICU record carries no same-subject CT pixel data
case-000023,eICU-CRD Demo 2.0.1,False,False,,,,,no_linked_ct,,False,eICU record carries no same-subject CT pixel data
case-000024,eICU-CRD Demo 2.0.1,False,False,,,,,no_linked_ct,,False,eICU record carries no same-subject CT pixel data
case-000025,eICU-CRD Demo 2.0.1,False,False,,,,,no_linked_ct,,False,eICU record carries no same-subject CT pixel data
case-000026,eICU-CRD Demo 2.0.1,False,False,,,,,no_linked_ct,,False,eICU record carries no same-subject CT pixel data
case-000027,eICU-CRD Demo 2.0.1,False,False,,,,,no_linked_ct,,False,eICU record carries no same-subject CT pixel data
case-000028,eICU-CRD Demo 2.0.1,False,False,,,,,no_linked_ct,,False,eICU record carries no same-subject CT pixel data
case-000029,eICU-CRD Demo 2.0.1,False,False,,,,,no_linked_ct,,False,eICU record carries no same-subject CT pixel data
case-000030,eICU-CRD Demo 2.0.1,False,False,,,,,no_linked_ct,,False,eICU record carries no same-subject CT pixel data
case-000031,eICU-CRD Demo 2.0.1,False,False,,,,,no_linked_ct,,False,eICU record carries no same-subject CT pixel data
case-000032,eICU-CRD Demo 2.0.1,False,False,,,,,no_linked_ct,,False,eICU record carries no same-subject CT pixel data
case-000033,eICU-CRD Demo 2.0.1,False,False,,,,,no_linked_ct,,False,eICU record carries no same-subject CT pixel data
case-000034,eICU-CRD Demo 2.0.1,False,False,,,,,no_linked_ct,,False,eICU record carries no same-subject CT pixel data
case-000035,eICU-CRD Demo 2.0.1,False,False,,,,,no_linked_ct,,False,eICU record carries no same-subject CT pixel data
case-000036,eICU-CRD Demo 2.0.1,False,False,,,,,no_linked_ct,,False,eICU record carries no same-subject CT pixel data
case-000037,eICU-CRD Demo 2.0.1,False,False,,,,,no_linked_ct,,False,eICU record carries no same-subject CT pixel data
case-000038,eICU-CRD Demo 2.0.1,False,False,,,,,no_linked_ct,,False,eICU record carries no same-subject CT pixel data
case-000039,eICU-CRD Demo 2.0.1,False,False,,,,,no_linked_ct,,False,eICU record carries no same-subject CT pixel data
case-000040,eICU-CRD Demo 2.0.1,False,False,,,,,no_linked_ct,,False,eICU record carries no same-subject CT pixel data
case-000041,eICU-CRD Demo 2.0.1,False,False,,,,,no_linked_ct,,False,eICU record carries no same-subject CT pixel data
case-000042,eICU-CRD Demo 2.0.1,False,False,,,,,no_linked_ct,,False,eICU record carries no same-subject CT pixel data
case-000043,eICU-CRD Demo 2.0.1,False,False,,,,,no_linked_ct,,False,eICU record carries no same-subject CT pixel data
case-000044,eICU-CRD Demo 2.0.1,False,False,,,,,no_linked_ct,,False,eICU record carries no same-subject CT pixel data
case-000045,eICU-CRD Demo 2.0.1,False,False,,,,,no_linked_ct,,False,eICU record carries no same-subject CT pixel data
case-000046,eICU-CRD Demo 2.0.1,False,False,,,,,no_linked_ct,,False,eICU record carries no same-subject CT pixel data
case-000047,eICU-CRD Demo 2.0.1,False,False,,,,,no_linked_ct,,False,eICU record carries no same-subject CT pixel data
case-000048,eICU-CRD Demo 2.0.1,False,False,,,,,no_linked_ct,,False,eICU record carries no same-subject CT pixel data
case-000049,eICU-CRD Demo 2.0.1,False,False,,,,,no_linked_ct,,False,eICU record carries no same-subject CT pixel data
case-000050,eICU-CRD Demo 2.0.1,False,False,,,,,no_linked_ct,,False,eICU record carries no same-subject CT pixel data
case-000051,eICU-CRD Demo 2.0.1,False,False,,,,,no_linked_ct,,False,eICU record carries no same-subject CT pixel data
case-000052,eICU-CRD Demo 2.0.1,False,False,,,,,no_linked_ct,,False,eICU record carries no same-subject CT pixel data
case-000053,eICU-CRD Demo 2.0.1,False,False,,,,,no_linked_ct,,False,eICU record carries no same-subject CT pixel data
case-000054,eICU-CRD Demo 2.0.1,False,False,,,,,no_linked_ct,,False,eICU record carries no same-subject CT pixel data
case-000055,eICU-CRD Demo 2.0.1,False,False,,,,,no_linked_ct,,False,eICU record carries no same-subject CT pixel data
case-000056,eICU-CRD Demo 2.0.1,False,False,,,,,no_linked_ct,,False,eICU record carries no same-subject CT pixel data
case-000057,eICU-CRD Demo 2.0.1,False,False,,,,,no_linked_ct,,False,eICU record carries no same-subject CT pixel data
case-000058,eICU-CRD Demo 2.0.1,False,False,,,,,no_linked_ct,,False,eICU record carries no same-subject CT pixel data
case-000059,eICU-CRD Demo 2.0.1,False,False,,,,,no_linked_ct,,False,eICU record carries no same-subject CT pixel data
case-000060,eICU-CRD Demo 2.0.1,False,False,,,,,no_linked_ct,,False,eICU record carries no same-subject CT pixel data
case-000061,eICU-CRD Demo 2.0.1,False,False,,,,,no_linked_ct,,False,eICU record carries no same-subject CT pixel data
case-000062,eICU-CRD Demo 2.0.1,False,False,,,,,no_linked_ct,,False,eICU record carries no same-subject CT pixel data
case-000063,eICU-CRD Demo 2.0.1,False,False,,,,,no_linked_ct,,False,eICU record carries no same-subject CT pixel data
case-000064,eICU-CRD Demo 2.0.1,False,False,,,,,no_linked_ct,,False,eICU record carries no same-subject CT pixel data
case-000065,eICU-CRD Demo 2.0.1,False,False,,,,,no_linked_ct,,False,eICU record carries no same-subject CT pixel data
case-000066,eICU-CRD Demo 2.0.1,False,False,,,,,no_linked_ct,,False,eICU record carries no same-subject CT pixel data
case-000067,eICU-CRD Demo 2.0.1,False,False,,,,,no_linked_ct,,False,eICU record carries no same-subject CT pixel data
case-000068,eICU-CRD Demo 2.0.1,False,False,,,,,no_linked_ct,,False,eICU record carries no same-subject CT pixel data
case-000069,eICU-CRD Demo 2.0.1,False,False,,,,,no_linked_ct,,False,eICU record carries no same-subject CT pixel data
case-000070,eICU-CRD Demo 2.0.1,False,False,,,,,no_linked_ct,,False,eICU record carries no same-subject CT pixel data
case-000071,eICU-CRD Demo 2.0.1,False,False,,,,,no_linked_ct,,False,eICU record carries no same-subject CT pixel data
case-000072,eICU-CRD Demo 2.0.1,False,False,,,,,no_linked_ct,,False,eICU record carries no same-subject CT pixel data
case-000073,eICU-CRD Demo 2.0.1,False,False,,,,,no_linked_ct,,False,eICU record carries no same-subject CT pixel data
case-000074,eICU-CRD Demo 2.0.1,False,False,,,,,no_linked_ct,,False,eICU record carries no same-subject CT pixel data
case-000075,eICU-CRD Demo 2.0.1,False,False,,,,,no_linked_ct,,False,eICU record carries no same-subject CT pixel data
case-000076,eICU-CRD Demo 2.0.1,False,False,,,,,no_linked_ct,,False,eICU record carries no same-subject CT pixel data
case-000077,eICU-CRD Demo 2.0.1,False,False,,,,,no_linked_ct,,False,eICU record carries no same-subject CT pixel data
case-000078,eICU-CRD Demo 2.0.1,False,False,,,,,no_linked_ct,,False,eICU record carries no same-subject CT pixel data
case-000079,eICU-CRD Demo 2.0.1,False,False,,,,,no_linked_ct,,False,eICU record carries no same-subject CT pixel data
case-000080,eICU-CRD Demo 2.0.1,False,False,,,,,no_linked_ct,,False,eICU record carries no same-subject CT pixel data
case-000081,eICU-CRD Demo 2.0.1,False,False,,,,,no_linked_ct,,False,eICU record carries no same-subject CT pixel data
case-000082,eICU-CRD Demo 2.0.1,False,False,,,,,no_linked_ct,,False,eICU record carries no same-subject CT pixel data
case-000083,eICU-CRD Demo 2.0.1,False,False,,,,,no_linked_ct,,False,eICU record carries no same-subject CT pixel data
case-000084,eICU-CRD Demo 2.0.1,False,False,,,,,no_linked_ct,,False,eICU record carries no same-subject CT pixel data
case-000085,eICU-CRD Demo 2.0.1,False,False,,,,,no_linked_ct,,False,eICU record carries no same-subject CT pixel data
case-000086,eICU-CRD Demo 2.0.1,False,False,,,,,no_linked_ct,,False,eICU record carries no same-subject CT pixel data
case-000087,eICU-CRD Demo 2.0.1,False,False,,,,,no_linked_ct,,False,eICU record carries no same-subject CT pixel data
case-000088,eICU-CRD Demo 2.0.1,False,False,,,,,no_linked_ct,,False,eICU record carries no same-subject CT pixel data
case-000089,eICU-CRD Demo 2.0.1,False,False,,,,,no_linked_ct,,False,eICU record carries no same-subject CT pixel data
case-000090,eICU-CRD Demo 2.0.1,False,False,,,,,no_linked_ct,,False,eICU record carries no same-subject CT pixel data
case-000091,eICU-CRD Demo 2.0.1,False,False,,,,,no_linked_ct,,False,eICU record carries no same-subject CT pixel data
case-000092,eICU-CRD Demo 2.0.1,False,False,,,,,no_linked_ct,,False,eICU record carries no same-subject CT pixel data
case-000093,eICU-CRD Demo 2.0.1,False,False,,,,,no_linked_ct,,False,eICU record carries no same-subject CT pixel data
case-000094,eICU-CRD Demo 2.0.1,False,False,,,,,no_linked_ct,,False,eICU record carries no same-subject CT pixel data
case-000095,eICU-CRD Demo 2.0.1,False,False,,,,,no_linked_ct,,False,eICU record carries no same-subject CT pixel data
case-000096,eICU-CRD Demo 2.0.1,False,False,,,,,no_linked_ct,,False,eICU record carries no same-subject CT pixel data
case-000097,eICU-CRD Demo 2.0.1,False,False,,,,,no_linked_ct,,False,eICU record carries no same-subject CT pixel data
case-000098,eICU-CRD Demo 2.0.1,False,False,,,,,no_linked_ct,,False,eICU record carries no same-subject CT pixel data
case-000099,eICU-CRD Demo 2.0.1,False,False,,,,,no_linked_ct,,False,eICU record carries no same-subject CT pixel data
case-000100,eICU-CRD Demo 2.0.1,False,False,,,,,no_linked_ct,,False,eICU record carries no same-subject CT pixel data
case-000101,eICU-CRD Demo 2.0.1,False,False,,,,,no_linked_ct,,False,eICU record carries no same-subject CT pixel data
case-000102,eICU-CRD Demo 2.0.1,False,False,,,,,no_linked_ct,,False,eICU record carries no same-subject CT pixel data
case-000103,eICU-CRD Demo 2.0.1,False,False,,,,,no_linked_ct,,False,eICU record carries no same-subject CT pixel data
case-000104,eICU-CRD Demo 2.0.1,False,False,,,,,no_linked_ct,,False,eICU record carries no same-subject CT pixel data
case-000105,eICU-CRD Demo 2.0.1,False,False,,,,,no_linked_ct,,False,eICU record carries no same-subject CT pixel data
case-000106,eICU-CRD Demo 2.0.1,False,False,,,,,no_linked_ct,,False,eICU record carries no same-subject CT pixel data
case-000107,eICU-CRD Demo 2.0.1,False,False,,,,,no_linked_ct,,False,eICU record carries no same-subject CT pixel data
case-000108,eICU-CRD Demo 2.0.1,False,False,,,,,no_linked_ct,,False,eICU record carries no same-subject CT pixel data
case-000109,eICU-CRD Demo 2.0.1,False,False,,,,,no_linked_ct,,False,eICU record carries no same-subject CT pixel data
case-000110,eICU-CRD Demo 2.0.1,False,False,,,,,no_linked_ct,,False,eICU record carries no same-subject CT pixel data
case-000111,eICU-CRD Demo 2.0.1,False,False,,,,,no_linked_ct,,False,eICU record carries no same-subject CT pixel data
case-000112,eICU-CRD Demo 2.0.1,False,False,,,,,no_linked_ct,,False,eICU record carries no same-subject CT pixel data
case-000113,eICU-CRD Demo 2.0.1,False,False,,,,,no_linked_ct,,False,eICU record carries no same-subject CT pixel data
case-000114,eICU-CRD Demo 2.0.1,False,False,,,,,no_linked_ct,,False,eICU record carries no same-subject CT pixel data
case-000115,eICU-CRD Demo 2.0.1,False,False,,,,,no_linked_ct,,False,eICU record carries no same-subject CT pixel data
case-000116,eICU-CRD Demo 2.0.1,False,False,,,,,no_linked_ct,,False,eICU record carries no same-subject CT pixel data
case-000117,eICU-CRD Demo 2.0.1,False,False,,,,,no_linked_ct,,False,eICU record carries no same-subject CT pixel data
case-000118,eICU-CRD Demo 2.0.1,False,False,,,,,no_linked_ct,,False,eICU record carries no same-subject CT pixel data
case-000119,eICU-CRD Demo 2.0.1,False,False,,,,,no_linked_ct,,False,eICU record carries no same-subject CT pixel data
case-000120,eICU-CRD Demo 2.0.1,False,False,,,,,no_linked_ct,,False,eICU record carries no same-subject CT pixel data
case-000121,eICU-CRD Demo 2.0.1,False,False,,,,,no_linked_ct,,False,eICU record carries no same-subject CT pixel data
case-000122,eICU-CRD Demo 2.0.1,False,False,,,,,no_linked_ct,,False,eICU record carries no same-subject CT pixel data
case-000123,eICU-CRD Demo 2.0.1,False,False,,,,,no_linked_ct,,False,eICU record carries no same-subject CT pixel data
case-000124,eICU-CRD Demo 2.0.1,False,False,,,,,no_linked_ct,,False,eICU record carries no same-subject CT pixel data
case-000125,eICU-CRD Demo 2.0.1,False,False,,,,,no_linked_ct,,False,eICU record carries no same-subject CT pixel data
case-000126,eICU-CRD Demo 2.0.1,False,False,,,,,no_linked_ct,,False,eICU record carries no same-subject CT pixel data
case-000127,eICU-CRD Demo 2.0.1,False,False,,,,,no_linked_ct,,False,eICU record carries no same-subject CT pixel data
case-000128,eICU-CRD Demo 2.0.1,False,False,,,,,no_linked_ct,,False,eICU record carries no same-subject CT pixel data
case-000129,eICU-CRD Demo 2.0.1,False,False,,,,,no_linked_ct,,False,eICU record carries no same-subject CT pixel data
case-000130,eICU-CRD Demo 2.0.1,False,False,,,,,no_linked_ct,,False,eICU record carries no same-subject CT pixel data
case-000131,eICU-CRD Demo 2.0.1,False,False,,,,,no_linked_ct,,False,eICU record carries no same-subject CT pixel data
case-000132,eICU-CRD Demo 2.0.1,False,False,,,,,no_linked_ct,,False,eICU record carries no same-subject CT pixel data
case-000133,eICU-CRD Demo 2.0.1,False,False,,,,,no_linked_ct,,False,eICU record carries no same-subject CT pixel data
case-000134,eICU-CRD Demo 2.0.1,False,False,,,,,no_linked_ct,,False,eICU record carries no same-subject CT pixel data
case-000135,eICU-CRD Demo 2.0.1,False,False,,,,,no_linked_ct,,False,eICU record carries no same-subject CT pixel data
case-000136,eICU-CRD Demo 2.0.1,False,False,,,,,no_linked_ct,,False,eICU record carries no same-subject CT pixel data
case-000137,eICU-CRD Demo 2.0.1,False,False,,,,,no_linked_ct,,False,eICU record carries no same-subject CT pixel data
case-000138,eICU-CRD Demo 2.0.1,False,False,,,,,no_linked_ct,,False,eICU record carries no same-subject CT pixel data
case-000139,eICU-CRD Demo 2.0.1,False,False,,,,,no_linked_ct,,False,eICU record carries no same-subject CT pixel data
case-000140,eICU-CRD Demo 2.0.1,False,False,,,,,no_linked_ct,,False,eICU record carries no same-subject CT pixel data
case-000141,eICU-CRD Demo 2.0.1,False,False,,,,,no_linked_ct,,False,eICU record carries no same-subject CT pixel data
case-000142,eICU-CRD Demo 2.0.1,False,False,,,,,no_linked_ct,,False,eICU record carries no same-subject CT pixel data
case-000143,eICU-CRD Demo 2.0.1,False,False,,,,,no_linked_ct,,False,eICU record carries no same-subject CT pixel data
case-000144,eICU-CRD Demo 2.0.1,False,False,,,,,no_linked_ct,,False,eICU record carries no same-subject CT pixel data
case-000145,eICU-CRD Demo 2.0.1,False,False,,,,,no_linked_ct,,False,eICU record carries no same-subject CT pixel data
case-000146,eICU-CRD Demo 2.0.1,False,False,,,,,no_linked_ct,,False,eICU record carries no same-subject CT pixel data
case-000147,eICU-CRD Demo 2.0.1,False,False,,,,,no_linked_ct,,False,eICU record carries no same-subject CT pixel data
case-000148,eICU-CRD Demo 2.0.1,False,False,,,,,no_linked_ct,,False,eICU record carries no same-subject CT pixel data
case-000149,eICU-CRD Demo 2.0.1,False,False,,,,,no_linked_ct,,False,eICU record carries no same-subject CT pixel data
case-000150,eICU-CRD Demo 2.0.1,False,False,,,,,no_linked_ct,,False,eICU record carries no same-subject CT pixel data
case-000151,eICU-CRD Demo 2.0.1,False,False,,,,,no_linked_ct,,False,eICU record carries no same-subject CT pixel data
case-000152,eICU-CRD Demo 2.0.1,False,False,,,,,no_linked_ct,,False,eICU record carries no same-subject CT pixel data
case-000153,eICU-CRD Demo 2.0.1,False,False,,,,,no_linked_ct,,False,eICU record carries no same-subject CT pixel data
case-000154,eICU-CRD Demo 2.0.1,False,False,,,,,no_linked_ct,,False,eICU record carries no same-subject CT pixel data
case-000155,eICU-CRD Demo 2.0.1,False,False,,,,,no_linked_ct,,False,eICU record carries no same-subject CT pixel data
case-000156,eICU-CRD Demo 2.0.1,False,False,,,,,no_linked_ct,,False,eICU record carries no same-subject CT pixel data
case-000157,eICU-CRD Demo 2.0.1,False,False,,,,,no_linked_ct,,False,eICU record carries no same-subject CT pixel data
case-000158,eICU-CRD Demo 2.0.1,False,False,,,,,no_linked_ct,,False,eICU record carries no same-subject CT pixel data
case-000159,eICU-CRD Demo 2.0.1,False,False,,,,,no_linked_ct,,False,eICU record carries no same-subject CT pixel data
case-000160,eICU-CRD Demo 2.0.1,False,False,,,,,no_linked_ct,,False,eICU record carries no same-subject CT pixel data
case-000161,eICU-CRD Demo 2.0.1,False,False,,,,,no_linked_ct,,False,eICU record carries no same-subject CT pixel data
case-000162,eICU-CRD Demo 2.0.1,False,False,,,,,no_linked_ct,,False,eICU record carries no same-subject CT pixel data
case-000163,eICU-CRD Demo 2.0.1,False,False,,,,,no_linked_ct,,False,eICU record carries no same-subject CT pixel data
case-000164,eICU-CRD Demo 2.0.1,False,False,,,,,no_linked_ct,,False,eICU record carries no same-subject CT pixel data
case-000165,eICU-CRD Demo 2.0.1,False,False,,,,,no_linked_ct,,False,eICU record carries no same-subject CT pixel data
case-000166,eICU-CRD Demo 2.0.1,False,False,,,,,no_linked_ct,,False,eICU record carries no same-subject CT pixel data
case-000167,eICU-CRD Demo 2.0.1,False,False,,,,,no_linked_ct,,False,eICU record carries no same-subject CT pixel data
case-000168,eICU-CRD Demo 2.0.1,False,False,,,,,no_linked_ct,,False,eICU record carries no same-subject CT pixel data
case-000169,eICU-CRD Demo 2.0.1,False,False,,,,,no_linked_ct,,False,eICU record carries no same-subject CT pixel data
case-000170,eICU-CRD Demo 2.0.1,False,False,,,,,no_linked_ct,,False,eICU record carries no same-subject CT pixel data
case-000171,eICU-CRD Demo 2.0.1,False,False,,,,,no_linked_ct,,False,eICU record carries no same-subject CT pixel data
case-000172,eICU-CRD Demo 2.0.1,False,False,,,,,no_linked_ct,,False,eICU record carries no same-subject CT pixel data
case-000173,eICU-CRD Demo 2.0.1,False,False,,,,,no_linked_ct,,False,eICU record carries no same-subject CT pixel data
case-000174,eICU-CRD Demo 2.0.1,False,False,,,,,no_linked_ct,,False,eICU record carries no same-subject CT pixel data
case-000175,eICU-CRD Demo 2.0.1,False,False,,,,,no_linked_ct,,False,eICU record carries no same-subject CT pixel data
case-000176,eICU-CRD Demo 2.0.1,False,False,,,,,no_linked_ct,,False,eICU record carries no same-subject CT pixel data
case-000177,eICU-CRD Demo 2.0.1,False,False,,,,,no_linked_ct,,False,eICU record carries no same-subject CT pixel data
case-000178,eICU-CRD Demo 2.0.1,False,False,,,,,no_linked_ct,,False,eICU record carries no same-subject CT pixel data
case-000179,eICU-CRD Demo 2.0.1,False,False,,,,,no_linked_ct,,False,eICU record carries no same-subject CT pixel data
case-000180,eICU-CRD Demo 2.0.1,False,False,,,,,no_linked_ct,,False,eICU record carries no same-subject CT pixel data
case-000181,eICU-CRD Demo 2.0.1,False,False,,,,,no_linked_ct,,False,eICU record carries no same-subject CT pixel data
case-000182,eICU-CRD Demo 2.0.1,False,False,,,,,no_linked_ct,,False,eICU record carries no same-subject CT pixel data
case-000183,eICU-CRD Demo 2.0.1,False,False,,,,,no_linked_ct,,False,eICU record carries no same-subject CT pixel data
case-000184,eICU-CRD Demo 2.0.1,False,False,,,,,no_linked_ct,,False,eICU record carries no same-subject CT pixel data
case-000185,eICU-CRD Demo 2.0.1,False,False,,,,,no_linked_ct,,False,eICU record carries no same-subject CT pixel data
case-000186,eICU-CRD Demo 2.0.1,False,False,,,,,no_linked_ct,,False,eICU record carries no same-subject CT pixel data
case-000187,eICU-CRD Demo 2.0.1,False,False,,,,,no_linked_ct,,False,eICU record carries no same-subject CT pixel data
case-000188,eICU-CRD Demo 2.0.1,False,False,,,,,no_linked_ct,,False,eICU record carries no same-subject CT pixel data
case-000189,eICU-CRD Demo 2.0.1,False,False,,,,,no_linked_ct,,False,eICU record carries no same-subject CT pixel data
case-000190,eICU-CRD Demo 2.0.1,False,False,,,,,no_linked_ct,,False,eICU record carries no same-subject CT pixel data
case-000191,eICU-CRD Demo 2.0.1,False,False,,,,,no_linked_ct,,False,eICU record carries no same-subject CT pixel data
case-000192,eICU-CRD Demo 2.0.1,False,False,,,,,no_linked_ct,,False,eICU record carries no same-subject CT pixel data
case-000193,eICU-CRD Demo 2.0.1,False,False,,,,,no_linked_ct,,False,eICU record carries no same-subject CT pixel data
case-000194,eICU-CRD Demo 2.0.1,False,False,,,,,no_linked_ct,,False,eICU record carries no same-subject CT pixel data
case-000195,eICU-CRD Demo 2.0.1,False,False,,,,,no_linked_ct,,False,eICU record carries no same-subject CT pixel data
case-000196,eICU-CRD Demo 2.0.1,False,False,,,,,no_linked_ct,,False,eICU record carries no same-subject CT pixel data
case-000197,eICU-CRD Demo 2.0.1,False,False,,,,,no_linked_ct,,False,eICU record carries no same-subject CT pixel data
case-000198,eICU-CRD Demo 2.0.1,False,False,,,,,no_linked_ct,,False,eICU record carries no same-subject CT pixel data
case-000199,eICU-CRD Demo 2.0.1,False,False,,,,,no_linked_ct,,False,eICU record carries no same-subject CT pixel data
case-000200,eICU-CRD Demo 2.0.1,False,False,,,,,no_linked_ct,,False,eICU record carries no same-subject CT pixel data
case-000201,eICU-CRD Demo 2.0.1,False,False,,,,,no_linked_ct,,False,eICU record carries no same-subject CT pixel data
case-000202,eICU-CRD Demo 2.0.1,False,False,,,,,no_linked_ct,,False,eICU record carries no same-subject CT pixel data
case-000203,eICU-CRD Demo 2.0.1,False,False,,,,,no_linked_ct,,False,eICU record carries no same-subject CT pixel data
case-000204,eICU-CRD Demo 2.0.1,False,False,,,,,no_linked_ct,,False,eICU record carries no same-subject CT pixel data
case-000205,eICU-CRD Demo 2.0.1,False,False,,,,,no_linked_ct,,False,eICU record carries no same-subject CT pixel data
case-000206,eICU-CRD Demo 2.0.1,False,False,,,,,no_linked_ct,,False,eICU record carries no same-subject CT pixel data
case-000207,eICU-CRD Demo 2.0.1,False,False,,,,,no_linked_ct,,False,eICU record carries no same-subject CT pixel data
case-000208,eICU-CRD Demo 2.0.1,False,False,,,,,no_linked_ct,,False,eICU record carries no same-subject CT pixel data
case-000209,eICU-CRD Demo 2.0.1,False,False,,,,,no_linked_ct,,False,eICU record carries no same-subject CT pixel data
case-000210,eICU-CRD Demo 2.0.1,False,False,,,,,no_linked_ct,,False,eICU record carries no same-subject CT pixel data
case-000211,eICU-CRD Demo 2.0.1,False,False,,,,,no_linked_ct,,False,eICU record carries no same-subject CT pixel data
case-000212,eICU-CRD Demo 2.0.1,False,False,,,,,no_linked_ct,,False,eICU record carries no same-subject CT pixel data
case-000213,eICU-CRD Demo 2.0.1,False,False,,,,,no_linked_ct,,False,eICU record carries no same-subject CT pixel data
case-000214,eICU-CRD Demo 2.0.1,False,False,,,,,no_linked_ct,,False,eICU record carries no same-subject CT pixel data
case-000215,eICU-CRD Demo 2.0.1,False,False,,,,,no_linked_ct,,False,eICU record carries no same-subject CT pixel data
case-000216,eICU-CRD Demo 2.0.1,False,False,,,,,no_linked_ct,,False,eICU record carries no same-subject CT pixel data
case-000217,eICU-CRD Demo 2.0.1,False,False,,,,,no_linked_ct,,False,eICU record carries no same-subject CT pixel data
case-000218,eICU-CRD Demo 2.0.1,False,False,,,,,no_linked_ct,,False,eICU record carries no same-subject CT pixel data
case-000219,eICU-CRD Demo 2.0.1,False,False,,,,,no_linked_ct,,False,eICU record carries no same-subject CT pixel data
case-000220,eICU-CRD Demo 2.0.1,False,False,,,,,no_linked_ct,,False,eICU record carries no same-subject CT pixel data
case-000221,eICU-CRD Demo 2.0.1,False,False,,,,,no_linked_ct,,False,eICU record carries no same-subject CT pixel data
case-000222,eICU-CRD Demo 2.0.1,False,False,,,,,no_linked_ct,,False,eICU record carries no same-subject CT pixel data
case-000223,eICU-CRD Demo 2.0.1,False,False,,,,,no_linked_ct,,False,eICU record carries no same-subject CT pixel data
case-000224,eICU-CRD Demo 2.0.1,False,False,,,,,no_linked_ct,,False,eICU record carries no same-subject CT pixel data
case-000225,eICU-CRD Demo 2.0.1,False,False,,,,,no_linked_ct,,False,eICU record carries no same-subject CT pixel data
case-000226,eICU-CRD Demo 2.0.1,False,False,,,,,no_linked_ct,,False,eICU record carries no same-subject CT pixel data
case-000227,eICU-CRD Demo 2.0.1,False,False,,,,,no_linked_ct,,False,eICU record carries no same-subject CT pixel data
case-000228,eICU-CRD Demo 2.0.1,False,False,,,,,no_linked_ct,,False,eICU record carries no same-subject CT pixel data
case-000229,eICU-CRD Demo 2.0.1,False,False,,,,,no_linked_ct,,False,eICU record carries no same-subject CT pixel data
case-000230,eICU-CRD Demo 2.0.1,False,False,,,,,no_linked_ct,,False,eICU record carries no same-subject CT pixel data
case-000231,eICU-CRD Demo 2.0.1,False,False,,,,,no_linked_ct,,False,eICU record carries no same-subject CT pixel data
case-000232,eICU-CRD Demo 2.0.1,False,False,,,,,no_linked_ct,,False,eICU record carries no same-subject CT pixel data
case-000233,eICU-CRD Demo 2.0.1,False,False,,,,,no_linked_ct,,False,eICU record carries no same-subject CT pixel data
case-000234,eICU-CRD Demo 2.0.1,False,False,,,,,no_linked_ct,,False,eICU record carries no same-subject CT pixel data
case-000235,eICU-CRD Demo 2.0.1,False,False,,,,,no_linked_ct,,False,eICU record carries no same-subject CT pixel data
case-000236,eICU-CRD Demo 2.0.1,False,False,,,,,no_linked_ct,,False,eICU record carries no same-subject CT pixel data
case-000237,eICU-CRD Demo 2.0.1,False,False,,,,,no_linked_ct,,False,eICU record carries no same-subject CT pixel data
case-000238,eICU-CRD Demo 2.0.1,False,False,,,,,no_linked_ct,,False,eICU record carries no same-subject CT pixel data
case-000239,eICU-CRD Demo 2.0.1,False,False,,,,,no_linked_ct,,False,eICU record carries no same-subject CT pixel data
case-000240,eICU-CRD Demo 2.0.1,False,False,,,,,no_linked_ct,,False,eICU record carries no same-subject CT pixel data
case-000241,eICU-CRD Demo 2.0.1,False,False,,,,,no_linked_ct,,False,eICU record carries no same-subject CT pixel data
case-000242,eICU-CRD Demo 2.0.1,False,False,,,,,no_linked_ct,,False,eICU record carries no same-subject CT pixel data
case-000243,eICU-CRD Demo 2.0.1,False,False,,,,,no_linked_ct,,False,eICU record carries no same-subject CT pixel data
case-000244,eICU-CRD Demo 2.0.1,False,False,,,,,no_linked_ct,,False,eICU record carries no same-subject CT pixel data
case-000245,eICU-CRD Demo 2.0.1,False,False,,,,,no_linked_ct,,False,eICU record carries no same-subject CT pixel data
case-000246,eICU-CRD Demo 2.0.1,False,False,,,,,no_linked_ct,,False,eICU record carries no same-subject CT pixel data
case-000247,eICU-CRD Demo 2.0.1,False,False,,,,,no_linked_ct,,False,eICU record carries no same-subject CT pixel data
case-000248,eICU-CRD Demo 2.0.1,False,False,,,,,no_linked_ct,,False,eICU record carries no same-subject CT pixel data
case-000249,eICU-CRD Demo 2.0.1,False,False,,,,,no_linked_ct,,False,eICU record carries no same-subject CT pixel data
case-000250,eICU-CRD Demo 2.0.1,False,False,,,,,no_linked_ct,,False,eICU record carries no same-subject CT pixel data
case-000251,eICU-CRD Demo 2.0.1,False,False,,,,,no_linked_ct,,False,eICU record carries no same-subject CT pixel data
case-000252,eICU-CRD Demo 2.0.1,False,False,,,,,no_linked_ct,,False,eICU record carries no same-subject CT pixel data
case-000253,eICU-CRD Demo 2.0.1,False,False,,,,,no_linked_ct,,False,eICU record carries no same-subject CT pixel data
case-000254,eICU-CRD Demo 2.0.1,False,False,,,,,no_linked_ct,,False,eICU record carries no same-subject CT pixel data
case-000255,eICU-CRD Demo 2.0.1,False,False,,,,,no_linked_ct,,False,eICU record carries no same-subject CT pixel data
case-000256,eICU-CRD Demo 2.0.1,False,False,,,,,no_linked_ct,,False,eICU record carries no same-subject CT pixel data
case-000257,eICU-CRD Demo 2.0.1,False,False,,,,,no_linked_ct,,False,eICU record carries no same-subject CT pixel data
case-000258,eICU-CRD Demo 2.0.1,False,False,,,,,no_linked_ct,,False,eICU record carries no same-subject CT pixel data
case-000259,eICU-CRD Demo 2.0.1,False,False,,,,,no_linked_ct,,False,eICU record carries no same-subject CT pixel data
case-000260,eICU-CRD Demo 2.0.1,False,False,,,,,no_linked_ct,,False,eICU record carries no same-subject CT pixel data
case-000261,eICU-CRD Demo 2.0.1,False,False,,,,,no_linked_ct,,False,eICU record carries no same-subject CT pixel data
case-000262,eICU-CRD Demo 2.0.1,False,False,,,,,no_linked_ct,,False,eICU record carries no same-subject CT pixel data
case-000263,eICU-CRD Demo 2.0.1,False,False,,,,,no_linked_ct,,False,eICU record carries no same-subject CT pixel data
case-000264,eICU-CRD Demo 2.0.1,False,False,,,,,no_linked_ct,,False,eICU record carries no same-subject CT pixel data
case-000265,eICU-CRD Demo 2.0.1,False,False,,,,,no_linked_ct,,False,eICU record carries no same-subject CT pixel data
case-000266,eICU-CRD Demo 2.0.1,False,False,,,,,no_linked_ct,,False,eICU record carries no same-subject CT pixel data
case-000267,eICU-CRD Demo 2.0.1,False,False,,,,,no_linked_ct,,False,eICU record carries no same-subject CT pixel data
case-000268,eICU-CRD Demo 2.0.1,False,False,,,,,no_linked_ct,,False,eICU record carries no same-subject CT pixel data
case-000269,eICU-CRD Demo 2.0.1,False,False,,,,,no_linked_ct,,False,eICU record carries no same-subject CT pixel data
case-000270,eICU-CRD Demo 2.0.1,False,False,,,,,no_linked_ct,,False,eICU record carries no same-subject CT pixel data
case-000271,eICU-CRD Demo 2.0.1,False,False,,,,,no_linked_ct,,False,eICU record carries no same-subject CT pixel data
case-000272,eICU-CRD Demo 2.0.1,False,False,,,,,no_linked_ct,,False,eICU record carries no same-subject CT pixel data
case-000273,eICU-CRD Demo 2.0.1,False,False,,,,,no_linked_ct,,False,eICU record carries no same-subject CT pixel data
case-000274,eICU-CRD Demo 2.0.1,False,False,,,,,no_linked_ct,,False,eICU record carries no same-subject CT pixel data
case-000275,eICU-CRD Demo 2.0.1,False,False,,,,,no_linked_ct,,False,eICU record carries no same-subject CT pixel data
case-000276,eICU-CRD Demo 2.0.1,False,False,,,,,no_linked_ct,,False,eICU record carries no same-subject CT pixel data
case-000277,eICU-CRD Demo 2.0.1,False,False,,,,,no_linked_ct,,False,eICU record carries no same-subject CT pixel data
case-000278,eICU-CRD Demo 2.0.1,False,False,,,,,no_linked_ct,,False,eICU record carries no same-subject CT pixel data
case-000279,eICU-CRD Demo 2.0.1,False,False,,,,,no_linked_ct,,False,eICU record carries no same-subject CT pixel data
case-000280,eICU-CRD Demo 2.0.1,False,False,,,,,no_linked_ct,,False,eICU record carries no same-subject CT pixel data
case-000281,eICU-CRD Demo 2.0.1,False,False,,,,,no_linked_ct,,False,eICU record carries no same-subject CT pixel data
case-000282,eICU-CRD Demo 2.0.1,False,False,,,,,no_linked_ct,,False,eICU record carries no same-subject CT pixel data
case-000283,eICU-CRD Demo 2.0.1,False,False,,,,,no_linked_ct,,False,eICU record carries no same-subject CT pixel data
case-000284,eICU-CRD Demo 2.0.1,False,False,,,,,no_linked_ct,,False,eICU record carries no same-subject CT pixel data
case-000285,eICU-CRD Demo 2.0.1,False,False,,,,,no_linked_ct,,False,eICU record carries no same-subject CT pixel data
case-000286,eICU-CRD Demo 2.0.1,False,False,,,,,no_linked_ct,,False,eICU record carries no same-subject CT pixel data
case-000287,eICU-CRD Demo 2.0.1,False,False,,,,,no_linked_ct,,False,eICU record carries no same-subject CT pixel data
case-000288,eICU-CRD Demo 2.0.1,False,False,,,,,no_linked_ct,,False,eICU record carries no same-subject CT pixel data
case-000289,eICU-CRD Demo 2.0.1,False,False,,,,,no_linked_ct,,False,eICU record carries no same-subject CT pixel data
case-000290,eICU-CRD Demo 2.0.1,False,False,,,,,no_linked_ct,,False,eICU record carries no same-subject CT pixel data
case-000291,eICU-CRD Demo 2.0.1,False,False,,,,,no_linked_ct,,False,eICU record carries no same-subject CT pixel data
case-000292,eICU-CRD Demo 2.0.1,False,False,,,,,no_linked_ct,,False,eICU record carries no same-subject CT pixel data
case-000293,eICU-CRD Demo 2.0.1,False,False,,,,,no_linked_ct,,False,eICU record carries no same-subject CT pixel data
case-000294,eICU-CRD Demo 2.0.1,False,False,,,,,no_linked_ct,,False,eICU record carries no same-subject CT pixel data
case-000295,eICU-CRD Demo 2.0.1,False,False,,,,,no_linked_ct,,False,eICU record carries no same-subject CT pixel data
case-000296,eICU-CRD Demo 2.0.1,False,False,,,,,no_linked_ct,,False,eICU record carries no same-subject CT pixel data
case-000297,eICU-CRD Demo 2.0.1,False,False,,,,,no_linked_ct,,False,eICU record carries no same-subject CT pixel data
case-000298,eICU-CRD Demo 2.0.1,False,False,,,,,no_linked_ct,,False,eICU record carries no same-subject CT pixel data
case-000299,eICU-CRD Demo 2.0.1,False,False,,,,,no_linked_ct,,False,eICU record carries no same-subject CT pixel data
case-000300,eICU-CRD Demo 2.0.1,False,False,,,,,no_linked_ct,,False,eICU record carries no same-subject CT pixel data
case-000301,eICU-CRD Demo 2.0.1,False,False,,,,,no_linked_ct,,False,eICU record carries no same-subject CT pixel data
case-000302,eICU-CRD Demo 2.0.1,False,False,,,,,no_linked_ct,,False,eICU record carries no same-subject CT pixel data
case-000303,eICU-CRD Demo 2.0.1,False,False,,,,,no_linked_ct,,False,eICU record carries no same-subject CT pixel data
case-000304,eICU-CRD Demo 2.0.1,False,False,,,,,no_linked_ct,,False,eICU record carries no same-subject CT pixel data
case-000305,eICU-CRD Demo 2.0.1,False,False,,,,,no_linked_ct,,False,eICU record carries no same-subject CT pixel data
case-000306,eICU-CRD Demo 2.0.1,False,False,,,,,no_linked_ct,,False,eICU record carries no same-subject CT pixel data
case-000307,eICU-CRD Demo 2.0.1,False,False,,,,,no_linked_ct,,False,eICU record carries no same-subject CT pixel data
case-000308,eICU-CRD Demo 2.0.1,False,False,,,,,no_linked_ct,,False,eICU record carries no same-subject CT pixel data
case-000309,eICU-CRD Demo 2.0.1,False,False,,,,,no_linked_ct,,False,eICU record carries no same-subject CT pixel data
case-000310,eICU-CRD Demo 2.0.1,False,False,,,,,no_linked_ct,,False,eICU record carries no same-subject CT pixel data
case-000311,eICU-CRD Demo 2.0.1,False,False,,,,,no_linked_ct,,False,eICU record carries no same-subject CT pixel data
case-000312,eICU-CRD Demo 2.0.1,False,False,,,,,no_linked_ct,,False,eICU record carries no same-subject CT pixel data
case-000313,eICU-CRD Demo 2.0.1,False,False,,,,,no_linked_ct,,False,eICU record carries no same-subject CT pixel data
case-000314,eICU-CRD Demo 2.0.1,False,False,,,,,no_linked_ct,,False,eICU record carries no same-subject CT pixel data
case-000315,eICU-CRD Demo 2.0.1,False,False,,,,,no_linked_ct,,False,eICU record carries no same-subject CT pixel data
case-000316,eICU-CRD Demo 2.0.1,False,False,,,,,no_linked_ct,,False,eICU record carries no same-subject CT pixel data
case-000317,eICU-CRD Demo 2.0.1,False,False,,,,,no_linked_ct,,False,eICU record carries no same-subject CT pixel data
case-000318,eICU-CRD Demo 2.0.1,False,False,,,,,no_linked_ct,,False,eICU record carries no same-subject CT pixel data
case-000319,eICU-CRD Demo 2.0.1,False,False,,,,,no_linked_ct,,False,eICU record carries no same-subject CT pixel data
case-000320,eICU-CRD Demo 2.0.1,False,False,,,,,no_linked_ct,,False,eICU record carries no same-subject CT pixel data
case-000321,eICU-CRD Demo 2.0.1,False,False,,,,,no_linked_ct,,False,eICU record carries no same-subject CT pixel data
case-000322,eICU-CRD Demo 2.0.1,False,False,,,,,no_linked_ct,,False,eICU record carries no same-subject CT pixel data
case-000323,eICU-CRD Demo 2.0.1,False,False,,,,,no_linked_ct,,False,eICU record carries no same-subject CT pixel data
case-000324,eICU-CRD Demo 2.0.1,False,False,,,,,no_linked_ct,,False,eICU record carries no same-subject CT pixel data
case-000325,eICU-CRD Demo 2.0.1,False,False,,,,,no_linked_ct,,False,eICU record carries no same-subject CT pixel data
case-000326,eICU-CRD Demo 2.0.1,False,False,,,,,no_linked_ct,,False,eICU record carries no same-subject CT pixel data
case-000327,eICU-CRD Demo 2.0.1,False,False,,,,,no_linked_ct,,False,eICU record carries no same-subject CT pixel data
case-000328,eICU-CRD Demo 2.0.1,False,False,,,,,no_linked_ct,,False,eICU record carries no same-subject CT pixel data
case-000329,eICU-CRD Demo 2.0.1,False,False,,,,,no_linked_ct,,False,eICU record carries no same-subject CT pixel data
case-000330,eICU-CRD Demo 2.0.1,False,False,,,,,no_linked_ct,,False,eICU record carries no same-subject CT pixel data
case-000331,eICU-CRD Demo 2.0.1,False,False,,,,,no_linked_ct,,False,eICU record carries no same-subject CT pixel data
case-000332,eICU-CRD Demo 2.0.1,False,False,,,,,no_linked_ct,,False,eICU record carries no same-subject CT pixel data
case-000333,eICU-CRD Demo 2.0.1,False,False,,,,,no_linked_ct,,False,eICU record carries no same-subject CT pixel data
case-000334,eICU-CRD Demo 2.0.1,False,False,,,,,no_linked_ct,,False,eICU record carries no same-subject CT pixel data
case-000335,eICU-CRD Demo 2.0.1,False,False,,,,,no_linked_ct,,False,eICU record carries no same-subject CT pixel data
case-000336,eICU-CRD Demo 2.0.1,False,False,,,,,no_linked_ct,,False,eICU record carries no same-subject CT pixel data
case-000337,eICU-CRD Demo 2.0.1,False,False,,,,,no_linked_ct,,False,eICU record carries no same-subject CT pixel data
case-000338,eICU-CRD Demo 2.0.1,False,False,,,,,no_linked_ct,,False,eICU record carries no same-subject CT pixel data
case-000339,eICU-CRD Demo 2.0.1,False,False,,,,,no_linked_ct,,False,eICU record carries no same-subject CT pixel data
case-000340,eICU-CRD Demo 2.0.1,False,False,,,,,no_linked_ct,,False,eICU record carries no same-subject CT pixel data
case-000341,eICU-CRD Demo 2.0.1,False,False,,,,,no_linked_ct,,False,eICU record carries no same-subject CT pixel data
case-000342,eICU-CRD Demo 2.0.1,False,False,,,,,no_linked_ct,,False,eICU record carries no same-subject CT pixel data
case-000343,eICU-CRD Demo 2.0.1,False,False,,,,,no_linked_ct,,False,eICU record carries no same-subject CT pixel data
case-000344,eICU-CRD Demo 2.0.1,False,False,,,,,no_linked_ct,,False,eICU record carries no same-subject CT pixel data
case-000345,eICU-CRD Demo 2.0.1,False,False,,,,,no_linked_ct,,False,eICU record carries no same-subject CT pixel data
case-000346,eICU-CRD Demo 2.0.1,False,False,,,,,no_linked_ct,,False,eICU record carries no same-subject CT pixel data
case-000347,eICU-CRD Demo 2.0.1,False,False,,,,,no_linked_ct,,False,eICU record carries no same-subject CT pixel data
case-000348,eICU-CRD Demo 2.0.1,False,False,,,,,no_linked_ct,,False,eICU record carries no same-subject CT pixel data
case-000349,eICU-CRD Demo 2.0.1,False,False,,,,,no_linked_ct,,False,eICU record carries no same-subject CT pixel data
case-000350,eICU-CRD Demo 2.0.1,False,False,,,,,no_linked_ct,,False,eICU record carries no same-subject CT pixel data
case-000351,eICU-CRD Demo 2.0.1,False,False,,,,,no_linked_ct,,False,eICU record carries no same-subject CT pixel data
case-000352,eICU-CRD Demo 2.0.1,False,False,,,,,no_linked_ct,,False,eICU record carries no same-subject CT pixel data
case-000353,eICU-CRD Demo 2.0.1,False,False,,,,,no_linked_ct,,False,eICU record carries no same-subject CT pixel data
case-000354,eICU-CRD Demo 2.0.1,False,False,,,,,no_linked_ct,,False,eICU record carries no same-subject CT pixel data
case-000355,eICU-CRD Demo 2.0.1,False,False,,,,,no_linked_ct,,False,eICU record carries no same-subject CT pixel data
case-000356,eICU-CRD Demo 2.0.1,False,False,,,,,no_linked_ct,,False,eICU record carries no same-subject CT pixel data
case-000357,eICU-CRD Demo 2.0.1,False,False,,,,,no_linked_ct,,False,eICU record carries no same-subject CT pixel data
case-000358,eICU-CRD Demo 2.0.1,False,False,,,,,no_linked_ct,,False,eICU record carries no same-subject CT pixel data
case-000359,eICU-CRD Demo 2.0.1,False,False,,,,,no_linked_ct,,False,eICU record carries no same-subject CT pixel data
case-000360,eICU-CRD Demo 2.0.1,False,False,,,,,no_linked_ct,,False,eICU record carries no same-subject CT pixel data
case-000361,eICU-CRD Demo 2.0.1,False,False,,,,,no_linked_ct,,False,eICU record carries no same-subject CT pixel data
case-000362,eICU-CRD Demo 2.0.1,False,False,,,,,no_linked_ct,,False,eICU record carries no same-subject CT pixel data
case-000363,eICU-CRD Demo 2.0.1,False,False,,,,,no_linked_ct,,False,eICU record carries no same-subject CT pixel data
case-000364,eICU-CRD Demo 2.0.1,False,False,,,,,no_linked_ct,,False,eICU record carries no same-subject CT pixel data
case-000365,eICU-CRD Demo 2.0.1,False,False,,,,,no_linked_ct,,False,eICU record carries no same-subject CT pixel data
case-000366,eICU-CRD Demo 2.0.1,False,False,,,,,no_linked_ct,,False,eICU record carries no same-subject CT pixel data
case-000367,eICU-CRD Demo 2.0.1,False,False,,,,,no_linked_ct,,False,eICU record carries no same-subject CT pixel data
case-000368,eICU-CRD Demo 2.0.1,False,False,,,,,no_linked_ct,,False,eICU record carries no same-subject CT pixel data
case-000369,eICU-CRD Demo 2.0.1,False,False,,,,,no_linked_ct,,False,eICU record carries no same-subject CT pixel data
case-000370,eICU-CRD Demo 2.0.1,False,False,,,,,no_linked_ct,,False,eICU record carries no same-subject CT pixel data
case-000371,eICU-CRD Demo 2.0.1,False,False,,,,,no_linked_ct,,False,eICU record carries no same-subject CT pixel data
case-000372,eICU-CRD Demo 2.0.1,False,False,,,,,no_linked_ct,,False,eICU record carries no same-subject CT pixel data
case-000373,eICU-CRD Demo 2.0.1,False,False,,,,,no_linked_ct,,False,eICU record carries no same-subject CT pixel data
case-000374,eICU-CRD Demo 2.0.1,False,False,,,,,no_linked_ct,,False,eICU record carries no same-subject CT pixel data
case-000375,eICU-CRD Demo 2.0.1,False,False,,,,,no_linked_ct,,False,eICU record carries no same-subject CT pixel data
case-000376,eICU-CRD Demo 2.0.1,False,False,,,,,no_linked_ct,,False,eICU record carries no same-subject CT pixel data
case-000377,eICU-CRD Demo 2.0.1,False,False,,,,,no_linked_ct,,False,eICU record carries no same-subject CT pixel data
case-000378,eICU-CRD Demo 2.0.1,False,False,,,,,no_linked_ct,,False,eICU record carries no same-subject CT pixel data
case-000379,eICU-CRD Demo 2.0.1,False,False,,,,,no_linked_ct,,False,eICU record carries no same-subject CT pixel data
case-000380,eICU-CRD Demo 2.0.1,False,False,,,,,no_linked_ct,,False,eICU record carries no same-subject CT pixel data
case-000381,eICU-CRD Demo 2.0.1,False,False,,,,,no_linked_ct,,False,eICU record carries no same-subject CT pixel data
case-000382,eICU-CRD Demo 2.0.1,False,False,,,,,no_linked_ct,,False,eICU record carries no same-subject CT pixel data
case-000383,eICU-CRD Demo 2.0.1,False,False,,,,,no_linked_ct,,False,eICU record carries no same-subject CT pixel data
case-000384,eICU-CRD Demo 2.0.1,False,False,,,,,no_linked_ct,,False,eICU record carries no same-subject CT pixel data
case-000385,eICU-CRD Demo 2.0.1,False,False,,,,,no_linked_ct,,False,eICU record carries no same-subject CT pixel data
case-000386,eICU-CRD Demo 2.0.1,False,False,,,,,no_linked_ct,,False,eICU record carries no same-subject CT pixel data
case-000387,eICU-CRD Demo 2.0.1,False,False,,,,,no_linked_ct,,False,eICU record carries no same-subject CT pixel data
case-000388,eICU-CRD Demo 2.0.1,False,False,,,,,no_linked_ct,,False,eICU record carries no same-subject CT pixel data
case-000389,eICU-CRD Demo 2.0.1,False,False,,,,,no_linked_ct,,False,eICU record carries no same-subject CT pixel data
case-000390,eICU-CRD Demo 2.0.1,False,False,,,,,no_linked_ct,,False,eICU record carries no same-subject CT pixel data
case-000391,eICU-CRD Demo 2.0.1,False,False,,,,,no_linked_ct,,False,eICU record carries no same-subject CT pixel data
case-000392,eICU-CRD Demo 2.0.1,False,False,,,,,no_linked_ct,,False,eICU record carries no same-subject CT pixel data
case-000393,eICU-CRD Demo 2.0.1,False,False,,,,,no_linked_ct,,False,eICU record carries no same-subject CT pixel data
case-000394,eICU-CRD Demo 2.0.1,False,False,,,,,no_linked_ct,,False,eICU record carries no same-subject CT pixel data
case-000395,eICU-CRD Demo 2.0.1,False,False,,,,,no_linked_ct,,False,eICU record carries no same-subject CT pixel data
case-000396,eICU-CRD Demo 2.0.1,False,False,,,,,no_linked_ct,,False,eICU record carries no same-subject CT pixel data
case-000397,eICU-CRD Demo 2.0.1,False,False,,,,,no_linked_ct,,False,eICU record carries no same-subject CT pixel data
case-000398,eICU-CRD Demo 2.0.1,False,False,,,,,no_linked_ct,,False,eICU record carries no same-subject CT pixel data
case-000399,eICU-CRD Demo 2.0.1,False,False,,,,,no_linked_ct,,False,eICU record carries no same-subject CT pixel data
case-000400,eICU-CRD Demo 2.0.1,False,False,,,,,no_linked_ct,,False,eICU record carries no same-subject CT pixel data
case-000401,eICU-CRD Demo 2.0.1,False,False,,,,,no_linked_ct,,False,eICU record carries no same-subject CT pixel data
case-000402,eICU-CRD Demo 2.0.1,False,False,,,,,no_linked_ct,,False,eICU record carries no same-subject CT pixel data
case-000403,eICU-CRD Demo 2.0.1,False,False,,,,,no_linked_ct,,False,eICU record carries no same-subject CT pixel data
case-000404,eICU-CRD Demo 2.0.1,False,False,,,,,no_linked_ct,,False,eICU record carries no same-subject CT pixel data
case-000405,eICU-CRD Demo 2.0.1,False,False,,,,,no_linked_ct,,False,eICU record carries no same-subject CT pixel data
case-000406,eICU-CRD Demo 2.0.1,False,False,,,,,no_linked_ct,,False,eICU record carries no same-subject CT pixel data
case-000407,eICU-CRD Demo 2.0.1,False,False,,,,,no_linked_ct,,False,eICU record carries no same-subject CT pixel data
case-000408,eICU-CRD Demo 2.0.1,False,False,,,,,no_linked_ct,,False,eICU record carries no same-subject CT pixel data
case-000409,eICU-CRD Demo 2.0.1,False,False,,,,,no_linked_ct,,False,eICU record carries no same-subject CT pixel data
case-000410,eICU-CRD Demo 2.0.1,False,False,,,,,no_linked_ct,,False,eICU record carries no same-subject CT pixel data
case-000411,eICU-CRD Demo 2.0.1,False,False,,,,,no_linked_ct,,False,eICU record carries no same-subject CT pixel data
case-000412,eICU-CRD Demo 2.0.1,False,False,,,,,no_linked_ct,,False,eICU record carries no same-subject CT pixel data
case-000413,eICU-CRD Demo 2.0.1,False,False,,,,,no_linked_ct,,False,eICU record carries no same-subject CT pixel data
case-000414,eICU-CRD Demo 2.0.1,False,False,,,,,no_linked_ct,,False,eICU record carries no same-subject CT pixel data
case-000415,eICU-CRD Demo 2.0.1,False,False,,,,,no_linked_ct,,False,eICU record carries no same-subject CT pixel data
case-000416,eICU-CRD Demo 2.0.1,False,False,,,,,no_linked_ct,,False,eICU record carries no same-subject CT pixel data
case-000417,eICU-CRD Demo 2.0.1,False,False,,,,,no_linked_ct,,False,eICU record carries no same-subject CT pixel data
case-000418,eICU-CRD Demo 2.0.1,False,False,,,,,no_linked_ct,,False,eICU record carries no same-subject CT pixel data
case-000419,eICU-CRD Demo 2.0.1,False,False,,,,,no_linked_ct,,False,eICU record carries no same-subject CT pixel data
case-000420,eICU-CRD Demo 2.0.1,False,False,,,,,no_linked_ct,,False,eICU record carries no same-subject CT pixel data
case-000421,eICU-CRD Demo 2.0.1,False,False,,,,,no_linked_ct,,False,eICU record carries no same-subject CT pixel data
case-000422,eICU-CRD Demo 2.0.1,False,False,,,,,no_linked_ct,,False,eICU record carries no same-subject CT pixel data
case-000423,eICU-CRD Demo 2.0.1,False,False,,,,,no_linked_ct,,False,eICU record carries no same-subject CT pixel data
case-000424,eICU-CRD Demo 2.0.1,False,False,,,,,no_linked_ct,,False,eICU record carries no same-subject CT pixel data
case-000425,eICU-CRD Demo 2.0.1,False,False,,,,,no_linked_ct,,False,eICU record carries no same-subject CT pixel data
case-000426,eICU-CRD Demo 2.0.1,False,False,,,,,no_linked_ct,,False,eICU record carries no same-subject CT pixel data
case-000427,eICU-CRD Demo 2.0.1,False,False,,,,,no_linked_ct,,False,eICU record carries no same-subject CT pixel data
case-000428,eICU-CRD Demo 2.0.1,False,False,,,,,no_linked_ct,,False,eICU record carries no same-subject CT pixel data
case-000429,eICU-CRD Demo 2.0.1,False,False,,,,,no_linked_ct,,False,eICU record carries no same-subject CT pixel data
case-000430,eICU-CRD Demo 2.0.1,False,False,,,,,no_linked_ct,,False,eICU record carries no same-subject CT pixel data
case-000431,eICU-CRD Demo 2.0.1,False,False,,,,,no_linked_ct,,False,eICU record carries no same-subject CT pixel data
case-000432,eICU-CRD Demo 2.0.1,False,False,,,,,no_linked_ct,,False,eICU record carries no same-subject CT pixel data
case-000433,eICU-CRD Demo 2.0.1,False,False,,,,,no_linked_ct,,False,eICU record carries no same-subject CT pixel data
case-000434,eICU-CRD Demo 2.0.1,False,False,,,,,no_linked_ct,,False,eICU record carries no same-subject CT pixel data
case-000435,eICU-CRD Demo 2.0.1,False,False,,,,,no_linked_ct,,False,eICU record carries no same-subject CT pixel data
case-000436,eICU-CRD Demo 2.0.1,False,False,,,,,no_linked_ct,,False,eICU record carries no same-subject CT pixel data
case-000437,eICU-CRD Demo 2.0.1,False,False,,,,,no_linked_ct,,False,eICU record carries no same-subject CT pixel data
case-000438,eICU-CRD Demo 2.0.1,False,False,,,,,no_linked_ct,,False,eICU record carries no same-subject CT pixel data
case-000439,eICU-CRD Demo 2.0.1,False,False,,,,,no_linked_ct,,False,eICU record carries no same-subject CT pixel data
case-000440,eICU-CRD Demo 2.0.1,False,False,,,,,no_linked_ct,,False,eICU record carries no same-subject CT pixel data
case-000441,eICU-CRD Demo 2.0.1,False,False,,,,,no_linked_ct,,False,eICU record carries no same-subject CT pixel data
case-000442,eICU-CRD Demo 2.0.1,False,False,,,,,no_linked_ct,,False,eICU record carries no same-subject CT pixel data
case-000443,eICU-CRD Demo 2.0.1,False,False,,,,,no_linked_ct,,False,eICU record carries no same-subject CT pixel data
case-000444,eICU-CRD Demo 2.0.1,False,False,,,,,no_linked_ct,,False,eICU record carries no same-subject CT pixel data
case-000445,eICU-CRD Demo 2.0.1,False,False,,,,,no_linked_ct,,False,eICU record carries no same-subject CT pixel data
case-000446,eICU-CRD Demo 2.0.1,False,False,,,,,no_linked_ct,,False,eICU record carries no same-subject CT pixel data
case-000447,eICU-CRD Demo 2.0.1,False,False,,,,,no_linked_ct,,False,eICU record carries no same-subject CT pixel data
case-000448,eICU-CRD Demo 2.0.1,False,False,,,,,no_linked_ct,,False,eICU record carries no same-subject CT pixel data
case-000449,eICU-CRD Demo 2.0.1,False,False,,,,,no_linked_ct,,False,eICU record carries no same-subject CT pixel data
case-000450,eICU-CRD Demo 2.0.1,False,False,,,,,no_linked_ct,,False,eICU record carries no same-subject CT pixel data
case-000451,eICU-CRD Demo 2.0.1,False,False,,,,,no_linked_ct,,False,eICU record carries no same-subject CT pixel data
case-000452,eICU-CRD Demo 2.0.1,False,False,,,,,no_linked_ct,,False,eICU record carries no same-subject CT pixel data
case-000453,eICU-CRD Demo 2.0.1,False,False,,,,,no_linked_ct,,False,eICU record carries no same-subject CT pixel data
case-000454,eICU-CRD Demo 2.0.1,False,False,,,,,no_linked_ct,,False,eICU record carries no same-subject CT pixel data
case-000455,eICU-CRD Demo 2.0.1,False,False,,,,,no_linked_ct,,False,eICU record carries no same-subject CT pixel data
case-000456,eICU-CRD Demo 2.0.1,False,False,,,,,no_linked_ct,,False,eICU record carries no same-subject CT pixel data
case-000457,eICU-CRD Demo 2.0.1,False,False,,,,,no_linked_ct,,False,eICU record carries no same-subject CT pixel data
case-000458,eICU-CRD Demo 2.0.1,False,False,,,,,no_linked_ct,,False,eICU record carries no same-subject CT pixel data
case-000459,eICU-CRD Demo 2.0.1,False,False,,,,,no_linked_ct,,False,eICU record carries no same-subject CT pixel data
case-000460,eICU-CRD Demo 2.0.1,False,False,,,,,no_linked_ct,,False,eICU record carries no same-subject CT pixel data
case-000461,eICU-CRD Demo 2.0.1,False,False,,,,,no_linked_ct,,False,eICU record carries no same-subject CT pixel data
case-000462,eICU-CRD Demo 2.0.1,False,False,,,,,no_linked_ct,,False,eICU record carries no same-subject CT pixel data
case-000463,eICU-CRD Demo 2.0.1,False,False,,,,,no_linked_ct,,False,eICU record carries no same-subject CT pixel data
case-000464,eICU-CRD Demo 2.0.1,False,False,,,,,no_linked_ct,,False,eICU record carries no same-subject CT pixel data
case-000465,eICU-CRD Demo 2.0.1,False,False,,,,,no_linked_ct,,False,eICU record carries no same-subject CT pixel data
case-000466,eICU-CRD Demo 2.0.1,False,False,,,,,no_linked_ct,,False,eICU record carries no same-subject CT pixel data
case-000467,eICU-CRD Demo 2.0.1,False,False,,,,,no_linked_ct,,False,eICU record carries no same-subject CT pixel data
case-000468,eICU-CRD Demo 2.0.1,False,False,,,,,no_linked_ct,,False,eICU record carries no same-subject CT pixel data
case-000469,eICU-CRD Demo 2.0.1,False,False,,,,,no_linked_ct,,False,eICU record carries no same-subject CT pixel data
case-000470,eICU-CRD Demo 2.0.1,False,False,,,,,no_linked_ct,,False,eICU record carries no same-subject CT pixel data
case-000471,eICU-CRD Demo 2.0.1,False,False,,,,,no_linked_ct,,False,eICU record carries no same-subject CT pixel data
case-000472,eICU-CRD Demo 2.0.1,False,False,,,,,no_linked_ct,,False,eICU record carries no same-subject CT pixel data
case-000473,eICU-CRD Demo 2.0.1,False,False,,,,,no_linked_ct,,False,eICU record carries no same-subject CT pixel data
case-000474,eICU-CRD Demo 2.0.1,False,False,,,,,no_linked_ct,,False,eICU record carries no same-subject CT pixel data
case-000475,eICU-CRD Demo 2.0.1,False,False,,,,,no_linked_ct,,False,eICU record carries no same-subject CT pixel data
case-000476,eICU-CRD Demo 2.0.1,False,False,,,,,no_linked_ct,,False,eICU record carries no same-subject CT pixel data
case-000477,eICU-CRD Demo 2.0.1,False,False,,,,,no_linked_ct,,False,eICU record carries no same-subject CT pixel data
case-000478,eICU-CRD Demo 2.0.1,False,False,,,,,no_linked_ct,,False,eICU record carries no same-subject CT pixel data
case-000479,eICU-CRD Demo 2.0.1,False,False,,,,,no_linked_ct,,False,eICU record carries no same-subject CT pixel data
case-000480,eICU-CRD Demo 2.0.1,False,False,,,,,no_linked_ct,,False,eICU record carries no same-subject CT pixel data
case-000481,eICU-CRD Demo 2.0.1,False,False,,,,,no_linked_ct,,False,eICU record carries no same-subject CT pixel data
case-000482,eICU-CRD Demo 2.0.1,False,False,,,,,no_linked_ct,,False,eICU record carries no same-subject CT pixel data
case-000483,eICU-CRD Demo 2.0.1,False,False,,,,,no_linked_ct,,False,eICU record carries no same-subject CT pixel data
case-000484,eICU-CRD Demo 2.0.1,False,False,,,,,no_linked_ct,,False,eICU record carries no same-subject CT pixel data
case-000485,eICU-CRD Demo 2.0.1,False,False,,,,,no_linked_ct,,False,eICU record carries no same-subject CT pixel data
case-000486,eICU-CRD Demo 2.0.1,False,False,,,,,no_linked_ct,,False,eICU record carries no same-subject CT pixel data
case-000487,eICU-CRD Demo 2.0.1,False,False,,,,,no_linked_ct,,False,eICU record carries no same-subject CT pixel data
case-000488,eICU-CRD Demo 2.0.1,False,False,,,,,no_linked_ct,,False,eICU record carries no same-subject CT pixel data
case-000489,eICU-CRD Demo 2.0.1,False,False,,,,,no_linked_ct,,False,eICU record carries no same-subject CT pixel data
case-000490,eICU-CRD Demo 2.0.1,False,False,,,,,no_linked_ct,,False,eICU record carries no same-subject CT pixel data
case-000491,eICU-CRD Demo 2.0.1,False,False,,,,,no_linked_ct,,False,eICU record carries no same-subject CT pixel data
case-000492,eICU-CRD Demo 2.0.1,False,False,,,,,no_linked_ct,,False,eICU record carries no same-subject CT pixel data
case-000493,eICU-CRD Demo 2.0.1,False,False,,,,,no_linked_ct,,False,eICU record carries no same-subject CT pixel data
case-000494,eICU-CRD Demo 2.0.1,False,False,,,,,no_linked_ct,,False,eICU record carries no same-subject CT pixel data
case-000495,eICU-CRD Demo 2.0.1,False,False,,,,,no_linked_ct,,False,eICU record carries no same-subject CT pixel data
case-000496,eICU-CRD Demo 2.0.1,False,False,,,,,no_linked_ct,,False,eICU record carries no same-subject CT pixel data
case-000497,eICU-CRD Demo 2.0.1,False,False,,,,,no_linked_ct,,False,eICU record carries no same-subject CT pixel data
case-000498,eICU-CRD Demo 2.0.1,False,False,,,,,no_linked_ct,,False,eICU record carries no same-subject CT pixel data
case-000499,eICU-CRD Demo 2.0.1,False,False,,,,,no_linked_ct,,False,eICU record carries no same-subject CT pixel data
case-000500,eICU-CRD Demo 2.0.1,False,False,,,,,no_linked_ct,,False,eICU record carries no same-subject CT pixel data
case-000501,eICU-CRD Demo 2.0.1,False,False,,,,,no_linked_ct,,False,eICU record carries no same-subject CT pixel data
case-000502,eICU-CRD Demo 2.0.1,False,False,,,,,no_linked_ct,,False,eICU record carries no same-subject CT pixel data
case-000503,eICU-CRD Demo 2.0.1,False,False,,,,,no_linked_ct,,False,eICU record carries no same-subject CT pixel data
case-000504,eICU-CRD Demo 2.0.1,False,False,,,,,no_linked_ct,,False,eICU record carries no same-subject CT pixel data
case-000505,eICU-CRD Demo 2.0.1,False,False,,,,,no_linked_ct,,False,eICU record carries no same-subject CT pixel data
case-000506,eICU-CRD Demo 2.0.1,False,False,,,,,no_linked_ct,,False,eICU record carries no same-subject CT pixel data
case-000507,eICU-CRD Demo 2.0.1,False,False,,,,,no_linked_ct,,False,eICU record carries no same-subject CT pixel data
case-000508,eICU-CRD Demo 2.0.1,False,False,,,,,no_linked_ct,,False,eICU record carries no same-subject CT pixel data
case-000509,eICU-CRD Demo 2.0.1,False,False,,,,,no_linked_ct,,False,eICU record carries no same-subject CT pixel data
case-000510,eICU-CRD Demo 2.0.1,False,False,,,,,no_linked_ct,,False,eICU record carries no same-subject CT pixel data
case-000511,eICU-CRD Demo 2.0.1,False,False,,,,,no_linked_ct,,False,eICU record carries no same-subject CT pixel data
case-000512,eICU-CRD Demo 2.0.1,False,False,,,,,no_linked_ct,,False,eICU record carries no same-subject CT pixel data
case-000513,eICU-CRD Demo 2.0.1,False,False,,,,,no_linked_ct,,False,eICU record carries no same-subject CT pixel data
case-000514,eICU-CRD Demo 2.0.1,False,False,,,,,no_linked_ct,,False,eICU record carries no same-subject CT pixel data
case-000515,eICU-CRD Demo 2.0.1,False,False,,,,,no_linked_ct,,False,eICU record carries no same-subject CT pixel data
case-000516,eICU-CRD Demo 2.0.1,False,False,,,,,no_linked_ct,,False,eICU record carries no same-subject CT pixel data
case-000517,eICU-CRD Demo 2.0.1,False,False,,,,,no_linked_ct,,False,eICU record carries no same-subject CT pixel data
case-000518,eICU-CRD Demo 2.0.1,False,False,,,,,no_linked_ct,,False,eICU record carries no same-subject CT pixel data
case-000519,eICU-CRD Demo 2.0.1,False,False,,,,,no_linked_ct,,False,eICU record carries no same-subject CT pixel data
case-000520,eICU-CRD Demo 2.0.1,False,False,,,,,no_linked_ct,,False,eICU record carries no same-subject CT pixel data
case-000521,eICU-CRD Demo 2.0.1,False,False,,,,,no_linked_ct,,False,eICU record carries no same-subject CT pixel data
case-000522,eICU-CRD Demo 2.0.1,False,False,,,,,no_linked_ct,,False,eICU record carries no same-subject CT pixel data
case-000523,eICU-CRD Demo 2.0.1,False,False,,,,,no_linked_ct,,False,eICU record carries no same-subject CT pixel data
case-000524,eICU-CRD Demo 2.0.1,False,False,,,,,no_linked_ct,,False,eICU record carries no same-subject CT pixel data
case-000525,eICU-CRD Demo 2.0.1,False,False,,,,,no_linked_ct,,False,eICU record carries no same-subject CT pixel data
case-000526,eICU-CRD Demo 2.0.1,False,False,,,,,no_linked_ct,,False,eICU record carries no same-subject CT pixel data
case-000527,eICU-CRD Demo 2.0.1,False,False,,,,,no_linked_ct,,False,eICU record carries no same-subject CT pixel data
case-000528,eICU-CRD Demo 2.0.1,False,False,,,,,no_linked_ct,,False,eICU record carries no same-subject CT pixel data
case-000529,eICU-CRD Demo 2.0.1,False,False,,,,,no_linked_ct,,False,eICU record carries no same-subject CT pixel data
case-000530,eICU-CRD Demo 2.0.1,False,False,,,,,no_linked_ct,,False,eICU record carries no same-subject CT pixel data
case-000531,eICU-CRD Demo 2.0.1,False,False,,,,,no_linked_ct,,False,eICU record carries no same-subject CT pixel data
case-000532,eICU-CRD Demo 2.0.1,False,False,,,,,no_linked_ct,,False,eICU record carries no same-subject CT pixel data
case-000533,eICU-CRD Demo 2.0.1,False,False,,,,,no_linked_ct,,False,eICU record carries no same-subject CT pixel data
case-000534,eICU-CRD Demo 2.0.1,False,False,,,,,no_linked_ct,,False,eICU record carries no same-subject CT pixel data
case-000535,eICU-CRD Demo 2.0.1,False,False,,,,,no_linked_ct,,False,eICU record carries no same-subject CT pixel data
case-000536,eICU-CRD Demo 2.0.1,False,False,,,,,no_linked_ct,,False,eICU record carries no same-subject CT pixel data
case-000537,eICU-CRD Demo 2.0.1,False,False,,,,,no_linked_ct,,False,eICU record carries no same-subject CT pixel data
case-000538,eICU-CRD Demo 2.0.1,False,False,,,,,no_linked_ct,,False,eICU record carries no same-subject CT pixel data
case-000539,eICU-CRD Demo 2.0.1,False,False,,,,,no_linked_ct,,False,eICU record carries no same-subject CT pixel data
case-000540,eICU-CRD Demo 2.0.1,False,False,,,,,no_linked_ct,,False,eICU record carries no same-subject CT pixel data
case-000541,eICU-CRD Demo 2.0.1,False,False,,,,,no_linked_ct,,False,eICU record carries no same-subject CT pixel data
case-000542,eICU-CRD Demo 2.0.1,False,False,,,,,no_linked_ct,,False,eICU record carries no same-subject CT pixel data
case-000543,eICU-CRD Demo 2.0.1,False,False,,,,,no_linked_ct,,False,eICU record carries no same-subject CT pixel data
case-000544,eICU-CRD Demo 2.0.1,False,False,,,,,no_linked_ct,,False,eICU record carries no same-subject CT pixel data
case-000545,eICU-CRD Demo 2.0.1,False,False,,,,,no_linked_ct,,False,eICU record carries no same-subject CT pixel data
case-000546,eICU-CRD Demo 2.0.1,False,False,,,,,no_linked_ct,,False,eICU record carries no same-subject CT pixel data
case-000547,eICU-CRD Demo 2.0.1,False,False,,,,,no_linked_ct,,False,eICU record carries no same-subject CT pixel data
case-000548,eICU-CRD Demo 2.0.1,False,False,,,,,no_linked_ct,,False,eICU record carries no same-subject CT pixel data
case-000549,eICU-CRD Demo 2.0.1,False,False,,,,,no_linked_ct,,False,eICU record carries no same-subject CT pixel data
case-000550,eICU-CRD Demo 2.0.1,False,False,,,,,no_linked_ct,,False,eICU record carries no same-subject CT pixel data
case-000551,eICU-CRD Demo 2.0.1,False,False,,,,,no_linked_ct,,False,eICU record carries no same-subject CT pixel data
case-000552,eICU-CRD Demo 2.0.1,False,False,,,,,no_linked_ct,,False,eICU record carries no same-subject CT pixel data
case-000553,eICU-CRD Demo 2.0.1,False,False,,,,,no_linked_ct,,False,eICU record carries no same-subject CT pixel data
case-000554,eICU-CRD Demo 2.0.1,False,False,,,,,no_linked_ct,,False,eICU record carries no same-subject CT pixel data
case-000555,eICU-CRD Demo 2.0.1,False,False,,,,,no_linked_ct,,False,eICU record carries no same-subject CT pixel data
case-000556,eICU-CRD Demo 2.0.1,False,False,,,,,no_linked_ct,,False,eICU record carries no same-subject CT pixel data
case-000557,eICU-CRD Demo 2.0.1,False,False,,,,,no_linked_ct,,False,eICU record carries no same-subject CT pixel data
case-000558,eICU-CRD Demo 2.0.1,False,False,,,,,no_linked_ct,,False,eICU record carries no same-subject CT pixel data
case-000559,eICU-CRD Demo 2.0.1,False,False,,,,,no_linked_ct,,False,eICU record carries no same-subject CT pixel data
case-000560,eICU-CRD Demo 2.0.1,False,False,,,,,no_linked_ct,,False,eICU record carries no same-subject CT pixel data
case-000561,eICU-CRD Demo 2.0.1,False,False,,,,,no_linked_ct,,False,eICU record carries no same-subject CT pixel data
case-000562,eICU-CRD Demo 2.0.1,False,False,,,,,no_linked_ct,,False,eICU record carries no same-subject CT pixel data
case-000563,eICU-CRD Demo 2.0.1,False,False,,,,,no_linked_ct,,False,eICU record carries no same-subject CT pixel data
case-000564,eICU-CRD Demo 2.0.1,False,False,,,,,no_linked_ct,,False,eICU record carries no same-subject CT pixel data
case-000565,eICU-CRD Demo 2.0.1,False,False,,,,,no_linked_ct,,False,eICU record carries no same-subject CT pixel data
case-000566,eICU-CRD Demo 2.0.1,False,False,,,,,no_linked_ct,,False,eICU record carries no same-subject CT pixel data
case-000567,eICU-CRD Demo 2.0.1,False,False,,,,,no_linked_ct,,False,eICU record carries no same-subject CT pixel data
case-000568,eICU-CRD Demo 2.0.1,False,False,,,,,no_linked_ct,,False,eICU record carries no same-subject CT pixel data
case-000569,eICU-CRD Demo 2.0.1,False,False,,,,,no_linked_ct,,False,eICU record carries no same-subject CT pixel data
case-000570,eICU-CRD Demo 2.0.1,False,False,,,,,no_linked_ct,,False,eICU record carries no same-subject CT pixel data
case-000571,eICU-CRD Demo 2.0.1,False,False,,,,,no_linked_ct,,False,eICU record carries no same-subject CT pixel data
case-000572,eICU-CRD Demo 2.0.1,False,False,,,,,no_linked_ct,,False,eICU record carries no same-subject CT pixel data
case-000573,eICU-CRD Demo 2.0.1,False,False,,,,,no_linked_ct,,False,eICU record carries no same-subject CT pixel data
case-000574,eICU-CRD Demo 2.0.1,False,False,,,,,no_linked_ct,,False,eICU record carries no same-subject CT pixel data
case-000575,eICU-CRD Demo 2.0.1,False,False,,,,,no_linked_ct,,False,eICU record carries no same-subject CT pixel data
case-000576,eICU-CRD Demo 2.0.1,False,False,,,,,no_linked_ct,,False,eICU record carries no same-subject CT pixel data
case-000577,eICU-CRD Demo 2.0.1,False,False,,,,,no_linked_ct,,False,eICU record carries no same-subject CT pixel data
case-000578,eICU-CRD Demo 2.0.1,False,False,,,,,no_linked_ct,,False,eICU record carries no same-subject CT pixel data
case-000579,eICU-CRD Demo 2.0.1,False,False,,,,,no_linked_ct,,False,eICU record carries no same-subject CT pixel data
case-000580,eICU-CRD Demo 2.0.1,False,False,,,,,no_linked_ct,,False,eICU record carries no same-subject CT pixel data
case-000581,eICU-CRD Demo 2.0.1,False,False,,,,,no_linked_ct,,False,eICU record carries no same-subject CT pixel data
case-000582,eICU-CRD Demo 2.0.1,False,False,,,,,no_linked_ct,,False,eICU record carries no same-subject CT pixel data
case-000583,eICU-CRD Demo 2.0.1,False,False,,,,,no_linked_ct,,False,eICU record carries no same-subject CT pixel data
case-000584,eICU-CRD Demo 2.0.1,False,False,,,,,no_linked_ct,,False,eICU record carries no same-subject CT pixel data
case-000585,eICU-CRD Demo 2.0.1,False,False,,,,,no_linked_ct,,False,eICU record carries no same-subject CT pixel data
case-000586,eICU-CRD Demo 2.0.1,False,False,,,,,no_linked_ct,,False,eICU record carries no same-subject CT pixel data
case-000587,eICU-CRD Demo 2.0.1,False,False,,,,,no_linked_ct,,False,eICU record carries no same-subject CT pixel data
case-000588,eICU-CRD Demo 2.0.1,False,False,,,,,no_linked_ct,,False,eICU record carries no same-subject CT pixel data
case-000589,eICU-CRD Demo 2.0.1,False,False,,,,,no_linked_ct,,False,eICU record carries no same-subject CT pixel data
case-000590,eICU-CRD Demo 2.0.1,False,False,,,,,no_linked_ct,,False,eICU record carries no same-subject CT pixel data
case-000591,eICU-CRD Demo 2.0.1,False,False,,,,,no_linked_ct,,False,eICU record carries no same-subject CT pixel data
case-000592,eICU-CRD Demo 2.0.1,False,False,,,,,no_linked_ct,,False,eICU record carries no same-subject CT pixel data
case-000593,eICU-CRD Demo 2.0.1,False,False,,,,,no_linked_ct,,False,eICU record carries no same-subject CT pixel data
case-000594,eICU-CRD Demo 2.0.1,False,False,,,,,no_linked_ct,,False,eICU record carries no same-subject CT pixel data
case-000595,eICU-CRD Demo 2.0.1,False,False,,,,,no_linked_ct,,False,eICU record carries no same-subject CT pixel data
case-000596,eICU-CRD Demo 2.0.1,False,False,,,,,no_linked_ct,,False,eICU record carries no same-subject CT pixel data
case-000597,eICU-CRD Demo 2.0.1,False,False,,,,,no_linked_ct,,False,eICU record carries no same-subject CT pixel data
case-000598,eICU-CRD Demo 2.0.1,False,False,,,,,no_linked_ct,,False,eICU record carries no same-subject CT pixel data
case-000599,eICU-CRD Demo 2.0.1,False,False,,,,,no_linked_ct,,False,eICU record carries no same-subject CT pixel data
case-000600,eICU-CRD Demo 2.0.1,False,False,,,,,no_linked_ct,,False,eICU record carries no same-subject CT pixel data
case-000601,eICU-CRD Demo 2.0.1,False,False,,,,,no_linked_ct,,False,eICU record carries no same-subject CT pixel data
case-000602,eICU-CRD Demo 2.0.1,False,False,,,,,no_linked_ct,,False,eICU record carries no same-subject CT pixel data
case-000603,eICU-CRD Demo 2.0.1,False,False,,,,,no_linked_ct,,False,eICU record carries no same-subject CT pixel data
case-000604,eICU-CRD Demo 2.0.1,False,False,,,,,no_linked_ct,,False,eICU record carries no same-subject CT pixel data
case-000605,eICU-CRD Demo 2.0.1,False,False,,,,,no_linked_ct,,False,eICU record carries no same-subject CT pixel data
case-000606,eICU-CRD Demo 2.0.1,False,False,,,,,no_linked_ct,,False,eICU record carries no same-subject CT pixel data
case-000607,eICU-CRD Demo 2.0.1,False,False,,,,,no_linked_ct,,False,eICU record carries no same-subject CT pixel data
case-000608,eICU-CRD Demo 2.0.1,False,False,,,,,no_linked_ct,,False,eICU record carries no same-subject CT pixel data
case-000609,eICU-CRD Demo 2.0.1,False,False,,,,,no_linked_ct,,False,eICU record carries no same-subject CT pixel data
case-000610,eICU-CRD Demo 2.0.1,False,False,,,,,no_linked_ct,,False,eICU record carries no same-subject CT pixel data
case-000611,eICU-CRD Demo 2.0.1,False,False,,,,,no_linked_ct,,False,eICU record carries no same-subject CT pixel data
case-000612,eICU-CRD Demo 2.0.1,False,False,,,,,no_linked_ct,,False,eICU record carries no same-subject CT pixel data
case-000613,eICU-CRD Demo 2.0.1,False,False,,,,,no_linked_ct,,False,eICU record carries no same-subject CT pixel data
case-000614,eICU-CRD Demo 2.0.1,False,False,,,,,no_linked_ct,,False,eICU record carries no same-subject CT pixel data
case-000615,eICU-CRD Demo 2.0.1,False,False,,,,,no_linked_ct,,False,eICU record carries no same-subject CT pixel data
case-000616,eICU-CRD Demo 2.0.1,False,False,,,,,no_linked_ct,,False,eICU record carries no same-subject CT pixel data
case-000617,eICU-CRD Demo 2.0.1,False,False,,,,,no_linked_ct,,False,eICU record carries no same-subject CT pixel data
case-000618,eICU-CRD Demo 2.0.1,False,False,,,,,no_linked_ct,,False,eICU record carries no same-subject CT pixel data
case-000619,eICU-CRD Demo 2.0.1,False,False,,,,,no_linked_ct,,False,eICU record carries no same-subject CT pixel data
case-000620,eICU-CRD Demo 2.0.1,False,False,,,,,no_linked_ct,,False,eICU record carries no same-subject CT pixel data
case-000621,eICU-CRD Demo 2.0.1,False,False,,,,,no_linked_ct,,False,eICU record carries no same-subject CT pixel data
case-000622,eICU-CRD Demo 2.0.1,False,False,,,,,no_linked_ct,,False,eICU record carries no same-subject CT pixel data
case-000623,eICU-CRD Demo 2.0.1,False,False,,,,,no_linked_ct,,False,eICU record carries no same-subject CT pixel data
case-000624,eICU-CRD Demo 2.0.1,False,False,,,,,no_linked_ct,,False,eICU record carries no same-subject CT pixel data
case-000625,eICU-CRD Demo 2.0.1,False,False,,,,,no_linked_ct,,False,eICU record carries no same-subject CT pixel data
case-000626,eICU-CRD Demo 2.0.1,False,False,,,,,no_linked_ct,,False,eICU record carries no same-subject CT pixel data
case-000627,eICU-CRD Demo 2.0.1,False,False,,,,,no_linked_ct,,False,eICU record carries no same-subject CT pixel data
case-000628,eICU-CRD Demo 2.0.1,False,False,,,,,no_linked_ct,,False,eICU record carries no same-subject CT pixel data
case-000629,eICU-CRD Demo 2.0.1,False,False,,,,,no_linked_ct,,False,eICU record carries no same-subject CT pixel data
case-000630,eICU-CRD Demo 2.0.1,False,False,,,,,no_linked_ct,,False,eICU record carries no same-subject CT pixel data
case-000631,eICU-CRD Demo 2.0.1,False,False,,,,,no_linked_ct,,False,eICU record carries no same-subject CT pixel data
case-000632,eICU-CRD Demo 2.0.1,False,False,,,,,no_linked_ct,,False,eICU record carries no same-subject CT pixel data
case-000633,eICU-CRD Demo 2.0.1,False,False,,,,,no_linked_ct,,False,eICU record carries no same-subject CT pixel data
case-000634,eICU-CRD Demo 2.0.1,False,False,,,,,no_linked_ct,,False,eICU record carries no same-subject CT pixel data
case-000635,eICU-CRD Demo 2.0.1,False,False,,,,,no_linked_ct,,False,eICU record carries no same-subject CT pixel data
case-000636,eICU-CRD Demo 2.0.1,False,False,,,,,no_linked_ct,,False,eICU record carries no same-subject CT pixel data
case-000637,eICU-CRD Demo 2.0.1,False,False,,,,,no_linked_ct,,False,eICU record carries no same-subject CT pixel data
case-000638,eICU-CRD Demo 2.0.1,False,False,,,,,no_linked_ct,,False,eICU record carries no same-subject CT pixel data
case-000639,eICU-CRD Demo 2.0.1,False,False,,,,,no_linked_ct,,False,eICU record carries no same-subject CT pixel data
case-000640,eICU-CRD Demo 2.0.1,False,False,,,,,no_linked_ct,,False,eICU record carries no same-subject CT pixel data
case-000641,eICU-CRD Demo 2.0.1,False,False,,,,,no_linked_ct,,False,eICU record carries no same-subject CT pixel data
case-000642,eICU-CRD Demo 2.0.1,False,False,,,,,no_linked_ct,,False,eICU record carries no same-subject CT pixel data
case-000643,eICU-CRD Demo 2.0.1,False,False,,,,,no_linked_ct,,False,eICU record carries no same-subject CT pixel data
case-000644,eICU-CRD Demo 2.0.1,False,False,,,,,no_linked_ct,,False,eICU record carries no same-subject CT pixel data
case-000645,eICU-CRD Demo 2.0.1,False,False,,,,,no_linked_ct,,False,eICU record carries no same-subject CT pixel data
case-000646,eICU-CRD Demo 2.0.1,False,False,,,,,no_linked_ct,,False,eICU record carries no same-subject CT pixel data
case-000647,eICU-CRD Demo 2.0.1,False,False,,,,,no_linked_ct,,False,eICU record carries no same-subject CT pixel data
case-000648,eICU-CRD Demo 2.0.1,False,False,,,,,no_linked_ct,,False,eICU record carries no same-subject CT pixel data
case-000649,eICU-CRD Demo 2.0.1,False,False,,,,,no_linked_ct,,False,eICU record carries no same-subject CT pixel data
case-000650,eICU-CRD Demo 2.0.1,False,False,,,,,no_linked_ct,,False,eICU record carries no same-subject CT pixel data
case-000651,eICU-CRD Demo 2.0.1,False,False,,,,,no_linked_ct,,False,eICU record carries no same-subject CT pixel data
case-000652,eICU-CRD Demo 2.0.1,False,False,,,,,no_linked_ct,,False,eICU record carries no same-subject CT pixel data
case-000653,eICU-CRD Demo 2.0.1,False,False,,,,,no_linked_ct,,False,eICU record carries no same-subject CT pixel data
case-000654,eICU-CRD Demo 2.0.1,False,False,,,,,no_linked_ct,,False,eICU record carries no same-subject CT pixel data
case-000655,eICU-CRD Demo 2.0.1,False,False,,,,,no_linked_ct,,False,eICU record carries no same-subject CT pixel data
case-000656,eICU-CRD Demo 2.0.1,False,False,,,,,no_linked_ct,,False,eICU record carries no same-subject CT pixel data
case-000657,eICU-CRD Demo 2.0.1,False,False,,,,,no_linked_ct,,False,eICU record carries no same-subject CT pixel data
case-000658,eICU-CRD Demo 2.0.1,False,False,,,,,no_linked_ct,,False,eICU record carries no same-subject CT pixel data
case-000659,eICU-CRD Demo 2.0.1,False,False,,,,,no_linked_ct,,False,eICU record carries no same-subject CT pixel data
case-000660,eICU-CRD Demo 2.0.1,False,False,,,,,no_linked_ct,,False,eICU record carries no same-subject CT pixel data
case-000661,eICU-CRD Demo 2.0.1,False,False,,,,,no_linked_ct,,False,eICU record carries no same-subject CT pixel data
case-000662,eICU-CRD Demo 2.0.1,False,False,,,,,no_linked_ct,,False,eICU record carries no same-subject CT pixel data
case-000663,eICU-CRD Demo 2.0.1,False,False,,,,,no_linked_ct,,False,eICU record carries no same-subject CT pixel data
case-000664,eICU-CRD Demo 2.0.1,False,False,,,,,no_linked_ct,,False,eICU record carries no same-subject CT pixel data
case-000665,eICU-CRD Demo 2.0.1,False,False,,,,,no_linked_ct,,False,eICU record carries no same-subject CT pixel data
case-000666,eICU-CRD Demo 2.0.1,False,False,,,,,no_linked_ct,,False,eICU record carries no same-subject CT pixel data
case-000667,eICU-CRD Demo 2.0.1,False,False,,,,,no_linked_ct,,False,eICU record carries no same-subject CT pixel data
case-000668,eICU-CRD Demo 2.0.1,False,False,,,,,no_linked_ct,,False,eICU record carries no same-subject CT pixel data
case-000669,eICU-CRD Demo 2.0.1,False,False,,,,,no_linked_ct,,False,eICU record carries no same-subject CT pixel data
case-000670,eICU-CRD Demo 2.0.1,False,False,,,,,no_linked_ct,,False,eICU record carries no same-subject CT pixel data
case-000671,eICU-CRD Demo 2.0.1,False,False,,,,,no_linked_ct,,False,eICU record carries no same-subject CT pixel data
case-000672,eICU-CRD Demo 2.0.1,False,False,,,,,no_linked_ct,,False,eICU record carries no same-subject CT pixel data
case-000673,eICU-CRD Demo 2.0.1,False,False,,,,,no_linked_ct,,False,eICU record carries no same-subject CT pixel data
case-000674,eICU-CRD Demo 2.0.1,False,False,,,,,no_linked_ct,,False,eICU record carries no same-subject CT pixel data
case-000675,eICU-CRD Demo 2.0.1,False,False,,,,,no_linked_ct,,False,eICU record carries no same-subject CT pixel data
case-000676,eICU-CRD Demo 2.0.1,False,False,,,,,no_linked_ct,,False,eICU record carries no same-subject CT pixel data
case-000677,eICU-CRD Demo 2.0.1,False,False,,,,,no_linked_ct,,False,eICU record carries no same-subject CT pixel data
case-000678,eICU-CRD Demo 2.0.1,False,False,,,,,no_linked_ct,,False,eICU record carries no same-subject CT pixel data
case-000679,eICU-CRD Demo 2.0.1,False,False,,,,,no_linked_ct,,False,eICU record carries no same-subject CT pixel data
case-000680,eICU-CRD Demo 2.0.1,False,False,,,,,no_linked_ct,,False,eICU record carries no same-subject CT pixel data
case-000681,eICU-CRD Demo 2.0.1,False,False,,,,,no_linked_ct,,False,eICU record carries no same-subject CT pixel data
case-000682,eICU-CRD Demo 2.0.1,False,False,,,,,no_linked_ct,,False,eICU record carries no same-subject CT pixel data
case-000683,eICU-CRD Demo 2.0.1,False,False,,,,,no_linked_ct,,False,eICU record carries no same-subject CT pixel data
case-000684,eICU-CRD Demo 2.0.1,False,False,,,,,no_linked_ct,,False,eICU record carries no same-subject CT pixel data
case-000685,eICU-CRD Demo 2.0.1,False,False,,,,,no_linked_ct,,False,eICU record carries no same-subject CT pixel data
case-000686,eICU-CRD Demo 2.0.1,False,False,,,,,no_linked_ct,,False,eICU record carries no same-subject CT pixel data
case-000687,eICU-CRD Demo 2.0.1,False,False,,,,,no_linked_ct,,False,eICU record carries no same-subject CT pixel data
case-000688,eICU-CRD Demo 2.0.1,False,False,,,,,no_linked_ct,,False,eICU record carries no same-subject CT pixel data
case-000689,eICU-CRD Demo 2.0.1,False,False,,,,,no_linked_ct,,False,eICU record carries no same-subject CT pixel data
case-000690,eICU-CRD Demo 2.0.1,False,False,,,,,no_linked_ct,,False,eICU record carries no same-subject CT pixel data
case-000691,eICU-CRD Demo 2.0.1,False,False,,,,,no_linked_ct,,False,eICU record carries no same-subject CT pixel data
case-000692,eICU-CRD Demo 2.0.1,False,False,,,,,no_linked_ct,,False,eICU record carries no same-subject CT pixel data
case-000693,eICU-CRD Demo 2.0.1,False,False,,,,,no_linked_ct,,False,eICU record carries no same-subject CT pixel data
case-000694,eICU-CRD Demo 2.0.1,False,False,,,,,no_linked_ct,,False,eICU record carries no same-subject CT pixel data
case-000695,eICU-CRD Demo 2.0.1,False,False,,,,,no_linked_ct,,False,eICU record carries no same-subject CT pixel data
case-000696,eICU-CRD Demo 2.0.1,False,False,,,,,no_linked_ct,,False,eICU record carries no same-subject CT pixel data
case-000697,eICU-CRD Demo 2.0.1,False,False,,,,,no_linked_ct,,False,eICU record carries no same-subject CT pixel data
case-000698,eICU-CRD Demo 2.0.1,False,False,,,,,no_linked_ct,,False,eICU record carries no same-subject CT pixel data
case-000699,eICU-CRD Demo 2.0.1,False,False,,,,,no_linked_ct,,False,eICU record carries no same-subject CT pixel data
case-000700,eICU-CRD Demo 2.0.1,False,False,,,,,no_linked_ct,,False,eICU record carries no same-subject CT pixel data
case-000701,eICU-CRD Demo 2.0.1,False,False,,,,,no_linked_ct,,False,eICU record carries no same-subject CT pixel data
case-000702,eICU-CRD Demo 2.0.1,False,False,,,,,no_linked_ct,,False,eICU record carries no same-subject CT pixel data
case-000703,eICU-CRD Demo 2.0.1,False,False,,,,,no_linked_ct,,False,eICU record carries no same-subject CT pixel data
case-000704,eICU-CRD Demo 2.0.1,False,False,,,,,no_linked_ct,,False,eICU record carries no same-subject CT pixel data
case-000705,eICU-CRD Demo 2.0.1,False,False,,,,,no_linked_ct,,False,eICU record carries no same-subject CT pixel data
case-000706,eICU-CRD Demo 2.0.1,False,False,,,,,no_linked_ct,,False,eICU record carries no same-subject CT pixel data
case-000707,eICU-CRD Demo 2.0.1,False,False,,,,,no_linked_ct,,False,eICU record carries no same-subject CT pixel data
case-000708,eICU-CRD Demo 2.0.1,False,False,,,,,no_linked_ct,,False,eICU record carries no same-subject CT pixel data
case-000709,eICU-CRD Demo 2.0.1,False,False,,,,,no_linked_ct,,False,eICU record carries no same-subject CT pixel data
case-000710,eICU-CRD Demo 2.0.1,False,False,,,,,no_linked_ct,,False,eICU record carries no same-subject CT pixel data
case-000711,eICU-CRD Demo 2.0.1,False,False,,,,,no_linked_ct,,False,eICU record carries no same-subject CT pixel data
case-000712,eICU-CRD Demo 2.0.1,False,False,,,,,no_linked_ct,,False,eICU record carries no same-subject CT pixel data
case-000713,eICU-CRD Demo 2.0.1,False,False,,,,,no_linked_ct,,False,eICU record carries no same-subject CT pixel data
case-000714,eICU-CRD Demo 2.0.1,False,False,,,,,no_linked_ct,,False,eICU record carries no same-subject CT pixel data
case-000715,eICU-CRD Demo 2.0.1,False,False,,,,,no_linked_ct,,False,eICU record carries no same-subject CT pixel data
case-000716,eICU-CRD Demo 2.0.1,False,False,,,,,no_linked_ct,,False,eICU record carries no same-subject CT pixel data
case-000717,eICU-CRD Demo 2.0.1,False,False,,,,,no_linked_ct,,False,eICU record carries no same-subject CT pixel data
case-000718,eICU-CRD Demo 2.0.1,False,False,,,,,no_linked_ct,,False,eICU record carries no same-subject CT pixel data
case-000719,eICU-CRD Demo 2.0.1,False,False,,,,,no_linked_ct,,False,eICU record carries no same-subject CT pixel data
case-000720,eICU-CRD Demo 2.0.1,False,False,,,,,no_linked_ct,,False,eICU record carries no same-subject CT pixel data
case-000721,eICU-CRD Demo 2.0.1,False,False,,,,,no_linked_ct,,False,eICU record carries no same-subject CT pixel data
case-000722,eICU-CRD Demo 2.0.1,False,False,,,,,no_linked_ct,,False,eICU record carries no same-subject CT pixel data
case-000723,eICU-CRD Demo 2.0.1,False,False,,,,,no_linked_ct,,False,eICU record carries no same-subject CT pixel data
case-000724,eICU-CRD Demo 2.0.1,False,False,,,,,no_linked_ct,,False,eICU record carries no same-subject CT pixel data
case-000725,eICU-CRD Demo 2.0.1,False,False,,,,,no_linked_ct,,False,eICU record carries no same-subject CT pixel data
case-000726,eICU-CRD Demo 2.0.1,False,False,,,,,no_linked_ct,,False,eICU record carries no same-subject CT pixel data
case-000727,eICU-CRD Demo 2.0.1,False,False,,,,,no_linked_ct,,False,eICU record carries no same-subject CT pixel data
case-000728,eICU-CRD Demo 2.0.1,False,False,,,,,no_linked_ct,,False,eICU record carries no same-subject CT pixel data
case-000729,eICU-CRD Demo 2.0.1,False,False,,,,,no_linked_ct,,False,eICU record carries no same-subject CT pixel data
case-000730,eICU-CRD Demo 2.0.1,False,False,,,,,no_linked_ct,,False,eICU record carries no same-subject CT pixel data
case-000731,eICU-CRD Demo 2.0.1,False,False,,,,,no_linked_ct,,False,eICU record carries no same-subject CT pixel data
case-000732,eICU-CRD Demo 2.0.1,False,False,,,,,no_linked_ct,,False,eICU record carries no same-subject CT pixel data
case-000733,eICU-CRD Demo 2.0.1,False,False,,,,,no_linked_ct,,False,eICU record carries no same-subject CT pixel data
case-000734,eICU-CRD Demo 2.0.1,False,False,,,,,no_linked_ct,,False,eICU record carries no same-subject CT pixel data
case-000735,eICU-CRD Demo 2.0.1,False,False,,,,,no_linked_ct,,False,eICU record carries no same-subject CT pixel data
case-000736,eICU-CRD Demo 2.0.1,False,False,,,,,no_linked_ct,,False,eICU record carries no same-subject CT pixel data
case-000737,eICU-CRD Demo 2.0.1,False,False,,,,,no_linked_ct,,False,eICU record carries no same-subject CT pixel data
case-000738,eICU-CRD Demo 2.0.1,False,False,,,,,no_linked_ct,,False,eICU record carries no same-subject CT pixel data
case-000739,eICU-CRD Demo 2.0.1,False,False,,,,,no_linked_ct,,False,eICU record carries no same-subject CT pixel data
case-000740,eICU-CRD Demo 2.0.1,False,False,,,,,no_linked_ct,,False,eICU record carries no same-subject CT pixel data
case-000741,eICU-CRD Demo 2.0.1,False,False,,,,,no_linked_ct,,False,eICU record carries no same-subject CT pixel data
case-000742,eICU-CRD Demo 2.0.1,False,False,,,,,no_linked_ct,,False,eICU record carries no same-subject CT pixel data
case-000743,eICU-CRD Demo 2.0.1,False,False,,,,,no_linked_ct,,False,eICU record carries no same-subject CT pixel data
case-000744,eICU-CRD Demo 2.0.1,False,False,,,,,no_linked_ct,,False,eICU record carries no same-subject CT pixel data
case-000745,eICU-CRD Demo 2.0.1,False,False,,,,,no_linked_ct,,False,eICU record carries no same-subject CT pixel data
case-000746,eICU-CRD Demo 2.0.1,False,False,,,,,no_linked_ct,,False,eICU record carries no same-subject CT pixel data
case-000747,eICU-CRD Demo 2.0.1,False,False,,,,,no_linked_ct,,False,eICU record carries no same-subject CT pixel data
case-000748,eICU-CRD Demo 2.0.1,False,False,,,,,no_linked_ct,,False,eICU record carries no same-subject CT pixel data
case-000749,eICU-CRD Demo 2.0.1,False,False,,,,,no_linked_ct,,False,eICU record carries no same-subject CT pixel data
case-000750,eICU-CRD Demo 2.0.1,False,False,,,,,no_linked_ct,,False,eICU record carries no same-subject CT pixel data
case-000751,eICU-CRD Demo 2.0.1,False,False,,,,,no_linked_ct,,False,eICU record carries no same-subject CT pixel data
case-000752,eICU-CRD Demo 2.0.1,False,False,,,,,no_linked_ct,,False,eICU record carries no same-subject CT pixel data
case-000753,eICU-CRD Demo 2.0.1,False,False,,,,,no_linked_ct,,False,eICU record carries no same-subject CT pixel data
case-000754,eICU-CRD Demo 2.0.1,False,False,,,,,no_linked_ct,,False,eICU record carries no same-subject CT pixel data
case-000755,eICU-CRD Demo 2.0.1,False,False,,,,,no_linked_ct,,False,eICU record carries no same-subject CT pixel data
case-000756,eICU-CRD Demo 2.0.1,False,False,,,,,no_linked_ct,,False,eICU record carries no same-subject CT pixel data
case-000757,eICU-CRD Demo 2.0.1,False,False,,,,,no_linked_ct,,False,eICU record carries no same-subject CT pixel data
case-000758,eICU-CRD Demo 2.0.1,False,False,,,,,no_linked_ct,,False,eICU record carries no same-subject CT pixel data
case-000759,eICU-CRD Demo 2.0.1,False,False,,,,,no_linked_ct,,False,eICU record carries no same-subject CT pixel data
case-000760,eICU-CRD Demo 2.0.1,False,False,,,,,no_linked_ct,,False,eICU record carries no same-subject CT pixel data
case-000761,eICU-CRD Demo 2.0.1,False,False,,,,,no_linked_ct,,False,eICU record carries no same-subject CT pixel data
case-000762,eICU-CRD Demo 2.0.1,False,False,,,,,no_linked_ct,,False,eICU record carries no same-subject CT pixel data
case-000763,eICU-CRD Demo 2.0.1,False,False,,,,,no_linked_ct,,False,eICU record carries no same-subject CT pixel data
case-000764,eICU-CRD Demo 2.0.1,False,False,,,,,no_linked_ct,,False,eICU record carries no same-subject CT pixel data
case-000765,eICU-CRD Demo 2.0.1,False,False,,,,,no_linked_ct,,False,eICU record carries no same-subject CT pixel data
case-000766,eICU-CRD Demo 2.0.1,False,False,,,,,no_linked_ct,,False,eICU record carries no same-subject CT pixel data
case-000767,eICU-CRD Demo 2.0.1,False,False,,,,,no_linked_ct,,False,eICU record carries no same-subject CT pixel data
case-000768,eICU-CRD Demo 2.0.1,False,False,,,,,no_linked_ct,,False,eICU record carries no same-subject CT pixel data
case-000769,eICU-CRD Demo 2.0.1,False,False,,,,,no_linked_ct,,False,eICU record carries no same-subject CT pixel data
case-000770,eICU-CRD Demo 2.0.1,False,False,,,,,no_linked_ct,,False,eICU record carries no same-subject CT pixel data
case-000771,eICU-CRD Demo 2.0.1,False,False,,,,,no_linked_ct,,False,eICU record carries no same-subject CT pixel data
case-000772,eICU-CRD Demo 2.0.1,False,False,,,,,no_linked_ct,,False,eICU record carries no same-subject CT pixel data
case-000773,eICU-CRD Demo 2.0.1,False,False,,,,,no_linked_ct,,False,eICU record carries no same-subject CT pixel data
case-000774,eICU-CRD Demo 2.0.1,False,False,,,,,no_linked_ct,,False,eICU record carries no same-subject CT pixel data
case-000775,eICU-CRD Demo 2.0.1,False,False,,,,,no_linked_ct,,False,eICU record carries no same-subject CT pixel data
case-000776,eICU-CRD Demo 2.0.1,False,False,,,,,no_linked_ct,,False,eICU record carries no same-subject CT pixel data
case-000777,eICU-CRD Demo 2.0.1,False,False,,,,,no_linked_ct,,False,eICU record carries no same-subject CT pixel data
case-000778,eICU-CRD Demo 2.0.1,False,False,,,,,no_linked_ct,,False,eICU record carries no same-subject CT pixel data
case-000779,eICU-CRD Demo 2.0.1,False,False,,,,,no_linked_ct,,False,eICU record carries no same-subject CT pixel data
case-000780,eICU-CRD Demo 2.0.1,False,False,,,,,no_linked_ct,,False,eICU record carries no same-subject CT pixel data
case-000781,eICU-CRD Demo 2.0.1,False,False,,,,,no_linked_ct,,False,eICU record carries no same-subject CT pixel data
case-000782,eICU-CRD Demo 2.0.1,False,False,,,,,no_linked_ct,,False,eICU record carries no same-subject CT pixel data
case-000783,eICU-CRD Demo 2.0.1,False,False,,,,,no_linked_ct,,False,eICU record carries no same-subject CT pixel data
case-000784,eICU-CRD Demo 2.0.1,False,False,,,,,no_linked_ct,,False,eICU record carries no same-subject CT pixel data
case-000785,eICU-CRD Demo 2.0.1,False,False,,,,,no_linked_ct,,False,eICU record carries no same-subject CT pixel data
case-000786,eICU-CRD Demo 2.0.1,False,False,,,,,no_linked_ct,,False,eICU record carries no same-subject CT pixel data
case-000787,eICU-CRD Demo 2.0.1,False,False,,,,,no_linked_ct,,False,eICU record carries no same-subject CT pixel data
case-000788,eICU-CRD Demo 2.0.1,False,False,,,,,no_linked_ct,,False,eICU record carries no same-subject CT pixel data
case-000789,eICU-CRD Demo 2.0.1,False,False,,,,,no_linked_ct,,False,eICU record carries no same-subject CT pixel data
case-000790,eICU-CRD Demo 2.0.1,False,False,,,,,no_linked_ct,,False,eICU record carries no same-subject CT pixel data
case-000791,eICU-CRD Demo 2.0.1,False,False,,,,,no_linked_ct,,False,eICU record carries no same-subject CT pixel data
case-000792,eICU-CRD Demo 2.0.1,False,False,,,,,no_linked_ct,,False,eICU record carries no same-subject CT pixel data
case-000793,eICU-CRD Demo 2.0.1,False,False,,,,,no_linked_ct,,False,eICU record carries no same-subject CT pixel data
case-000794,eICU-CRD Demo 2.0.1,False,False,,,,,no_linked_ct,,False,eICU record carries no same-subject CT pixel data
case-000795,eICU-CRD Demo 2.0.1,False,False,,,,,no_linked_ct,,False,eICU record carries no same-subject CT pixel data
case-000796,eICU-CRD Demo 2.0.1,False,False,,,,,no_linked_ct,,False,eICU record carries no same-subject CT pixel data
case-000797,eICU-CRD Demo 2.0.1,False,False,,,,,no_linked_ct,,False,eICU record carries no same-subject CT pixel data
case-000798,eICU-CRD Demo 2.0.1,False,False,,,,,no_linked_ct,,False,eICU record carries no same-subject CT pixel data
case-000799,eICU-CRD Demo 2.0.1,False,False,,,,,no_linked_ct,,False,eICU record carries no same-subject CT pixel data
case-000800,eICU-CRD Demo 2.0.1,False,False,,,,,no_linked_ct,,False,eICU record carries no same-subject CT pixel data
case-000801,eICU-CRD Demo 2.0.1,False,False,,,,,no_linked_ct,,False,eICU record carries no same-subject CT pixel data
case-000802,eICU-CRD Demo 2.0.1,False,False,,,,,no_linked_ct,,False,eICU record carries no same-subject CT pixel data
case-000803,eICU-CRD Demo 2.0.1,False,False,,,,,no_linked_ct,,False,eICU record carries no same-subject CT pixel data
case-000804,eICU-CRD Demo 2.0.1,False,False,,,,,no_linked_ct,,False,eICU record carries no same-subject CT pixel data
case-000805,eICU-CRD Demo 2.0.1,False,False,,,,,no_linked_ct,,False,eICU record carries no same-subject CT pixel data
case-000806,eICU-CRD Demo 2.0.1,False,False,,,,,no_linked_ct,,False,eICU record carries no same-subject CT pixel data
case-000807,eICU-CRD Demo 2.0.1,False,False,,,,,no_linked_ct,,False,eICU record carries no same-subject CT pixel data
case-000808,eICU-CRD Demo 2.0.1,False,False,,,,,no_linked_ct,,False,eICU record carries no same-subject CT pixel data
case-000809,eICU-CRD Demo 2.0.1,False,False,,,,,no_linked_ct,,False,eICU record carries no same-subject CT pixel data
case-000810,eICU-CRD Demo 2.0.1,False,False,,,,,no_linked_ct,,False,eICU record carries no same-subject CT pixel data
case-000811,eICU-CRD Demo 2.0.1,False,False,,,,,no_linked_ct,,False,eICU record carries no same-subject CT pixel data
case-000812,eICU-CRD Demo 2.0.1,False,False,,,,,no_linked_ct,,False,eICU record carries no same-subject CT pixel data
case-000813,eICU-CRD Demo 2.0.1,False,False,,,,,no_linked_ct,,False,eICU record carries no same-subject CT pixel data
case-000814,eICU-CRD Demo 2.0.1,False,False,,,,,no_linked_ct,,False,eICU record carries no same-subject CT pixel data
case-000815,eICU-CRD Demo 2.0.1,False,False,,,,,no_linked_ct,,False,eICU record carries no same-subject CT pixel data
case-000816,eICU-CRD Demo 2.0.1,False,False,,,,,no_linked_ct,,False,eICU record carries no same-subject CT pixel data
case-000817,eICU-CRD Demo 2.0.1,False,False,,,,,no_linked_ct,,False,eICU record carries no same-subject CT pixel data
case-000818,eICU-CRD Demo 2.0.1,False,False,,,,,no_linked_ct,,False,eICU record carries no same-subject CT pixel data
case-000819,eICU-CRD Demo 2.0.1,False,False,,,,,no_linked_ct,,False,eICU record carries no same-subject CT pixel data
case-000820,eICU-CRD Demo 2.0.1,False,False,,,,,no_linked_ct,,False,eICU record carries no same-subject CT pixel data
case-000821,eICU-CRD Demo 2.0.1,False,False,,,,,no_linked_ct,,False,eICU record carries no same-subject CT pixel data
case-000822,eICU-CRD Demo 2.0.1,False,False,,,,,no_linked_ct,,False,eICU record carries no same-subject CT pixel data
case-000823,eICU-CRD Demo 2.0.1,False,False,,,,,no_linked_ct,,False,eICU record carries no same-subject CT pixel data
case-000824,eICU-CRD Demo 2.0.1,False,False,,,,,no_linked_ct,,False,eICU record carries no same-subject CT pixel data
case-000825,eICU-CRD Demo 2.0.1,False,False,,,,,no_linked_ct,,False,eICU record carries no same-subject CT pixel data
case-000826,eICU-CRD Demo 2.0.1,False,False,,,,,no_linked_ct,,False,eICU record carries no same-subject CT pixel data
case-000827,eICU-CRD Demo 2.0.1,False,False,,,,,no_linked_ct,,False,eICU record carries no same-subject CT pixel data
case-000828,eICU-CRD Demo 2.0.1,False,False,,,,,no_linked_ct,,False,eICU record carries no same-subject CT pixel data
case-000829,eICU-CRD Demo 2.0.1,False,False,,,,,no_linked_ct,,False,eICU record carries no same-subject CT pixel data
case-000830,eICU-CRD Demo 2.0.1,False,False,,,,,no_linked_ct,,False,eICU record carries no same-subject CT pixel data
case-000831,eICU-CRD Demo 2.0.1,False,False,,,,,no_linked_ct,,False,eICU record carries no same-subject CT pixel data
case-000832,eICU-CRD Demo 2.0.1,False,False,,,,,no_linked_ct,,False,eICU record carries no same-subject CT pixel data
case-000833,eICU-CRD Demo 2.0.1,False,False,,,,,no_linked_ct,,False,eICU record carries no same-subject CT pixel data
case-000834,eICU-CRD Demo 2.0.1,False,False,,,,,no_linked_ct,,False,eICU record carries no same-subject CT pixel data
case-000835,eICU-CRD Demo 2.0.1,False,False,,,,,no_linked_ct,,False,eICU record carries no same-subject CT pixel data
case-000836,eICU-CRD Demo 2.0.1,False,False,,,,,no_linked_ct,,False,eICU record carries no same-subject CT pixel data
case-000837,eICU-CRD Demo 2.0.1,False,False,,,,,no_linked_ct,,False,eICU record carries no same-subject CT pixel data
case-000838,eICU-CRD Demo 2.0.1,False,False,,,,,no_linked_ct,,False,eICU record carries no same-subject CT pixel data
case-000839,eICU-CRD Demo 2.0.1,False,False,,,,,no_linked_ct,,False,eICU record carries no same-subject CT pixel data
case-000840,eICU-CRD Demo 2.0.1,False,False,,,,,no_linked_ct,,False,eICU record carries no same-subject CT pixel data
case-000841,eICU-CRD Demo 2.0.1,False,False,,,,,no_linked_ct,,False,eICU record carries no same-subject CT pixel data
case-000842,eICU-CRD Demo 2.0.1,False,False,,,,,no_linked_ct,,False,eICU record carries no same-subject CT pixel data
case-000843,eICU-CRD Demo 2.0.1,False,False,,,,,no_linked_ct,,False,eICU record carries no same-subject CT pixel data
case-000844,eICU-CRD Demo 2.0.1,False,False,,,,,no_linked_ct,,False,eICU record carries no same-subject CT pixel data
case-000845,eICU-CRD Demo 2.0.1,False,False,,,,,no_linked_ct,,False,eICU record carries no same-subject CT pixel data
case-000846,eICU-CRD Demo 2.0.1,False,False,,,,,no_linked_ct,,False,eICU record carries no same-subject CT pixel data
case-000847,eICU-CRD Demo 2.0.1,False,False,,,,,no_linked_ct,,False,eICU record carries no same-subject CT pixel data
case-000848,eICU-CRD Demo 2.0.1,False,False,,,,,no_linked_ct,,False,eICU record carries no same-subject CT pixel data
case-000849,eICU-CRD Demo 2.0.1,False,False,,,,,no_linked_ct,,False,eICU record carries no same-subject CT pixel data
case-000850,eICU-CRD Demo 2.0.1,False,False,,,,,no_linked_ct,,False,eICU record carries no same-subject CT pixel data
case-000851,eICU-CRD Demo 2.0.1,False,False,,,,,no_linked_ct,,False,eICU record carries no same-subject CT pixel data
case-000852,eICU-CRD Demo 2.0.1,False,False,,,,,no_linked_ct,,False,eICU record carries no same-subject CT pixel data
case-000853,eICU-CRD Demo 2.0.1,False,False,,,,,no_linked_ct,,False,eICU record carries no same-subject CT pixel data
case-000854,eICU-CRD Demo 2.0.1,False,False,,,,,no_linked_ct,,False,eICU record carries no same-subject CT pixel data
case-000855,eICU-CRD Demo 2.0.1,False,False,,,,,no_linked_ct,,False,eICU record carries no same-subject CT pixel data
case-000856,eICU-CRD Demo 2.0.1,False,False,,,,,no_linked_ct,,False,eICU record carries no same-subject CT pixel data
case-000857,eICU-CRD Demo 2.0.1,False,False,,,,,no_linked_ct,,False,eICU record carries no same-subject CT pixel data
case-000858,eICU-CRD Demo 2.0.1,False,False,,,,,no_linked_ct,,False,eICU record carries no same-subject CT pixel data
case-000859,eICU-CRD Demo 2.0.1,False,False,,,,,no_linked_ct,,False,eICU record carries no same-subject CT pixel data
case-000860,eICU-CRD Demo 2.0.1,False,False,,,,,no_linked_ct,,False,eICU record carries no same-subject CT pixel data
case-000861,eICU-CRD Demo 2.0.1,False,False,,,,,no_linked_ct,,False,eICU record carries no same-subject CT pixel data
case-000862,eICU-CRD Demo 2.0.1,False,False,,,,,no_linked_ct,,False,eICU record carries no same-subject CT pixel data
case-000863,eICU-CRD Demo 2.0.1,False,False,,,,,no_linked_ct,,False,eICU record carries no same-subject CT pixel data
case-000864,eICU-CRD Demo 2.0.1,False,False,,,,,no_linked_ct,,False,eICU record carries no same-subject CT pixel data
case-000865,eICU-CRD Demo 2.0.1,False,False,,,,,no_linked_ct,,False,eICU record carries no same-subject CT pixel data
case-000866,eICU-CRD Demo 2.0.1,False,False,,,,,no_linked_ct,,False,eICU record carries no same-subject CT pixel data
case-000867,eICU-CRD Demo 2.0.1,False,False,,,,,no_linked_ct,,False,eICU record carries no same-subject CT pixel data
case-000868,eICU-CRD Demo 2.0.1,False,False,,,,,no_linked_ct,,False,eICU record carries no same-subject CT pixel data
case-000869,eICU-CRD Demo 2.0.1,False,False,,,,,no_linked_ct,,False,eICU record carries no same-subject CT pixel data
case-000870,eICU-CRD Demo 2.0.1,False,False,,,,,no_linked_ct,,False,eICU record carries no same-subject CT pixel data
case-000871,eICU-CRD Demo 2.0.1,False,False,,,,,no_linked_ct,,False,eICU record carries no same-subject CT pixel data
case-000872,eICU-CRD Demo 2.0.1,False,False,,,,,no_linked_ct,,False,eICU record carries no same-subject CT pixel data
case-000873,eICU-CRD Demo 2.0.1,False,False,,,,,no_linked_ct,,False,eICU record carries no same-subject CT pixel data
case-000874,eICU-CRD Demo 2.0.1,False,False,,,,,no_linked_ct,,False,eICU record carries no same-subject CT pixel data
case-000875,eICU-CRD Demo 2.0.1,False,False,,,,,no_linked_ct,,False,eICU record carries no same-subject CT pixel data
case-000876,eICU-CRD Demo 2.0.1,False,False,,,,,no_linked_ct,,False,eICU record carries no same-subject CT pixel data
case-000877,eICU-CRD Demo 2.0.1,False,False,,,,,no_linked_ct,,False,eICU record carries no same-subject CT pixel data
case-000878,eICU-CRD Demo 2.0.1,False,False,,,,,no_linked_ct,,False,eICU record carries no same-subject CT pixel data
case-000879,eICU-CRD Demo 2.0.1,False,False,,,,,no_linked_ct,,False,eICU record carries no same-subject CT pixel data
case-000880,eICU-CRD Demo 2.0.1,False,False,,,,,no_linked_ct,,False,eICU record carries no same-subject CT pixel data
case-000881,eICU-CRD Demo 2.0.1,False,False,,,,,no_linked_ct,,False,eICU record carries no same-subject CT pixel data
case-000882,eICU-CRD Demo 2.0.1,False,False,,,,,no_linked_ct,,False,eICU record carries no same-subject CT pixel data
case-000883,eICU-CRD Demo 2.0.1,False,False,,,,,no_linked_ct,,False,eICU record carries no same-subject CT pixel data
case-000884,eICU-CRD Demo 2.0.1,False,False,,,,,no_linked_ct,,False,eICU record carries no same-subject CT pixel data
case-000885,eICU-CRD Demo 2.0.1,False,False,,,,,no_linked_ct,,False,eICU record carries no same-subject CT pixel data
case-000886,eICU-CRD Demo 2.0.1,False,False,,,,,no_linked_ct,,False,eICU record carries no same-subject CT pixel data
case-000887,eICU-CRD Demo 2.0.1,False,False,,,,,no_linked_ct,,False,eICU record carries no same-subject CT pixel data
case-000888,eICU-CRD Demo 2.0.1,False,False,,,,,no_linked_ct,,False,eICU record carries no same-subject CT pixel data
case-000889,eICU-CRD Demo 2.0.1,False,False,,,,,no_linked_ct,,False,eICU record carries no same-subject CT pixel data
case-000890,eICU-CRD Demo 2.0.1,False,False,,,,,no_linked_ct,,False,eICU record carries no same-subject CT pixel data
case-000891,eICU-CRD Demo 2.0.1,False,False,,,,,no_linked_ct,,False,eICU record carries no same-subject CT pixel data
case-000892,eICU-CRD Demo 2.0.1,False,False,,,,,no_linked_ct,,False,eICU record carries no same-subject CT pixel data
case-000893,eICU-CRD Demo 2.0.1,False,False,,,,,no_linked_ct,,False,eICU record carries no same-subject CT pixel data
case-000894,eICU-CRD Demo 2.0.1,False,False,,,,,no_linked_ct,,False,eICU record carries no same-subject CT pixel data
case-000895,eICU-CRD Demo 2.0.1,False,False,,,,,no_linked_ct,,False,eICU record carries no same-subject CT pixel data
case-000896,eICU-CRD Demo 2.0.1,False,False,,,,,no_linked_ct,,False,eICU record carries no same-subject CT pixel data
case-000897,eICU-CRD Demo 2.0.1,False,False,,,,,no_linked_ct,,False,eICU record carries no same-subject CT pixel data
case-000898,eICU-CRD Demo 2.0.1,False,False,,,,,no_linked_ct,,False,eICU record carries no same-subject CT pixel data
case-000899,eICU-CRD Demo 2.0.1,False,False,,,,,no_linked_ct,,False,eICU record carries no same-subject CT pixel data
case-000900,eICU-CRD Demo 2.0.1,False,False,,,,,no_linked_ct,,False,eICU record carries no same-subject CT pixel data
case-000901,eICU-CRD Demo 2.0.1,False,False,,,,,no_linked_ct,,False,eICU record carries no same-subject CT pixel data
case-000902,eICU-CRD Demo 2.0.1,False,False,,,,,no_linked_ct,,False,eICU record carries no same-subject CT pixel data
case-000903,eICU-CRD Demo 2.0.1,False,False,,,,,no_linked_ct,,False,eICU record carries no same-subject CT pixel data
case-000904,eICU-CRD Demo 2.0.1,False,False,,,,,no_linked_ct,,False,eICU record carries no same-subject CT pixel data
case-000905,eICU-CRD Demo 2.0.1,False,False,,,,,no_linked_ct,,False,eICU record carries no same-subject CT pixel data
case-000906,eICU-CRD Demo 2.0.1,False,False,,,,,no_linked_ct,,False,eICU record carries no same-subject CT pixel data
case-000907,eICU-CRD Demo 2.0.1,False,False,,,,,no_linked_ct,,False,eICU record carries no same-subject CT pixel data
case-000908,eICU-CRD Demo 2.0.1,False,False,,,,,no_linked_ct,,False,eICU record carries no same-subject CT pixel data
case-000909,eICU-CRD Demo 2.0.1,False,False,,,,,no_linked_ct,,False,eICU record carries no same-subject CT pixel data
case-000910,eICU-CRD Demo 2.0.1,False,False,,,,,no_linked_ct,,False,eICU record carries no same-subject CT pixel data
case-000911,eICU-CRD Demo 2.0.1,False,False,,,,,no_linked_ct,,False,eICU record carries no same-subject CT pixel data
case-000912,eICU-CRD Demo 2.0.1,False,False,,,,,no_linked_ct,,False,eICU record carries no same-subject CT pixel data
case-000913,eICU-CRD Demo 2.0.1,False,False,,,,,no_linked_ct,,False,eICU record carries no same-subject CT pixel data
case-000914,eICU-CRD Demo 2.0.1,False,False,,,,,no_linked_ct,,False,eICU record carries no same-subject CT pixel data
case-000915,eICU-CRD Demo 2.0.1,False,False,,,,,no_linked_ct,,False,eICU record carries no same-subject CT pixel data
case-000916,eICU-CRD Demo 2.0.1,False,False,,,,,no_linked_ct,,False,eICU record carries no same-subject CT pixel data
case-000917,eICU-CRD Demo 2.0.1,False,False,,,,,no_linked_ct,,False,eICU record carries no same-subject CT pixel data
case-000918,eICU-CRD Demo 2.0.1,False,False,,,,,no_linked_ct,,False,eICU record carries no same-subject CT pixel data
case-000919,eICU-CRD Demo 2.0.1,False,False,,,,,no_linked_ct,,False,eICU record carries no same-subject CT pixel data
case-000920,eICU-CRD Demo 2.0.1,False,False,,,,,no_linked_ct,,False,eICU record carries no same-subject CT pixel data
case-000921,eICU-CRD Demo 2.0.1,False,False,,,,,no_linked_ct,,False,eICU record carries no same-subject CT pixel data
case-000922,eICU-CRD Demo 2.0.1,False,False,,,,,no_linked_ct,,False,eICU record carries no same-subject CT pixel data
case-000923,eICU-CRD Demo 2.0.1,False,False,,,,,no_linked_ct,,False,eICU record carries no same-subject CT pixel data
case-000924,eICU-CRD Demo 2.0.1,False,False,,,,,no_linked_ct,,False,eICU record carries no same-subject CT pixel data
case-000925,eICU-CRD Demo 2.0.1,False,False,,,,,no_linked_ct,,False,eICU record carries no same-subject CT pixel data
case-000926,eICU-CRD Demo 2.0.1,False,False,,,,,no_linked_ct,,False,eICU record carries no same-subject CT pixel data
case-000927,eICU-CRD Demo 2.0.1,False,False,,,,,no_linked_ct,,False,eICU record carries no same-subject CT pixel data
case-000928,eICU-CRD Demo 2.0.1,False,False,,,,,no_linked_ct,,False,eICU record carries no same-subject CT pixel data
case-000929,eICU-CRD Demo 2.0.1,False,False,,,,,no_linked_ct,,False,eICU record carries no same-subject CT pixel data
case-000930,eICU-CRD Demo 2.0.1,False,False,,,,,no_linked_ct,,False,eICU record carries no same-subject CT pixel data
case-000931,eICU-CRD Demo 2.0.1,False,False,,,,,no_linked_ct,,False,eICU record carries no same-subject CT pixel data
case-000932,eICU-CRD Demo 2.0.1,False,False,,,,,no_linked_ct,,False,eICU record carries no same-subject CT pixel data
case-000933,eICU-CRD Demo 2.0.1,False,False,,,,,no_linked_ct,,False,eICU record carries no same-subject CT pixel data
case-000934,eICU-CRD Demo 2.0.1,False,False,,,,,no_linked_ct,,False,eICU record carries no same-subject CT pixel data
case-000935,eICU-CRD Demo 2.0.1,False,False,,,,,no_linked_ct,,False,eICU record carries no same-subject CT pixel data
case-000936,eICU-CRD Demo 2.0.1,False,False,,,,,no_linked_ct,,False,eICU record carries no same-subject CT pixel data
case-000937,eICU-CRD Demo 2.0.1,False,False,,,,,no_linked_ct,,False,eICU record carries no same-subject CT pixel data
case-000938,eICU-CRD Demo 2.0.1,False,False,,,,,no_linked_ct,,False,eICU record carries no same-subject CT pixel data
case-000939,eICU-CRD Demo 2.0.1,False,False,,,,,no_linked_ct,,False,eICU record carries no same-subject CT pixel data
case-000940,eICU-CRD Demo 2.0.1,False,False,,,,,no_linked_ct,,False,eICU record carries no same-subject CT pixel data
case-000941,eICU-CRD Demo 2.0.1,False,False,,,,,no_linked_ct,,False,eICU record carries no same-subject CT pixel data
case-000942,eICU-CRD Demo 2.0.1,False,False,,,,,no_linked_ct,,False,eICU record carries no same-subject CT pixel data
case-000943,eICU-CRD Demo 2.0.1,False,False,,,,,no_linked_ct,,False,eICU record carries no same-subject CT pixel data
case-000944,eICU-CRD Demo 2.0.1,False,False,,,,,no_linked_ct,,False,eICU record carries no same-subject CT pixel data
case-000945,eICU-CRD Demo 2.0.1,False,False,,,,,no_linked_ct,,False,eICU record carries no same-subject CT pixel data
case-000946,eICU-CRD Demo 2.0.1,False,False,,,,,no_linked_ct,,False,eICU record carries no same-subject CT pixel data
case-000947,eICU-CRD Demo 2.0.1,False,False,,,,,no_linked_ct,,False,eICU record carries no same-subject CT pixel data
case-000948,eICU-CRD Demo 2.0.1,False,False,,,,,no_linked_ct,,False,eICU record carries no same-subject CT pixel data
case-000949,eICU-CRD Demo 2.0.1,False,False,,,,,no_linked_ct,,False,eICU record carries no same-subject CT pixel data
case-000950,eICU-CRD Demo 2.0.1,False,False,,,,,no_linked_ct,,False,eICU record carries no same-subject CT pixel data
case-000951,eICU-CRD Demo 2.0.1,False,False,,,,,no_linked_ct,,False,eICU record carries no same-subject CT pixel data
case-000952,eICU-CRD Demo 2.0.1,False,False,,,,,no_linked_ct,,False,eICU record carries no same-subject CT pixel data
case-000953,eICU-CRD Demo 2.0.1,False,False,,,,,no_linked_ct,,False,eICU record carries no same-subject CT pixel data
case-000954,eICU-CRD Demo 2.0.1,False,False,,,,,no_linked_ct,,False,eICU record carries no same-subject CT pixel data
case-000955,eICU-CRD Demo 2.0.1,False,False,,,,,no_linked_ct,,False,eICU record carries no same-subject CT pixel data
case-000956,eICU-CRD Demo 2.0.1,False,False,,,,,no_linked_ct,,False,eICU record carries no same-subject CT pixel data
case-000957,eICU-CRD Demo 2.0.1,False,False,,,,,no_linked_ct,,False,eICU record carries no same-subject CT pixel data
case-000958,eICU-CRD Demo 2.0.1,False,False,,,,,no_linked_ct,,False,eICU record carries no same-subject CT pixel data
case-000959,eICU-CRD Demo 2.0.1,False,False,,,,,no_linked_ct,,False,eICU record carries no same-subject CT pixel data
case-000960,eICU-CRD Demo 2.0.1,False,False,,,,,no_linked_ct,,False,eICU record carries no same-subject CT pixel data
case-000961,eICU-CRD Demo 2.0.1,False,False,,,,,no_linked_ct,,False,eICU record carries no same-subject CT pixel data
case-000962,eICU-CRD Demo 2.0.1,False,False,,,,,no_linked_ct,,False,eICU record carries no same-subject CT pixel data
case-000963,eICU-CRD Demo 2.0.1,False,False,,,,,no_linked_ct,,False,eICU record carries no same-subject CT pixel data
case-000964,eICU-CRD Demo 2.0.1,False,False,,,,,no_linked_ct,,False,eICU record carries no same-subject CT pixel data
case-000965,eICU-CRD Demo 2.0.1,False,False,,,,,no_linked_ct,,False,eICU record carries no same-subject CT pixel data
case-000966,eICU-CRD Demo 2.0.1,False,False,,,,,no_linked_ct,,False,eICU record carries no same-subject CT pixel data
case-000967,eICU-CRD Demo 2.0.1,False,False,,,,,no_linked_ct,,False,eICU record carries no same-subject CT pixel data
case-000968,eICU-CRD Demo 2.0.1,False,False,,,,,no_linked_ct,,False,eICU record carries no same-subject CT pixel data
case-000969,eICU-CRD Demo 2.0.1,False,False,,,,,no_linked_ct,,False,eICU record carries no same-subject CT pixel data
case-000970,eICU-CRD Demo 2.0.1,False,False,,,,,no_linked_ct,,False,eICU record carries no same-subject CT pixel data
case-000971,eICU-CRD Demo 2.0.1,False,False,,,,,no_linked_ct,,False,eICU record carries no same-subject CT pixel data
case-000972,eICU-CRD Demo 2.0.1,False,False,,,,,no_linked_ct,,False,eICU record carries no same-subject CT pixel data
case-000973,eICU-CRD Demo 2.0.1,False,False,,,,,no_linked_ct,,False,eICU record carries no same-subject CT pixel data
case-000974,eICU-CRD Demo 2.0.1,False,False,,,,,no_linked_ct,,False,eICU record carries no same-subject CT pixel data
case-000975,eICU-CRD Demo 2.0.1,False,False,,,,,no_linked_ct,,False,eICU record carries no same-subject CT pixel data
case-000976,eICU-CRD Demo 2.0.1,False,False,,,,,no_linked_ct,,False,eICU record carries no same-subject CT pixel data
case-000977,eICU-CRD Demo 2.0.1,False,False,,,,,no_linked_ct,,False,eICU record carries no same-subject CT pixel data
case-000978,eICU-CRD Demo 2.0.1,False,False,,,,,no_linked_ct,,False,eICU record carries no same-subject CT pixel data
case-000979,eICU-CRD Demo 2.0.1,False,False,,,,,no_linked_ct,,False,eICU record carries no same-subject CT pixel data
case-000980,eICU-CRD Demo 2.0.1,False,False,,,,,no_linked_ct,,False,eICU record carries no same-subject CT pixel data
case-000981,eICU-CRD Demo 2.0.1,False,False,,,,,no_linked_ct,,False,eICU record carries no same-subject CT pixel data
case-000982,eICU-CRD Demo 2.0.1,False,False,,,,,no_linked_ct,,False,eICU record carries no same-subject CT pixel data
case-000983,eICU-CRD Demo 2.0.1,False,False,,,,,no_linked_ct,,False,eICU record carries no same-subject CT pixel data
case-000984,eICU-CRD Demo 2.0.1,False,False,,,,,no_linked_ct,,False,eICU record carries no same-subject CT pixel data
case-000985,eICU-CRD Demo 2.0.1,False,False,,,,,no_linked_ct,,False,eICU record carries no same-subject CT pixel data
case-000986,eICU-CRD Demo 2.0.1,False,False,,,,,no_linked_ct,,False,eICU record carries no same-subject CT pixel data
case-000987,eICU-CRD Demo 2.0.1,False,False,,,,,no_linked_ct,,False,eICU record carries no same-subject CT pixel data
case-000988,eICU-CRD Demo 2.0.1,False,False,,,,,no_linked_ct,,False,eICU record carries no same-subject CT pixel data
case-000989,eICU-CRD Demo 2.0.1,False,False,,,,,no_linked_ct,,False,eICU record carries no same-subject CT pixel data
case-000990,eICU-CRD Demo 2.0.1,False,False,,,,,no_linked_ct,,False,eICU record carries no same-subject CT pixel data
case-000991,eICU-CRD Demo 2.0.1,False,False,,,,,no_linked_ct,,False,eICU record carries no same-subject CT pixel data
case-000992,eICU-CRD Demo 2.0.1,False,False,,,,,no_linked_ct,,False,eICU record carries no same-subject CT pixel data
case-000993,eICU-CRD Demo 2.0.1,False,False,,,,,no_linked_ct,,False,eICU record carries no same-subject CT pixel data
case-000994,eICU-CRD Demo 2.0.1,False,False,,,,,no_linked_ct,,False,eICU record carries no same-subject CT pixel data
case-000995,eICU-CRD Demo 2.0.1,False,False,,,,,no_linked_ct,,False,eICU record carries no same-subject CT pixel data
case-000996,eICU-CRD Demo 2.0.1,False,False,,,,,no_linked_ct,,False,eICU record carries no same-subject CT pixel data
case-000997,eICU-CRD Demo 2.0.1,False,False,,,,,no_linked_ct,,False,eICU record carries no same-subject CT pixel data
case-000998,eICU-CRD Demo 2.0.1,False,False,,,,,no_linked_ct,,False,eICU record carries no same-subject CT pixel data
case-000999,eICU-CRD Demo 2.0.1,False,False,,,,,no_linked_ct,,False,eICU record carries no same-subject CT pixel data
case-001000,eICU-CRD Demo 2.0.1,False,False,,,,,no_linked_ct,,False,eICU record carries no same-subject CT pixel data
