case_id,status,status_reason,source_type,selection_tier,real_or_synthetic,cardiac_category,noncardiac_organ_systems,organ_system_count,medication_count,allergy_count,lab_count,vital_count,has_fhir,has_report,has_pdf,has_ccda,has_tabular,has_ecg,has_medication_evidence,label_evidence_count,normalized_med_count,completeness_score,linkage_type,warnings
case-000001,eligible,,real,A,real,other_arrhythmia|tachycardia,allergy_immunologic|endocrine_metabolic|gastrointestinal|hematologic_coagulation|infectious|musculoskeletal|neurologic|other|psychiatric|pulmonary|renal,13,233,154,80,6,True,True,True,True,True,True,True,16,35,0.9833,matched_external_modality,
case-000002,eligible_with_warning,no cardiac biomarker (troponin/BNP) recorded,real,A,real,cardiac_arrest|hypertension|hypotension|shock|thromboembolic_cv,endocrine_metabolic|gastrointestinal|hematologic_coagulation|hepatic|infectious|neurologic|other|psychiatric|pulmonary|renal,15,143,10,562,6,True,True,True,True,True,True,True,19,28,0.9833,matched_external_modality,no cardiac biomarker (troponin/BNP) recorded
case-000003,eligible_with_warning,no cardiac biomarker (troponin/BNP) recorded,real,A,real,hypertension|myocardial_infarction_acs|thromboembolic_cv|valvular_disease,allergy_immunologic|endocrine_metabolic|gastrointestinal|hematologic_coagulation|infectious|neurologic|other|psychiatric|pulmonary|renal,14,135,25,88,6,True,True,True,True,True,True,True,21,37,0.9833,matched_external_modality,no cardiac biomarker (troponin/BNP) recorded
case-000004,eligible,,real,A,real,heart_failure|hypertension|hypotension|shock|thromboembolic_cv|valvular_disease,endocrine_metabolic|gastrointestinal|hematologic_coagulation|infectious|neurologic|oncologic|other|psychiatric|pulmonary|renal,16,116,2,768,6,True,True,True,True,True,True,True,29,46,0.9833,matched_external_modality,
case-000005,eligible_with_warning,no cardiac biomarker (troponin/BNP) recorded,real,A,real,other_arrhythmia|thromboembolic_cv,endocrine_metabolic|gastrointestinal|hematologic_coagulation|hepatic|infectious|neurologic|other|psychiatric|pulmonary|renal,12,37,4,86,6,True,True,True,True,True,True,True,3,9,0.9833,matched_external_modality,no cardiac biomarker (troponin/BNP) recorded
case-000006,eligible_with_warning,no cardiac biomarker (troponin/BNP) recorded,real,A,real,cardiac_arrest|myocardial_infarction_acs,endocrine_metabolic|gastrointestinal|hematologic_coagulation|hepatic|infectious|neurologic|oncologic|other|pulmonary|renal,12,8,3,203,6,True,True,True,True,True,True,True,5,8,0.9833,matched_external_modality,no cardiac biomarker (troponin/BNP) recorded
case-000007,eligible_with_warning,no cardiac biomarker (troponin/BNP) recorded,real,A,real,hypertension|hypotension|other_arrhythmia|shock|tachycardia|thromboembolic_cv,allergy_immunologic|endocrine_metabolic|gastrointestinal|hematologic_coagulation|musculoskeletal|neurologic|oncologic|pulmonary|renal,15,216,35,96,6,True,True,True,True,True,True,True,21,40,0.9833,matched_external_modality,no cardiac biomarker (troponin/BNP) recorded
case-000008,eligible,,real,A,real,hypertension,allergy_immunologic|endocrine_metabolic|gastrointestinal|hematologic_coagulation|musculoskeletal|neurologic|other|pulmonary|renal,10,103,25,311,6,True,True,True,True,True,True,True,20,32,0.8933,matched_external_modality,
case-000009,eligible,,real,A,real,heart_block|hypertension,allergy_immunologic|endocrine_metabolic|gastrointestinal|hematologic_coagulation|infectious|oncologic|other|pulmonary|renal,11,99,3,204,6,True,True,True,True,True,True,True,21,48,0.9833,matched_external_modality,
case-000010,eligible,,real,A,real,cardiac_arrest|thromboembolic_cv,endocrine_metabolic|gastrointestinal|hematologic_coagulation|hepatic|infectious|neurologic|other|pulmonary|renal,11,81,1,359,6,True,True,True,True,True,True,True,12,13,0.9833,matched_external_modality,
case-000011,eligible,,real,A,real,atrial_fibrillation|heart_block|hypertension|other_arrhythmia,allergy_immunologic|endocrine_metabolic|gastrointestinal|hematologic_coagulation|infectious|oncologic|other|pulmonary|renal,13,49,3,105,6,True,True,True,True,True,True,True,12,27,0.9833,matched_external_modality,
case-000012,eligible,,real,A,real,hypertension|hypotension|myocardial_infarction_acs|shock,endocrine_metabolic|gastrointestinal|hematologic_coagulation|infectious|musculoskeletal|neurologic|psychiatric|pulmonary|renal,13,44,15,107,7,True,True,True,True,True,True,True,16,22,1.0,matched_external_modality,
case-000013,eligible,,real,A,real,hypertension,allergy_immunologic|endocrine_metabolic|gastrointestinal|hematologic_coagulation|musculoskeletal|neurologic|other|pulmonary|renal,10,37,10,227,6,True,True,True,True,True,True,True,11,21,0.8933,matched_external_modality,
case-000014,eligible_with_warning,no cardiac biomarker (troponin/BNP) recorded,real,A,real,heart_failure|thromboembolic_cv,endocrine_metabolic|gastrointestinal|hematologic_coagulation|infectious|neurologic|other|psychiatric|pulmonary|renal,11,28,1,188,5,True,True,True,True,True,True,True,3,7,0.9667,matched_external_modality,no cardiac biomarker (troponin/BNP) recorded
case-000015,eligible,,real,A,real,atrial_fibrillation|cardiac_arrest|heart_failure|hypertension|hypotension|other_arrhythmia|shock,gastrointestinal|hematologic_coagulation|hepatic|infectious|musculoskeletal|neurologic|oncologic|pulmonary|renal,16,27,2,193,6,True,True,True,True,True,True,True,3,9,0.9833,matched_external_modality,
case-000016,eligible_with_warning,no cardiac biomarker (troponin/BNP) recorded,real,A,real,hypertension|thromboembolic_cv,endocrine_metabolic|gastrointestinal|hematologic_coagulation|hepatic|infectious|neurologic|other|pulmonary|renal,11,20,1,118,6,True,True,True,True,True,True,True,8,18,0.9833,matched_external_modality,no cardiac biomarker (troponin/BNP) recorded
case-000017,eligible_with_warning,no cardiac biomarker (troponin/BNP) recorded,real,A,real,atrial_fibrillation|hypotension|myocardial_infarction_acs|other_arrhythmia|shock|thromboembolic_cv,endocrine_metabolic|gastrointestinal|hematologic_coagulation|infectious|musculoskeletal|neurologic|oncologic|pulmonary|renal,15,20,6,82,6,True,True,True,True,True,True,True,5,10,0.9833,matched_external_modality,no cardiac biomarker (troponin/BNP) recorded
case-000018,eligible,,real,A,real,atrial_fibrillation|cardiomyopathy|heart_block|heart_failure|hypotension|other_arrhythmia|shock|thromboembolic_cv|valvular_disease,gastrointestinal|hematologic_coagulation|musculoskeletal|neurologic|oncologic|other|psychiatric|pulmonary|renal,18,15,1,89,6,True,True,True,True,True,True,True,4,15,0.9833,matched_external_modality,
case-000019,eligible_with_warning,no cardiac biomarker (troponin/BNP) recorded,real,A,real,hypertension|thromboembolic_cv,endocrine_metabolic|gastrointestinal|hematologic_coagulation|infectious|neurologic|other|psychiatric|pulmonary|renal,11,13,1,72,6,True,True,True,True,True,True,True,6,7,0.9833,matched_external_modality,no cardiac biomarker (troponin/BNP) recorded
case-000020,eligible_with_warning,no cardiac biomarker (troponin/BNP) recorded,real,A,real,atrial_fibrillation|hypertension|other_arrhythmia|thromboembolic_cv,endocrine_metabolic|gastrointestinal|hematologic_coagulation|infectious|musculoskeletal|neurologic|other|pulmonary|renal,13,11,1,65,6,True,True,True,True,True,True,True,7,9,0.9833,matched_external_modality,no cardiac biomarker (troponin/BNP) recorded
case-000021,eligible_with_warning,no cardiac biomarker (troponin/BNP) recorded,real,A,real,hypotension|myocardial_infarction_acs|shock|thromboembolic_cv,gastrointestinal|hematologic_coagulation|hepatic|infectious|neurologic|oncologic|other|psychiatric|pulmonary,13,11,3,48,6,True,True,True,True,True,True,True,5,7,0.9833,matched_external_modality,no cardiac biomarker (troponin/BNP) recorded
case-000022,eligible,,real,A,real,atrial_fibrillation|cardiac_surgery|coronary_artery_disease|heart_failure|hypertension|other_arrhythmia|thromboembolic_cv,endocrine_metabolic|gastrointestinal|hematologic_coagulation|infectious|neurologic|other|psychiatric|pulmonary|renal,16,10,3,95,5,True,True,True,True,True,True,True,5,9,0.9667,matched_external_modality,
case-000023,eligible,,real,A,real,atrial_fibrillation|hypertension|hypotension|myocardial_infarction_acs|other_arrhythmia|shock|thromboembolic_cv,allergy_immunologic|endocrine_metabolic|gastrointestinal|hematologic_coagulation|infectious|musculoskeletal|neurologic|pulmonary|renal,16,10,1,214,7,True,True,True,True,True,True,True,4,9,1.0,matched_external_modality,
case-000024,eligible,,real,A,real,hypotension|myocardial_infarction_acs|other_arrhythmia|shock|tachycardia|thromboembolic_cv,endocrine_metabolic|gastrointestinal|hematologic_coagulation|infectious|neurologic|other|psychiatric|pulmonary|renal,15,5,2,123,7,True,True,True,True,True,True,True,1,2,0.928,matched_external_modality,
case-000025,eligible_with_warning,no cardiac biomarker (troponin/BNP) recorded,real,A,real,hypotension|shock|thromboembolic_cv,endocrine_metabolic|gastrointestinal|hematologic_coagulation|infectious|neurologic|other|psychiatric|pulmonary|renal,12,5,1,96,5,True,True,True,True,True,True,True,3,5,0.9667,matched_external_modality,no cardiac biomarker (troponin/BNP) recorded
case-000026,eligible,,real,A,real,cardiomyopathy|hypertension,endocrine_metabolic|gastrointestinal|hematologic_coagulation|infectious|musculoskeletal|neurologic|pulmonary|renal,10,155,10,99,6,True,True,True,True,True,True,True,2,20,0.9833,matched_external_modality,
case-000027,eligible,,real,A,real,atrial_fibrillation|heart_failure|hypertension|hypotension|myocardial_infarction_acs|other_arrhythmia|shock|thromboembolic_cv,endocrine_metabolic|gastrointestinal|hematologic_coagulation|infectious|neurologic|oncologic|pulmonary|renal,16,134,18,651,6,True,True,True,True,True,True,True,18,32,0.9833,matched_external_modality,
case-000028,eligible,,real,A,real,atrial_fibrillation|cardiac_arrest|hypertension|hypotension|other_arrhythmia|shock,allergy_immunologic|endocrine_metabolic|hematologic_coagulation|hepatic|infectious|musculoskeletal|neurologic|renal,14,118,3,286,6,True,True,True,True,True,True,True,9,14,0.9833,matched_external_modality,
case-000029,eligible,,real,A,real,atrial_fibrillation|heart_failure|hypertension|hypotension|myocardial_infarction_acs|other_arrhythmia|shock|tachycardia,allergy_immunologic|endocrine_metabolic|hematologic_coagulation|infectious|musculoskeletal|neurologic|pulmonary|renal,16,116,1,171,6,True,True,True,True,True,True,True,24,41,0.9833,matched_external_modality,
case-000030,eligible,,real,A,real,cardiac_arrest|hypertension|myocardial_infarction_acs,endocrine_metabolic|hematologic_coagulation|hepatic|musculoskeletal|neurologic|other|pulmonary|renal,11,89,1,246,6,True,True,True,True,True,True,True,23,35,0.9833,matched_external_modality,
case-000031,eligible,,real,A,real,heart_failure|hypertension,allergy_immunologic|endocrine_metabolic|gastrointestinal|hematologic_coagulation|musculoskeletal|neurologic|pulmonary|renal,10,68,10,370,6,True,True,True,True,True,True,True,19,40,0.9833,matched_external_modality,
case-000032,eligible,,real,A,real,cardiac_arrest|cardiac_surgery|coronary_artery_disease|heart_failure|hypertension|myocardial_infarction_acs|other_arrhythmia|shock|tachycardia,endocrine_metabolic|gastrointestinal|hematologic_coagulation|infectious|neurologic|other|pulmonary|renal,17,68,2,68,6,True,True,True,True,True,True,True,11,14,0.9833,matched_external_modality,
case-000033,eligible,,real,A,real,hypotension|shock|thromboembolic_cv,allergy_immunologic|endocrine_metabolic|gastrointestinal|hematologic_coagulation|infectious|musculoskeletal|pulmonary|renal,11,61,5,127,6,True,True,True,True,True,True,True,4,15,0.9833,matched_external_modality,
case-000034,eligible_with_warning,no cardiac biomarker (troponin/BNP) recorded,real,A,real,atrial_fibrillation|hypertension|other_arrhythmia,allergy_immunologic|endocrine_metabolic|gastrointestinal|hematologic_coagulation|hepatic|oncologic|pulmonary|renal,11,57,5,83,6,True,True,True,True,True,True,True,4,20,0.9833,matched_external_modality,no cardiac biomarker (troponin/BNP) recorded
case-000035,eligible,,real,A,real,hypertension,endocrine_metabolic|gastrointestinal|hematologic_coagulation|infectious|neurologic|other|pulmonary|renal,9,56,4,177,6,True,True,True,True,True,True,True,15,23,0.8933,matched_external_modality,
case-000036,eligible_with_warning,no cardiac biomarker (troponin/BNP) recorded,real,A,real,cardiac_arrest|hypertension|hypotension|shock,endocrine_metabolic|gastrointestinal|hematologic_coagulation|hepatic|infectious|neurologic|pulmonary|renal,12,53,4,314,6,True,True,True,True,True,True,True,14,24,0.9833,matched_external_modality,no cardiac biomarker (troponin/BNP) recorded
case-000037,eligible,,real,A,real,atrial_fibrillation|hypertension|hypotension|other_arrhythmia|shock,endocrine_metabolic|gastrointestinal|hematologic_coagulation|infectious|neurologic|other|pulmonary|renal,13,53,3,113,6,True,True,True,True,True,True,True,21,42,0.9833,matched_external_modality,
case-000038,eligible,,real,A,real,cardiac_surgery|heart_block|heart_failure|hypertension|shock|thromboembolic_cv|valvular_disease,endocrine_metabolic|gastrointestinal|hematologic_coagulation|infectious|neurologic|other|pulmonary|renal,15,51,1,172,6,True,True,True,True,True,True,True,22,36,0.9833,matched_external_modality,
case-000039,eligible,,real,A,real,atrial_fibrillation|bradycardia|cardiac_arrest|cardiac_surgery|cardiomyopathy|heart_failure|hypertension|myocardial_infarction_acs|other_arrhythmia|shock|tachycardia|thromboembolic_cv,endocrine_metabolic|gastrointestinal|hematologic_coagulation|infectious|musculoskeletal|neurologic|pulmonary|renal,20,47,2,177,6,True,True,True,True,True,True,True,20,29,0.9833,matched_external_modality,
case-000040,eligible_with_warning,no cardiac biomarker (troponin/BNP) recorded,real,A,real,hypertension|hypotension|shock,allergy_immunologic|endocrine_metabolic|gastrointestinal|hematologic_coagulation|infectious|neurologic|other|pulmonary,11,46,1,272,6,True,True,True,True,True,True,True,4,11,0.9833,matched_external_modality,no cardiac biomarker (troponin/BNP) recorded
case-000041,eligible,,real,A,real,atrial_fibrillation|bradycardia|cardiac_surgery|cardiomyopathy|heart_failure|hypertension|myocardial_infarction_acs|other_arrhythmia|tachycardia,endocrine_metabolic|gastrointestinal|hematologic_coagulation|musculoskeletal|neurologic|other|pulmonary|renal,17,39,2,223,6,True,True,True,True,True,True,True,19,32,0.9833,matched_external_modality,
case-000042,eligible_with_warning,no cardiac biomarker (troponin/BNP) recorded,real,A,real,atrial_fibrillation|other_arrhythmia,endocrine_metabolic|hematologic_coagulation|infectious|musculoskeletal|neurologic|other|pulmonary|renal,10,36,2,270,6,True,True,True,True,True,True,True,14,19,0.9833,matched_external_modality,no cardiac biomarker (troponin/BNP) recorded
case-000043,eligible,,real,A,real,cardiomyopathy|heart_block|heart_failure|hypertension|other_arrhythmia|thromboembolic_cv,endocrine_metabolic|gastrointestinal|hematologic_coagulation|infectious|musculoskeletal|neurologic|other|pulmonary,14,33,1,183,6,True,True,True,True,True,True,True,12,19,0.9833,matched_external_modality,
case-000044,eligible_with_warning,no cardiac biomarker (troponin/BNP) recorded,real,A,real,shock,endocrine_metabolic|gastrointestinal|hematologic_coagulation|hepatic|neurologic|oncologic|pulmonary|renal,9,32,5,48,7,True,True,True,True,True,True,True,1,5,0.91,matched_external_modality,no cardiac biomarker (troponin/BNP) recorded
case-000045,eligible,,real,A,real,atrial_fibrillation|hypertension|myocardial_infarction_acs|other_arrhythmia,allergy_immunologic|endocrine_metabolic|hematologic_coagulation|musculoskeletal|neurologic|other|pulmonary|renal,12,26,3,118,6,True,True,True,True,True,True,True,9,11,0.9833,matched_external_modality,
case-000046,eligible_with_warning,no cardiac biomarker (troponin/BNP) recorded,real,A,real,hypertension|thromboembolic_cv,endocrine_metabolic|gastrointestinal|hematologic_coagulation|infectious|neurologic|oncologic|pulmonary|renal,10,26,3,157,6,True,True,True,True,True,True,True,6,20,0.9833,matched_external_modality,no cardiac biomarker (troponin/BNP) recorded
case-000047,eligible,,real,A,real,hypertension|hypotension|shock|thromboembolic_cv,allergy_immunologic|endocrine_metabolic|hematologic_coagulation|infectious|neurologic|oncologic|pulmonary|renal,12,24,2,108,6,True,True,True,True,True,True,True,9,14,0.9833,matched_external_modality,
case-000048,eligible_with_warning,no cardiac biomarker (troponin/BNP) recorded,real,A,real,cardiac_surgery|cardiomyopathy|shock|thromboembolic_cv,endocrine_metabolic|gastrointestinal|hematologic_coagulation|infectious|musculoskeletal|other|pulmonary|renal,12,21,1,171,7,True,True,True,True,True,True,True,1,3,0.952,matched_external_modality,no cardiac biomarker (troponin/BNP) recorded
case-000049,eligible,,real,A,real,atrial_fibrillation|hypotension|other_arrhythmia|shock,hematologic_coagulation|hepatic|infectious|musculoskeletal|neurologic|psychiatric|pulmonary|renal,12,18,1,96,6,True,True,True,True,True,True,True,6,10,0.9833,matched_external_modality,
case-000050,eligible_with_warning,no cardiac biomarker (troponin/BNP) recorded,real,A,real,atrial_fibrillation|hypertension|other_arrhythmia|thromboembolic_cv,endocrine_metabolic|gastrointestinal|hematologic_coagulation|infectious|neurologic|other|pulmonary|renal,12,18,2,58,6,True,True,True,True,True,True,True,6,8,0.9833,matched_external_modality,no cardiac biomarker (troponin/BNP) recorded
case-000051,eligible_with_warning,no cardiac biomarker (troponin/BNP) recorded,real,A,real,hypertension|other_arrhythmia|thromboembolic_cv,endocrine_metabolic|gastrointestinal|hematologic_coagulation|musculoskeletal|neurologic|other|pulmonary|renal,11,17,4,109,6,True,True,True,True,True,True,True,4,8,0.9833,matched_external_modality,no cardiac biomarker (troponin/BNP) recorded
case-000052,eligible,,real,A,real,atrial_fibrillation|hypertension|myocardial_infarction_acs|other_arrhythmia|thromboembolic_cv,endocrine_metabolic|gastrointestinal|hematologic_coagulation|infectious|neurologic|oncologic|pulmonary|renal,13,15,10,272,6,True,True,True,True,True,True,True,3,9,0.9833,matched_external_modality,
case-000053,eligible_with_warning,no cardiac biomarker (troponin/BNP) recorded,real,A,real,cardiac_surgery|hypertension|thromboembolic_cv,endocrine_metabolic|gastrointestinal|hematologic_coagulation|hepatic|infectious|oncologic|other|pulmonary,11,13,1,331,6,True,True,True,True,True,True,True,7,13,0.9833,matched_external_modality,no cardiac biomarker (troponin/BNP) recorded
case-000054,eligible,,real,A,real,heart_failure,endocrine_metabolic|gastrointestinal|hematologic_coagulation|infectious|neurologic|oncologic|psychiatric|pulmonary,9,13,1,89,6,True,True,True,True,True,True,True,7,10,0.8933,matched_external_modality,
case-000055,eligible,,real,A,real,cardiac_arrest|coronary_artery_disease|myocardial_infarction_acs,gastrointestinal|hematologic_coagulation|hepatic|musculoskeletal|neurologic|other|pulmonary|renal,11,12,2,209,7,True,True,True,True,True,True,True,6,12,1.0,matched_external_modality,
case-000056,eligible,,real,A,real,hypertension|hypotension|shock|thromboembolic_cv,endocrine_metabolic|gastrointestinal|hematologic_coagulation|infectious|neurologic|oncologic|pulmonary|renal,12,12,2,162,7,True,True,True,True,True,True,True,1,12,1.0,matched_external_modality,
case-000057,eligible_with_warning,no cardiac biomarker (troponin/BNP) recorded,real,A,real,cardiac_surgery|thromboembolic_cv,endocrine_metabolic|gastrointestinal|hematologic_coagulation|infectious|neurologic|oncologic|other|pulmonary,10,12,3,201,6,True,True,True,True,True,True,True,2,12,0.9833,matched_external_modality,no cardiac biomarker (troponin/BNP) recorded
case-000058,eligible_with_warning,no cardiac biomarker (troponin/BNP) recorded,real,A,real,heart_failure|hypertension|myocardial_infarction_acs|other_arrhythmia|thromboembolic_cv,endocrine_metabolic|gastrointestinal|hematologic_coagulation|infectious|musculoskeletal|neurologic|pulmonary|renal,13,11,2,171,6,True,True,True,True,True,True,True,5,11,0.9833,matched_external_modality,no cardiac biomarker (troponin/BNP) recorded
case-000059,eligible_with_warning,no cardiac biomarker (troponin/BNP) recorded,real,A,real,cardiac_surgery|hypertension|hypotension|shock,endocrine_metabolic|gastrointestinal|hematologic_coagulation|infectious|oncologic|other|pulmonary|renal,12,10,1,139,7,True,True,True,True,True,True,True,2,10,1.0,matched_external_modality,no cardiac biomarker (troponin/BNP) recorded
case-000060,eligible,,real,A,real,myocardial_infarction_acs|thromboembolic_cv,gastrointestinal|hematologic_coagulation|hepatic|infectious|neurologic|oncologic|pulmonary|renal,10,9,1,233,6,True,True,True,True,True,True,True,2,9,0.9833,matched_external_modality,
case-000061,eligible_with_warning,no cardiac biomarker (troponin/BNP) recorded,real,A,real,atrial_fibrillation|heart_failure|hypertension|other_arrhythmia|thromboembolic_cv,endocrine_metabolic|gastrointestinal|hematologic_coagulation|infectious|musculoskeletal|neurologic|pulmonary|renal,13,9,9,105,6,True,True,True,True,True,True,True,6,6,0.9833,matched_external_modality,no cardiac biomarker (troponin/BNP) recorded
case-000062,eligible_with_warning,no cardiac biomarker (troponin/BNP) recorded,real,A,real,cardiac_surgery|coronary_artery_disease|hypertension|hypotension|shock|thromboembolic_cv,endocrine_metabolic|gastrointestinal|hematologic_coagulation|infectious|musculoskeletal|neurologic|pulmonary|renal,14,8,3,61,5,True,True,True,True,True,True,True,4,7,0.9667,matched_external_modality,no cardiac biomarker (troponin/BNP) recorded
case-000063,eligible_with_warning,no cardiac biomarker (troponin/BNP) recorded,real,A,real,cardiac_surgery|cardiomyopathy|heart_failure|shock|valvular_disease,endocrine_metabolic|gastrointestinal|hematologic_coagulation|infectious|musculoskeletal|other|pulmonary|renal,13,8,1,490,6,True,True,True,True,True,True,True,1,8,0.9833,matched_external_modality,no cardiac biomarker (troponin/BNP) recorded
case-000064,eligible_with_warning,no cardiac biomarker (troponin/BNP) recorded,real,A,real,coronary_artery_disease|heart_failure|hypertension|myocardial_infarction_acs|thromboembolic_cv,endocrine_metabolic|gastrointestinal|hematologic_coagulation|infectious|neurologic|other|pulmonary|renal,13,7,1,104,6,True,True,True,True,True,True,True,3,7,0.9833,matched_external_modality,no cardiac biomarker (troponin/BNP) recorded
case-000065,eligible_with_warning,no cardiac biomarker (troponin/BNP) recorded,real,A,real,hypertension|thromboembolic_cv,endocrine_metabolic|gastrointestinal|hematologic_coagulation|neurologic|other|psychiatric|pulmonary|renal,10,6,1,30,5,True,True,True,True,True,True,True,4,5,0.9667,matched_external_modality,no cardiac biomarker (troponin/BNP) recorded
case-000066,eligible,,real,A,real,cardiac_surgery|coronary_artery_disease|heart_block|hypertension|hypotension|shock|thromboembolic_cv,endocrine_metabolic|gastrointestinal|hematologic_coagulation|infectious|neurologic|pulmonary|renal,14,649,11,346,6,True,True,True,True,True,True,True,6,35,0.9833,matched_external_modality,
case-000067,eligible,,real,A,real,hypotension|myocardial_infarction_acs|shock|thromboembolic_cv,endocrine_metabolic|gastrointestinal|hematologic_coagulation|infectious|neurologic|pulmonary|renal,11,472,4,218,7,True,True,True,True,True,True,True,9,16,1.0,matched_external_modality,
case-000068,eligible,,real,A,real,cardiac_surgery|coronary_artery_disease|heart_block|hypertension|hypotension|shock|thromboembolic_cv,endocrine_metabolic|gastrointestinal|hematologic_coagulation|infectious|neurologic|pulmonary|renal,14,277,2,170,6,True,True,True,True,True,True,True,3,12,0.9833,matched_external_modality,
case-000069,eligible_with_warning,no cardiac biomarker (troponin/BNP) recorded,real,A,real,hypotension|shock,endocrine_metabolic|gastrointestinal|hematologic_coagulation|infectious|neurologic|pulmonary|renal,9,195,2,148,7,True,True,True,True,True,True,True,21,34,1.0,matched_external_modality,no cardiac biomarker (troponin/BNP) recorded
case-000070,eligible,,real,A,real,atrial_fibrillation|hypertension|other_arrhythmia,endocrine_metabolic|gastrointestinal|hematologic_coagulation|hepatic|oncologic|other|pulmonary,10,162,12,355,6,True,True,True,True,True,True,True,21,47,0.9833,matched_external_modality,
case-000071,eligible,,real,A,real,cardiac_arrest|hypertension|hypotension|shock,endocrine_metabolic|gastrointestinal|hematologic_coagulation|infectious|neurologic|pulmonary|renal,11,140,1,185,6,True,True,True,True,True,True,True,12,21,0.9833,matched_external_modality,
case-000072,eligible_with_warning,no cardiac biomarker (troponin/BNP) recorded,real,A,real,hypertension|hypotension|shock|thromboembolic_cv,endocrine_metabolic|gastrointestinal|hematologic_coagulation|infectious|neurologic|pulmonary|renal,11,109,10,52,6,True,True,True,True,True,True,True,17,31,0.9833,matched_external_modality,no cardiac biomarker (troponin/BNP) recorded
case-000073,eligible_with_warning,no cardiac biomarker (troponin/BNP) recorded,real,A,real,heart_failure|hypertension|myocardial_infarction_acs,endocrine_metabolic|hematologic_coagulation|infectious|neurologic|oncologic|pulmonary|renal,10,100,3,782,6,True,True,True,True,True,True,True,25,36,0.9833,matched_external_modality,no cardiac biomarker (troponin/BNP) recorded
case-000074,eligible_with_warning,no cardiac biomarker (troponin/BNP) recorded,real,A,real,hypertension|thromboembolic_cv,endocrine_metabolic|gastrointestinal|hematologic_coagulation|infectious|other|pulmonary|renal,9,88,9,624,6,True,True,True,True,True,True,True,22,35,0.9833,matched_external_modality,no cardiac biomarker (troponin/BNP) recorded
case-000075,eligible_with_warning,no cardiac biomarker (troponin/BNP) recorded,real,A,real,hypertension|thromboembolic_cv,gastrointestinal|hematologic_coagulation|hepatic|neurologic|other|psychiatric|pulmonary,9,87,7,129,6,True,True,True,True,True,True,True,11,25,0.9833,matched_external_modality,no cardiac biomarker (troponin/BNP) recorded
case-000076,eligible,,real,A,real,hypotension|shock|thromboembolic_cv,endocrine_metabolic|gastrointestinal|hematologic_coagulation|oncologic|other|pulmonary|renal,10,62,6,214,7,True,True,True,True,True,True,True,20,33,1.0,matched_external_modality,
case-000077,eligible,,real,A,real,heart_failure|hypertension|thromboembolic_cv,gastrointestinal|hematologic_coagulation|infectious|neurologic|oncologic|other|pulmonary,10,61,2,331,6,True,True,True,True,True,True,True,11,22,0.9833,matched_external_modality,
case-000078,eligible_with_warning,no cardiac biomarker (troponin/BNP) recorded,real,A,real,heart_failure|hypertension,gastrointestinal|hematologic_coagulation|hepatic|infectious|neurologic|pulmonary|renal,9,58,1,61,6,True,True,True,True,True,True,True,7,17,0.9833,matched_external_modality,no cardiac biomarker (troponin/BNP) recorded
case-000079,eligible,,real,A,real,atrial_fibrillation|cardiac_surgery|heart_block|heart_failure|hypertension|other_arrhythmia|shock|valvular_disease,endocrine_metabolic|gastrointestinal|hematologic_coagulation|neurologic|other|pulmonary|renal,15,57,1,174,6,True,True,True,True,True,True,True,8,23,0.9833,matched_external_modality,
case-000080,eligible_with_warning,no cardiac biomarker (troponin/BNP) recorded,real,A,real,hypertension|hypotension|shock|thromboembolic_cv,endocrine_metabolic|gastrointestinal|hematologic_coagulation|infectious|neurologic|pulmonary|renal,11,56,6,78,6,True,True,True,True,True,True,True,10,22,0.9833,matched_external_modality,no cardiac biomarker (troponin/BNP) recorded
case-000081,eligible,,real,A,real,hypotension|shock,endocrine_metabolic|gastrointestinal|infectious|neurologic|other|pulmonary|renal,9,55,2,279,6,True,True,True,True,True,True,True,13,19,0.9833,matched_external_modality,
case-000082,eligible,,real,A,real,cardiac_arrest|heart_failure|other_arrhythmia,gastrointestinal|hematologic_coagulation|infectious|neurologic|other|pulmonary|renal,10,53,2,209,6,True,True,True,True,True,True,True,16,26,0.9833,matched_external_modality,
case-000083,eligible,,real,A,real,atrial_fibrillation|hypertension|hypotension|other_arrhythmia|shock|thromboembolic_cv,endocrine_metabolic|gastrointestinal|hematologic_coagulation|infectious|neurologic|pulmonary|renal,13,51,3,278,6,True,True,True,True,True,True,True,21,33,0.9833,matched_external_modality,
case-000084,eligible_with_warning,no cardiac biomarker (troponin/BNP) recorded,real,A,real,hypotension|shock,gastrointestinal|hematologic_coagulation|infectious|neurologic|other|pulmonary|renal,9,51,4,164,6,True,True,True,True,True,True,True,20,33,0.9833,matched_external_modality,no cardiac biomarker (troponin/BNP) recorded
case-000085,eligible,,real,A,real,cardiac_surgery,endocrine_metabolic|gastrointestinal|hematologic_coagulation|infectious|neurologic|oncologic|pulmonary,8,48,3,106,6,True,True,True,True,True,True,True,1,22,0.8933,matched_external_modality,
case-000086,eligible_with_warning,no cardiac biomarker (troponin/BNP) recorded,real,A,real,myocardial_infarction_acs|thromboembolic_cv,endocrine_metabolic|gastrointestinal|hematologic_coagulation|infectious|neurologic|other|pulmonary,9,45,5,172,6,True,True,True,True,True,True,True,6,9,0.9833,matched_external_modality,no cardiac biomarker (troponin/BNP) recorded
case-000087,eligible_with_warning,no cardiac biomarker (troponin/BNP) recorded,real,A,real,hypertension|thromboembolic_cv,endocrine_metabolic|gastrointestinal|hematologic_coagulation|neurologic|other|psychiatric|pulmonary,9,45,12,45,6,True,True,True,True,True,True,True,6,14,0.9833,matched_external_modality,no cardiac biomarker (troponin/BNP) recorded
case-000088,eligible,,real,A,real,atrial_fibrillation|bradycardia|coronary_artery_disease|hypertension|hypotension|myocardial_infarction_acs|other_arrhythmia|shock,endocrine_metabolic|gastrointestinal|hematologic_coagulation|hepatic|neurologic|pulmonary|renal,15,42,1,56,6,True,True,True,True,True,True,True,12,27,0.9833,matched_external_modality,
case-000089,eligible,,real,A,real,hypertension|thromboembolic_cv,endocrine_metabolic|gastrointestinal|hematologic_coagulation|neurologic|other|pulmonary|renal,9,41,9,248,6,True,True,True,True,True,True,True,11,23,0.9833,matched_external_modality,
case-000090,eligible_with_warning,no cardiac biomarker (troponin/BNP) recorded,real,A,real,atrial_fibrillation|cardiac_surgery|heart_block|heart_failure|hypotension|other_arrhythmia|shock,endocrine_metabolic|gastrointestinal|hematologic_coagulation|infectious|other|pulmonary|renal,14,40,12,117,7,True,True,True,True,True,True,True,5,10,1.0,matched_external_modality,no cardiac biomarker (troponin/BNP) recorded
case-000091,eligible_with_warning,no cardiac biomarker (troponin/BNP) recorded,real,A,real,hypertension,gastrointestinal|hematologic_coagulation|infectious|neurologic|other|psychiatric|pulmonary,8,37,2,256,6,True,True,True,True,True,True,True,6,19,0.8933,matched_external_modality,no cardiac biomarker (troponin/BNP) recorded
case-000092,eligible_with_warning,no cardiac biomarker (troponin/BNP) recorded,real,A,real,coronary_artery_disease|hypertension|myocardial_infarction_acs|other_arrhythmia|thromboembolic_cv,endocrine_metabolic|gastrointestinal|hematologic_coagulation|neurologic|oncologic|pulmonary|renal,12,35,6,15,6,True,True,True,True,True,True,True,7,20,0.9833,matched_external_modality,no cardiac biomarker (troponin/BNP) recorded
case-000093,eligible,,real,A,real,heart_failure|hypertension|myocardial_infarction_acs|thromboembolic_cv,endocrine_metabolic|gastrointestinal|hematologic_coagulation|infectious|other|pulmonary|renal,11,34,9,100,6,True,True,True,True,True,True,True,15,22,0.9833,matched_external_modality,
case-000094,eligible,,real,A,real,hypertension|other_arrhythmia|shock|thromboembolic_cv,gastrointestinal|hematologic_coagulation|infectious|neurologic|other|pulmonary|renal,11,34,1,498,5,True,True,True,True,True,True,True,7,11,0.9667,matched_external_modality,
case-000095,eligible_with_warning,no cardiac biomarker (troponin/BNP) recorded,real,A,real,heart_failure|hypertension|myocardial_infarction_acs|thromboembolic_cv,endocrine_metabolic|gastrointestinal|hematologic_coagulation|infectious|neurologic|pulmonary|renal,11,34,1,185,6,True,True,True,True,True,True,True,12,31,0.9833,matched_external_modality,no cardiac biomarker (troponin/BNP) recorded
case-000096,eligible_with_warning,no cardiac biomarker (troponin/BNP) recorded,real,A,real,atrial_fibrillation|heart_failure|hypertension|hypotension|myocardial_infarction_acs|other_arrhythmia|shock|thromboembolic_cv,endocrine_metabolic|hematologic_coagulation|infectious|neurologic|oncologic|pulmonary|renal,15,34,2,59,6,True,True,True,True,True,True,True,11,27,0.9833,matched_external_modality,no cardiac biomarker (troponin/BNP) recorded
case-000097,eligible_with_warning,no cardiac biomarker (troponin/BNP) recorded,real,A,real,cardiac_surgery|heart_block|heart_failure|hypertension|other_arrhythmia|thromboembolic_cv,allergy_immunologic|gastrointestinal|hematologic_coagulation|infectious|musculoskeletal|neurologic|renal,13,33,4,93,6,True,True,True,True,True,True,True,11,14,0.9833,matched_external_modality,no cardiac biomarker (troponin/BNP) recorded
case-000098,eligible_with_warning,no cardiac biomarker (troponin/BNP) recorded,real,A,real,atrial_fibrillation|hypertension|other_arrhythmia,endocrine_metabolic|gastrointestinal|hematologic_coagulation|neurologic|other|pulmonary|renal,10,32,5,258,6,True,True,True,True,True,True,True,15,18,0.9833,matched_external_modality,no cardiac biomarker (troponin/BNP) recorded
case-000099,eligible_with_warning,no cardiac biomarker (troponin/BNP) recorded,real,A,real,thromboembolic_cv,gastrointestinal|hematologic_coagulation|neurologic|oncologic|other|pulmonary|renal,8,30,1,67,6,True,True,True,True,True,True,True,11,27,0.8933,matched_external_modality,no cardiac biomarker (troponin/BNP) recorded
case-000100,eligible_with_warning,no cardiac biomarker (troponin/BNP) recorded,real,A,real,hypertension|myocardial_infarction_acs|thromboembolic_cv,gastrointestinal|hematologic_coagulation|infectious|neurologic|oncologic|pulmonary|renal,10,28,1,38,6,True,True,True,True,True,True,True,10,13,0.9833,matched_external_modality,no cardiac biomarker (troponin/BNP) recorded
case-000101,eligible_with_warning,no cardiac biomarker (troponin/BNP) recorded,real,A,real,thromboembolic_cv,endocrine_metabolic|gastrointestinal|hematologic_coagulation|infectious|neurologic|psychiatric|renal,8,28,3,99,6,True,True,True,True,True,True,True,13,18,0.8933,matched_external_modality,no cardiac biomarker (troponin/BNP) recorded
case-000102,eligible_with_warning,no cardiac biomarker (troponin/BNP) recorded,real,A,real,hypotension|myocardial_infarction_acs|other_arrhythmia|shock|tachycardia|thromboembolic_cv,endocrine_metabolic|gastrointestinal|hematologic_coagulation|infectious|neurologic|pulmonary|renal,13,27,2,111,6,True,True,True,True,True,True,True,9,14,0.9833,matched_external_modality,no cardiac biomarker (troponin/BNP) recorded
case-000103,eligible,,real,A,real,thromboembolic_cv,gastrointestinal|hematologic_coagulation|infectious|neurologic|other|psychiatric|pulmonary,8,21,14,50,6,True,True,True,True,True,True,True,9,18,0.8933,matched_external_modality,
case-000104,eligible,,real,A,real,cardiac_surgery|hypertension|hypotension|myocardial_infarction_acs|shock|thromboembolic_cv,gastrointestinal|hematologic_coagulation|infectious|neurologic|oncologic|pulmonary|renal,13,20,3,142,7,True,True,True,True,True,True,True,3,20,1.0,matched_external_modality,
case-000105,eligible_with_warning,no cardiac biomarker (troponin/BNP) recorded,real,A,real,coronary_artery_disease|hypertension|thromboembolic_cv,endocrine_metabolic|gastrointestinal|hematologic_coagulation|neurologic|other|pulmonary|renal,10,20,2,77,6,True,True,True,True,True,True,True,6,11,0.9833,matched_external_modality,no cardiac biomarker (troponin/BNP) recorded
case-000106,eligible_with_warning,no cardiac biomarker (troponin/BNP) recorded,real,A,real,hypertension|myocardial_infarction_acs|valvular_disease,endocrine_metabolic|gastrointestinal|hematologic_coagulation|neurologic|other|pulmonary|renal,10,16,3,52,6,True,True,True,True,True,True,True,5,7,0.9833,matched_external_modality,no cardiac biomarker (troponin/BNP) recorded
case-000107,eligible_with_warning,no cardiac biomarker (troponin/BNP) recorded,real,A,real,hypertension|other_arrhythmia|thromboembolic_cv,endocrine_metabolic|gastrointestinal|hematologic_coagulation|neurologic|other|pulmonary|renal,10,16,5,60,6,True,True,True,True,True,True,True,1,15,0.9833,matched_external_modality,no cardiac biomarker (troponin/BNP) recorded
case-000108,eligible,,real,A,real,atrial_fibrillation|hypertension|hypotension|other_arrhythmia|shock|valvular_disease,endocrine_metabolic|gastrointestinal|hematologic_coagulation|infectious|neurologic|oncologic|renal,13,16,1,120,6,True,True,True,True,True,True,True,7,14,0.9833,matched_external_modality,
case-000109,eligible,,real,A,real,atrial_fibrillation|coronary_artery_disease|other_arrhythmia,endocrine_metabolic|gastrointestinal|hematologic_coagulation|infectious|neurologic|pulmonary|renal,10,15,2,37,6,True,True,True,True,True,True,True,2,15,0.9683,matched_external_modality,
case-000110,eligible_with_warning,no cardiac biomarker (troponin/BNP) recorded,real,A,real,atrial_fibrillation|hypertension|myocardial_infarction_acs|other_arrhythmia|thromboembolic_cv,endocrine_metabolic|gastrointestinal|hematologic_coagulation|infectious|oncologic|pulmonary|renal,12,15,3,682,5,True,True,True,True,True,True,True,2,2,0.8947,matched_external_modality,no cardiac biomarker (troponin/BNP) recorded
case-000111,eligible,,real,A,real,thromboembolic_cv,endocrine_metabolic|gastrointestinal|hematologic_coagulation|infectious|neurologic|other|pulmonary,8,14,1,31,6,True,True,True,True,True,True,True,4,11,0.8933,matched_external_modality,
case-000112,eligible_with_warning,no cardiac biomarker (troponin/BNP) recorded,real,A,real,hypertension,allergy_immunologic|endocrine_metabolic|gastrointestinal|hematologic_coagulation|neurologic|oncologic|pulmonary,8,14,1,59,6,True,True,True,True,True,True,True,6,13,0.8933,matched_external_modality,no cardiac biomarker (troponin/BNP) recorded
case-000113,eligible,,real,A,real,atrial_fibrillation|hypertension|myocardial_infarction_acs|other_arrhythmia|thromboembolic_cv,endocrine_metabolic|hematologic_coagulation|infectious|neurologic|oncologic|pulmonary|renal,12,13,5,159,6,True,True,True,True,True,True,True,7,13,0.9833,matched_external_modality,
case-000114,eligible_with_warning,no cardiac biomarker (troponin/BNP) recorded,real,A,real,hypotension|other_arrhythmia|shock|thromboembolic_cv,endocrine_metabolic|gastrointestinal|hematologic_coagulation|musculoskeletal|neurologic|other|renal,11,11,2,89,6,True,True,True,True,True,True,True,7,11,0.9833,matched_external_modality,no cardiac biomarker (troponin/BNP) recorded
case-000115,eligible_with_warning,no_medication_label_evidence,real,A,real,hypertension|other_arrhythmia,endocrine_metabolic|gastrointestinal|hematologic_coagulation|neurologic|oncologic|pulmonary|renal,9,10,4,174,6,True,True,True,True,True,True,False,0,10,0.9833,matched_external_modality,no_medication_label_evidence
case-000116,eligible,,real,A,real,cardiac_surgery|hypertension|myocardial_infarction_acs|other_arrhythmia|thromboembolic_cv,endocrine_metabolic|gastrointestinal|hematologic_coagulation|infectious|neurologic|pulmonary|renal,12,10,2,64,6,True,True,True,True,True,True,True,3,10,0.9833,matched_external_modality,
case-000117,eligible_with_warning,no cardiac biomarker (troponin/BNP) recorded,real,A,real,coronary_artery_disease|myocardial_infarction_acs|thromboembolic_cv,endocrine_metabolic|gastrointestinal|hematologic_coagulation|infectious|neurologic|other|pulmonary,10,10,6,71,6,True,True,True,True,True,True,True,5,7,0.9833,matched_external_modality,no cardiac biomarker (troponin/BNP) recorded
case-000118,eligible_with_warning,no cardiac biomarker (troponin/BNP) recorded,real,A,real,cardiac_arrest|thromboembolic_cv,endocrine_metabolic|hematologic_coagulation|hepatic|neurologic|other|pulmonary|renal,9,8,1,19,6,True,True,True,True,True,True,True,4,6,0.9833,matched_external_modality,no cardiac biomarker (troponin/BNP) recorded
case-000119,eligible,,real,A,real,hypertension|thromboembolic_cv,gastrointestinal|hematologic_coagulation|hepatic|infectious|neurologic|oncologic|pulmonary,9,7,1,28,6,True,True,True,True,True,True,True,5,7,0.9833,matched_external_modality,
case-000120,eligible,,real,A,real,hypertension|myocardial_infarction_acs|other_arrhythmia|thromboembolic_cv,endocrine_metabolic|gastrointestinal|hematologic_coagulation|infectious|neurologic|other|pulmonary,11,6,2,244,6,True,True,True,True,True,True,True,2,6,0.9833,matched_external_modality,
case-000121,eligible_with_warning,no cardiac biomarker (troponin/BNP) recorded,real,A,real,hypertension|thromboembolic_cv,endocrine_metabolic|gastrointestinal|hematologic_coagulation|infectious|neurologic|pulmonary|renal,9,5,1,81,6,True,True,True,True,True,True,True,4,5,0.9833,matched_external_modality,no cardiac biomarker (troponin/BNP) recorded
case-000122,eligible_with_warning,no cardiac biomarker (troponin/BNP) recorded,real,A,real,atrial_fibrillation|cardiac_surgery|hypertension|other_arrhythmia|shock|thromboembolic_cv|valvular_disease,endocrine_metabolic|gastrointestinal|hematologic_coagulation|infectious|oncologic|pulmonary|renal,14,5,8,1141,7,True,True,True,True,True,True,True,1,5,1.0,matched_external_modality,no cardiac biomarker (troponin/BNP) recorded
case-000123,eligible_with_warning,no cardiac biomarker (troponin/BNP) recorded,real,A,real,atrial_fibrillation|heart_failure|hypertension|myocardial_infarction_acs|other_arrhythmia,allergy_immunologic|gastrointestinal|infectious|musculoskeletal|other|pulmonary,11,304,6,283,6,True,True,True,True,True,True,True,21,34,0.9833,matched_external_modality,no cardiac biomarker (troponin/BNP) recorded
case-000124,eligible_with_warning,no cardiac biomarker (troponin/BNP) recorded,real,A,real,hypertension|other_arrhythmia|thromboembolic_cv,gastrointestinal|hematologic_coagulation|neurologic|other|pulmonary|renal,9,198,3,710,6,True,True,True,True,True,True,True,13,39,0.9833,matched_external_modality,no cardiac biomarker (troponin/BNP) recorded
case-000125,eligible,,real,A,real,hypotension|shock,endocrine_metabolic|infectious|neurologic|other|pulmonary|renal,8,195,3,337,6,True,True,True,True,True,True,True,26,38,0.9833,matched_external_modality,
case-000126,eligible,,real,A,real,hypertension|myocardial_infarction_acs,gastrointestinal|hematologic_coagulation|infectious|oncologic|pulmonary|renal,8,185,1,635,6,True,True,True,True,True,True,True,13,60,0.9833,matched_external_modality,
case-000127,eligible,,real,A,real,heart_failure|hypotension|shock,endocrine_metabolic|gastrointestinal|hematologic_coagulation|infectious|pulmonary|renal,9,125,1,192,5,True,True,True,True,True,True,True,12,22,0.9667,matched_external_modality,
case-000128,eligible,,real,A,real,atrial_fibrillation|heart_failure|hypertension|hypotension|myocardial_infarction_acs|other_arrhythmia|shock,endocrine_metabolic|hematologic_coagulation|infectious|neurologic|other|pulmonary,13,120,70,162,6,True,True,True,True,True,True,True,6,24,0.9833,matched_external_modality,
case-000129,eligible,,real,A,real,cardiac_surgery|hypertension,endocrine_metabolic|gastrointestinal|hematologic_coagulation|neurologic|pulmonary|renal,8,108,1,125,6,True,True,True,True,True,True,True,7,35,0.9833,matched_external_modality,
case-000130,eligible_with_warning,no cardiac biomarker (troponin/BNP) recorded,real,A,real,atrial_fibrillation|heart_failure|hypertension|myocardial_infarction_acs|other_arrhythmia|valvular_disease,gastrointestinal|hematologic_coagulation|infectious|neurologic|pulmonary|renal,12,105,2,132,6,True,True,True,True,True,True,True,18,42,0.9833,matched_external_modality,no cardiac biomarker (troponin/BNP) recorded
case-000131,eligible_with_warning,no cardiac biomarker (troponin/BNP) recorded,real,A,real,hypertension|other_arrhythmia|shock|thromboembolic_cv,endocrine_metabolic|hematologic_coagulation|infectious|oncologic|pulmonary|renal,10,99,1,727,6,True,True,True,True,True,True,True,16,36,0.9833,matched_external_modality,no cardiac biomarker (troponin/BNP) recorded
case-000132,eligible,,real,A,real,cardiac_surgery|heart_failure|hypertension|other_arrhythmia,endocrine_metabolic|gastrointestinal|hematologic_coagulation|infectious|pulmonary|renal,10,96,3,292,6,True,True,True,True,True,True,True,16,39,0.9833,matched_external_modality,
case-000133,eligible,,real,A,real,atrial_fibrillation|heart_failure|hypertension|myocardial_infarction_acs|other_arrhythmia|thromboembolic_cv,gastrointestinal|hematologic_coagulation|infectious|neurologic|pulmonary|renal,12,86,2,181,6,True,True,True,True,True,True,True,14,33,0.9833,matched_external_modality,
case-000134,eligible,,real,A,real,hypotension|myocardial_infarction_acs|shock|thromboembolic_cv,endocrine_metabolic|gastrointestinal|hematologic_coagulation|infectious|neurologic|pulmonary,10,80,6,161,7,True,True,True,True,True,True,True,3,13,1.0,matched_external_modality,
case-000135,eligible_with_warning,no cardiac biomarker (troponin/BNP) recorded,real,A,real,cardiac_surgery|thromboembolic_cv|valvular_disease,gastrointestinal|hematologic_coagulation|infectious|neurologic|other|pulmonary,9,80,1,157,7,True,True,True,True,True,True,True,28,40,1.0,matched_external_modality,no cardiac biomarker (troponin/BNP) recorded
case-000136,eligible,,real,A,real,cardiac_surgery|heart_failure|hypertension|myocardial_infarction_acs|thromboembolic_cv,endocrine_metabolic|gastrointestinal|hematologic_coagulation|infectious|pulmonary|renal,11,79,2,344,6,True,True,True,True,True,True,True,16,34,0.9833,matched_external_modality,
case-000137,eligible,,real,A,real,hypertension|myocardial_infarction_acs,allergy_immunologic|gastrointestinal|hepatic|musculoskeletal|neurologic|pulmonary,8,68,4,131,6,True,True,True,True,True,True,True,20,40,0.9833,matched_external_modality,
case-000138,eligible_with_warning,no cardiac biomarker (troponin/BNP) recorded,real,A,real,hypertension|hypotension|shock,endocrine_metabolic|hematologic_coagulation|infectious|neurologic|pulmonary|renal,9,65,1,274,6,True,True,True,True,True,True,True,16,36,0.9833,matched_external_modality,no cardiac biomarker (troponin/BNP) recorded
case-000139,eligible,,real,A,real,hypotension|shock|valvular_disease,endocrine_metabolic|gastrointestinal|hematologic_coagulation|infectious|other|pulmonary,9,62,2,624,6,True,True,True,True,True,True,True,14,25,0.9833,matched_external_modality,
case-000140,eligible,,real,A,real,cardiac_surgery|heart_failure|hypotension|myocardial_infarction_acs|shock,hematologic_coagulation|infectious|neurologic|oncologic|pulmonary|renal,11,59,2,352,5,True,True,True,True,True,True,True,8,14,0.9667,matched_external_modality,
case-000141,eligible,,real,A,real,atrial_fibrillation|hypertension|myocardial_infarction_acs|other_arrhythmia,endocrine_metabolic|gastrointestinal|hematologic_coagulation|infectious|pulmonary|renal,10,56,2,204,6,True,True,True,True,True,True,True,1,18,0.9833,matched_external_modality,
case-000142,eligible,,real,A,real,heart_failure|hypertension|myocardial_infarction_acs,endocrine_metabolic|gastrointestinal|hematologic_coagulation|neurologic|oncologic|pulmonary,9,52,12,100,6,True,True,True,True,True,True,True,7,15,0.9833,matched_external_modality,
case-000143,eligible,,real,A,real,cardiac_surgery|coronary_artery_disease|hypertension|myocardial_infarction_acs|pci|shock|thromboembolic_cv,endocrine_metabolic|hematologic_coagulation|infectious|neurologic|other|pulmonary,13,51,1,231,7,True,True,True,True,True,True,True,16,30,1.0,matched_external_modality,
case-000144,eligible,,real,A,real,heart_block|hypertension|other_arrhythmia|thromboembolic_cv,endocrine_metabolic|gastrointestinal|hematologic_coagulation|neurologic|pulmonary|renal,10,48,1,67,6,True,True,True,True,True,True,True,18,33,0.9833,matched_external_modality,
case-000145,eligible,,real,A,real,cardiomyopathy|coronary_artery_disease|heart_failure|hypotension|myocardial_infarction_acs|shock,endocrine_metabolic|gastrointestinal|hepatic|musculoskeletal|neurologic|renal,12,47,1,192,6,True,True,True,True,True,True,True,13,21,0.9833,matched_external_modality,
case-000146,eligible,,real,A,real,hypotension|myocardial_infarction_acs|shock,endocrine_metabolic|hematologic_coagulation|infectious|neurologic|pulmonary|renal,9,47,4,99,6,True,True,True,True,True,True,True,14,24,0.9833,matched_external_modality,
case-000147,eligible,,real,A,real,hypertension,gastrointestinal|hematologic_coagulation|infectious|neurologic|oncologic|pulmonary,7,43,4,110,6,True,True,True,True,True,True,True,7,22,0.8933,matched_external_modality,
case-000148,eligible,,real,A,real,atrial_fibrillation|cardiac_surgery|hypertension|other_arrhythmia|thromboembolic_cv|valvular_disease,endocrine_metabolic|hematologic_coagulation|infectious|other|pulmonary|renal,12,40,3,341,6,True,True,True,True,True,True,True,12,23,0.9833,matched_external_modality,
case-000149,eligible,,real,A,real,cardiac_arrest|heart_failure|hypertension,endocrine_metabolic|hematologic_coagulation|hepatic|neurologic|other|pulmonary,9,38,1,58,6,True,True,True,True,True,True,True,19,35,0.9833,matched_external_modality,
case-000150,eligible,,real,A,real,hypertension|thromboembolic_cv,endocrine_metabolic|gastrointestinal|hematologic_coagulation|infectious|pulmonary|renal,8,36,1,347,6,True,True,True,True,True,True,True,15,28,0.9833,matched_external_modality,
case-000151,eligible,,real,A,real,cardiomyopathy|hypertension|shock,endocrine_metabolic|hematologic_coagulation|infectious|musculoskeletal|other|pulmonary,9,36,16,216,6,True,True,True,True,True,True,True,10,19,0.9833,matched_external_modality,
case-000152,eligible,,real,A,real,heart_failure|hypertension|other_arrhythmia,endocrine_metabolic|gastrointestinal|hematologic_coagulation|neurologic|pulmonary|renal,9,35,1,139,6,True,True,True,True,True,True,True,9,24,0.9833,matched_external_modality,
case-000153,eligible_with_warning,no cardiac biomarker (troponin/BNP) recorded,real,A,real,hypertension,gastrointestinal|hematologic_coagulation|infectious|musculoskeletal|oncologic|pulmonary,7,34,1,317,6,True,True,True,True,True,True,True,9,17,0.8933,matched_external_modality,no cardiac biomarker (troponin/BNP) recorded
case-000154,eligible,,real,A,real,hypertension|thromboembolic_cv,allergy_immunologic|endocrine_metabolic|hematologic_coagulation|musculoskeletal|neurologic|pulmonary,8,33,4,69,6,True,True,True,True,True,True,True,2,22,0.9833,matched_external_modality,
case-000155,eligible_with_warning,no cardiac biomarker (troponin/BNP) recorded,real,A,real,hypertension|other_arrhythmia,endocrine_metabolic|gastrointestinal|hematologic_coagulation|neurologic|pulmonary|renal,8,32,5,147,6,True,True,True,True,True,True,True,7,17,0.9833,matched_external_modality,no cardiac biomarker (troponin/BNP) recorded
case-000156,eligible_with_warning,no cardiac biomarker (troponin/BNP) recorded,real,A,real,thromboembolic_cv,endocrine_metabolic|gastrointestinal|hematologic_coagulation|neurologic|pulmonary|renal,7,29,4,240,6,True,True,True,True,True,True,True,14,17,0.8933,matched_external_modality,no cardiac biomarker (troponin/BNP) recorded
case-000157,eligible_with_warning,no_medication_label_evidence,real,A,real,cardiomyopathy|myocardial_infarction_acs|thromboembolic_cv,hematologic_coagulation|infectious|musculoskeletal|obstetric|other|pulmonary,9,28,9,92,6,True,True,True,True,True,True,False,0,16,0.9833,matched_external_modality,no_medication_label_evidence
case-000158,eligible,,real,A,real,atrial_fibrillation|cardiac_surgery|heart_block|hypertension|myocardial_infarction_acs|other_arrhythmia|tachycardia,hematologic_coagulation|hepatic|neurologic|oncologic|pulmonary|renal,13,27,3,41,6,True,True,True,True,True,True,True,9,22,0.9833,matched_external_modality,
case-000159,eligible,,real,A,real,atrial_fibrillation|coronary_artery_disease|heart_failure|hypertension|other_arrhythmia,endocrine_metabolic|gastrointestinal|hematologic_coagulation|neurologic|pulmonary|renal,11,26,2,56,6,True,True,True,True,True,True,True,6,13,0.9833,matched_external_modality,
case-000160,eligible,,real,A,real,atrial_fibrillation|heart_block|hypertension|other_arrhythmia,endocrine_metabolic|gastrointestinal|hematologic_coagulation|infectious|musculoskeletal|renal,10,26,3,146,6,True,True,True,True,True,True,True,8,12,0.9833,matched_external_modality,
case-000161,eligible,,real,A,real,coronary_artery_disease|heart_failure|hypertension|myocardial_infarction_acs|thromboembolic_cv,endocrine_metabolic|gastrointestinal|hematologic_coagulation|infectious|neurologic|pulmonary,11,26,4,52,6,True,True,True,True,True,True,True,6,16,0.9833,matched_external_modality,
case-000162,eligible,,real,A,real,atrial_fibrillation|bradycardia|hypertension|hypotension|other_arrhythmia|shock,endocrine_metabolic|gastrointestinal|hematologic_coagulation|other|pulmonary|renal,12,24,3,60,6,True,True,True,True,True,True,True,6,16,0.9833,matched_external_modality,
case-000163,eligible_with_warning,no cardiac biomarker (troponin/BNP) recorded,real,A,real,hypertension|myocardial_infarction_acs,endocrine_metabolic|infectious|neurologic|oncologic|other|pulmonary,8,24,4,37,6,True,True,True,True,True,True,True,11,15,0.9833,matched_external_modality,no cardiac biomarker (troponin/BNP) recorded
case-000164,eligible,,real,A,real,cardiac_arrest|thromboembolic_cv,endocrine_metabolic|gastrointestinal|hematologic_coagulation|neurologic|pulmonary|renal,8,21,1,66,6,True,True,True,True,True,True,True,10,18,0.9833,matched_external_modality,
case-000165,eligible,,real,A,real,atrial_fibrillation|heart_failure|myocardial_infarction_acs|other_arrhythmia,endocrine_metabolic|gastrointestinal|hematologic_coagulation|neurologic|pulmonary|renal,10,18,12,126,6,True,True,True,True,True,True,True,9,12,0.9833,matched_external_modality,
case-000166,eligible,,real,A,real,hypertension,endocrine_metabolic|gastrointestinal|hematologic_coagulation|neurologic|pulmonary|renal,7,18,9,415,6,True,True,True,True,True,True,True,2,6,0.8933,matched_external_modality,
case-000167,eligible_with_warning,no_medication_label_evidence,real,A,real,hypertension,endocrine_metabolic|hematologic_coagulation|infectious|neurologic|pulmonary|renal,7,18,9,145,6,True,True,True,True,True,True,False,0,6,0.8933,matched_external_modality,no_medication_label_evidence
case-000168,eligible_with_warning,no cardiac biomarker (troponin/BNP) recorded,real,A,real,hypertension|thromboembolic_cv|valvular_disease,endocrine_metabolic|hematologic_coagulation|infectious|neurologic|psychiatric|pulmonary,9,18,2,87,5,True,True,True,True,True,True,True,7,11,0.9667,matched_external_modality,no cardiac biomarker (troponin/BNP) recorded
case-000169,eligible_with_warning,no cardiac biomarker (troponin/BNP) recorded,real,A,real,cardiac_surgery|coronary_artery_disease|thromboembolic_cv,endocrine_metabolic|gastrointestinal|hematologic_coagulation|infectious|other|pulmonary,9,18,2,307,6,True,True,True,True,True,True,True,1,9,0.9833,matched_external_modality,no cardiac biomarker (troponin/BNP) recorded
case-000170,eligible,,real,A,real,atrial_fibrillation|heart_failure|hypotension|myocardial_infarction_acs|other_arrhythmia|shock|tachycardia,endocrine_metabolic|hematologic_coagulation|infectious|neurologic|pulmonary|renal,13,17,7,57,6,True,True,True,True,True,True,True,10,15,0.9833,matched_external_modality,
case-000171,eligible_with_warning,no cardiac biomarker (troponin/BNP) recorded,real,A,real,heart_failure|hypertension,endocrine_metabolic|hematologic_coagulation|musculoskeletal|neurologic|pulmonary|renal,8,17,1,103,6,True,True,True,True,True,True,True,1,16,0.9833,matched_external_modality,no cardiac biomarker (troponin/BNP) recorded
case-000172,eligible_with_warning,no cardiac biomarker (troponin/BNP) recorded,real,A,real,cardiac_surgery|hypertension|myocardial_infarction_acs,endocrine_metabolic|hematologic_coagulation|neurologic|oncologic|pulmonary|renal,9,17,2,45,6,True,True,True,True,True,True,True,2,17,0.9833,matched_external_modality,no cardiac biomarker (troponin/BNP) recorded
case-000173,eligible_with_warning,no cardiac biomarker (troponin/BNP) recorded,real,A,real,shock,endocrine_metabolic|hematologic_coagulation|infectious|oncologic|pulmonary|renal,7,16,1,227,6,True,True,True,True,True,True,True,2,12,0.8933,matched_external_modality,no cardiac biomarker (troponin/BNP) recorded
case-000174,eligible_with_warning,no cardiac biomarker (troponin/BNP) recorded,real,A,real,thromboembolic_cv,endocrine_metabolic|gastrointestinal|hematologic_coagulation|neurologic|pulmonary|renal,7,15,2,87,6,True,True,True,True,True,True,True,5,9,0.8933,matched_external_modality,no cardiac biomarker (troponin/BNP) recorded
case-000175,eligible,,real,A,real,bradycardia|hypertension|other_arrhythmia|shock|thromboembolic_cv,endocrine_metabolic|gastrointestinal|hematologic_coagulation|neurologic|oncologic|renal,11,15,1,100,6,True,True,True,True,True,True,True,6,15,0.9833,matched_external_modality,
case-000176,eligible,,real,A,real,thromboembolic_cv,gastrointestinal|hematologic_coagulation|hepatic|infectious|neurologic|pulmonary,7,15,1,84,6,True,True,True,True,True,True,True,2,5,0.8933,matched_external_modality,
case-000177,eligible,,real,A,real,cardiac_surgery|cardiomyopathy|heart_block|heart_failure|hypertension|other_arrhythmia|tachycardia,endocrine_metabolic|gastrointestinal|hematologic_coagulation|musculoskeletal|neurologic|renal,13,14,4,55,3,True,True,True,True,True,True,True,3,14,0.95,matched_external_modality,
case-000178,eligible,,real,A,real,heart_failure|hypertension|other_arrhythmia|thromboembolic_cv,gastrointestinal|hematologic_coagulation|infectious|neurologic|psychiatric|pulmonary,10,14,2,15,3,True,True,True,True,True,True,True,4,14,0.95,matched_external_modality,
case-000179,eligible,,real,A,real,cardiac_surgery|heart_block|shock,endocrine_metabolic|hematologic_coagulation|infectious|neurologic|pulmonary|renal,9,13,4,273,7,True,True,True,True,True,True,True,1,13,1.0,matched_external_modality,
case-000180,eligible,,real,A,real,hypertension|hypotension|myocardial_infarction_acs|shock|thromboembolic_cv,endocrine_metabolic|gastrointestinal|hematologic_coagulation|infectious|pulmonary|renal,11,12,5,77,6,True,True,True,True,True,True,True,2,12,0.9833,matched_external_modality,
case-000181,eligible,,real,A,real,hypertension|myocardial_infarction_acs,endocrine_metabolic|hematologic_coagulation|infectious|other|pulmonary|renal,8,12,2,220,6,True,True,True,True,True,True,True,3,12,0.9833,matched_external_modality,
case-000182,eligible,,real,A,real,cardiac_arrest|myocardial_infarction_acs|shock,endocrine_metabolic|hematologic_coagulation|infectious|neurologic|pulmonary|renal,9,12,2,193,7,True,True,True,True,True,True,True,1,6,1.0,matched_external_modality,
case-000183,eligible_with_warning,no cardiac biomarker (troponin/BNP) recorded,real,A,real,hypertension|hypotension|shock|thromboembolic_cv,endocrine_metabolic|gastrointestinal|hematologic_coagulation|infectious|other|pulmonary,10,11,2,30,6,True,True,True,True,True,True,True,3,9,0.9833,matched_external_modality,no cardiac biomarker (troponin/BNP) recorded
case-000184,eligible_with_warning,no cardiac biomarker (troponin/BNP) recorded,real,A,real,cardiomyopathy|heart_failure|other_arrhythmia|shock|tachycardia|valvular_disease,endocrine_metabolic|hematologic_coagulation|musculoskeletal|neurologic|pulmonary|renal,12,10,2,143,6,True,True,True,True,True,True,True,1,10,0.9833,matched_external_modality,no cardiac biomarker (troponin/BNP) recorded
case-000185,eligible_with_warning,no cardiac biomarker (troponin/BNP) recorded,real,A,real,atrial_fibrillation|hypertension|hypotension|myocardial_infarction_acs|other_arrhythmia|shock,gastrointestinal|infectious|neurologic|other|psychiatric|pulmonary,12,10,6,48,6,True,True,True,True,True,True,True,8,9,0.9833,matched_external_modality,no cardiac biomarker (troponin/BNP) recorded
case-000186,eligible_with_warning,no cardiac biomarker (troponin/BNP) recorded,real,A,real,myocardial_infarction_acs|thromboembolic_cv,hematologic_coagulation|hepatic|infectious|oncologic|pulmonary|renal,8,9,3,45,5,True,True,True,True,True,True,True,3,5,0.9667,matched_external_modality,no cardiac biomarker (troponin/BNP) recorded
case-000187,eligible,,real,A,real,atrial_fibrillation|hypertension|hypotension|other_arrhythmia|shock|thromboembolic_cv,endocrine_metabolic|hematologic_coagulation|infectious|oncologic|pulmonary|renal,12,9,5,134,6,True,True,True,True,True,True,True,3,9,0.9833,matched_external_modality,
case-000188,eligible,,real,A,real,hypertension|thromboembolic_cv,endocrine_metabolic|gastrointestinal|hematologic_coagulation|infectious|pulmonary|renal,8,8,1,142,5,True,True,True,True,True,True,True,2,4,0.9427,matched_external_modality,
case-000189,eligible,,real,A,real,coronary_artery_disease,endocrine_metabolic|gastrointestinal|hematologic_coagulation|neurologic|pulmonary|renal,7,8,2,76,6,True,True,True,True,True,True,True,3,7,0.8933,matched_external_modality,
case-000190,eligible,,real,A,real,hypertension|myocardial_infarction_acs|thromboembolic_cv,endocrine_metabolic|gastrointestinal|hematologic_coagulation|infectious|neurologic|pulmonary,9,7,2,238,6,True,True,True,True,True,True,True,2,7,0.9833,matched_external_modality,
case-000191,eligible_with_warning,no cardiac biomarker (troponin/BNP) recorded,real,A,real,other_arrhythmia|thromboembolic_cv,endocrine_metabolic|gastrointestinal|hematologic_coagulation|neurologic|other|pulmonary,8,7,4,55,6,True,True,True,True,True,True,True,1,7,0.9833,matched_external_modality,no cardiac biomarker (troponin/BNP) recorded
case-000192,eligible_with_warning,no cardiac biomarker (troponin/BNP) recorded; no_medication_label_evidence,real,A,real,hypertension|thromboembolic_cv,endocrine_metabolic|gastrointestinal|hematologic_coagulation|infectious|neurologic|pulmonary,8,7,2,19,6,True,True,True,True,True,True,False,0,7,0.9833,matched_external_modality,no cardiac biomarker (troponin/BNP) recorded;no_medication_label_evidence
case-000193,eligible_with_warning,no_medication_label_evidence,real,A,real,cardiac_arrest,gastrointestinal|neurologic|other|psychiatric|pulmonary|renal,7,6,4,83,6,True,True,True,True,True,True,False,0,3,0.8453,matched_external_modality,no_medication_label_evidence
case-000194,eligible,,real,A,real,hypertension,endocrine_metabolic|gastrointestinal|hematologic_coagulation|hepatic|infectious|neurologic,7,6,1,337,6,True,True,True,True,True,True,True,2,6,0.8933,matched_external_modality,
case-000195,eligible,,real,A,real,hypertension|myocardial_infarction_acs|thromboembolic_cv,endocrine_metabolic|gastrointestinal|hematologic_coagulation|neurologic|pulmonary|renal,9,5,2,37,6,True,True,True,True,True,True,True,1,5,0.9833,matched_external_modality,
case-000196,eligible_with_warning,no cardiac biomarker (troponin/BNP) recorded,real,A,real,hypertension|thromboembolic_cv,endocrine_metabolic|hematologic_coagulation|musculoskeletal|neurologic|pulmonary|renal,8,5,5,144,7,True,True,True,True,True,True,True,3,5,1.0,matched_external_modality,no cardiac biomarker (troponin/BNP) recorded
case-000197,eligible,,real,A,real,cardiac_surgery,endocrine_metabolic|hematologic_coagulation|infectious|other|pulmonary,6,258,7,351,6,True,True,True,True,True,True,True,35,66,0.8933,matched_external_modality,
case-000198,eligible,,real,A,real,cardiomyopathy|heart_failure|hypertension|myocardial_infarction_acs|shock,endocrine_metabolic|hematologic_coagulation|musculoskeletal|pulmonary|renal,10,217,2,292,6,True,True,True,True,True,True,True,26,43,0.9833,matched_external_modality,
case-000199,eligible_with_warning,no cardiac biomarker (troponin/BNP) recorded,real,A,real,heart_failure|hypertension|hypotension|shock,endocrine_metabolic|hematologic_coagulation|infectious|pulmonary|renal,9,207,3,352,6,True,True,True,True,True,True,True,18,40,0.9833,matched_external_modality,no cardiac biomarker (troponin/BNP) recorded
case-000200,eligible,,real,A,real,cardiac_arrest|hypertension|shock,endocrine_metabolic|hematologic_coagulation|neurologic|pulmonary|renal,8,178,1,709,7,True,True,True,True,True,True,True,30,39,1.0,matched_external_modality,
case-000201,eligible_with_warning,no cardiac biomarker (troponin/BNP) recorded,real,A,real,heart_failure|hypertension|myocardial_infarction_acs,allergy_immunologic|gastrointestinal|musculoskeletal|other|pulmonary,8,173,6,197,6,True,True,True,True,True,True,True,27,43,0.9833,matched_external_modality,no cardiac biomarker (troponin/BNP) recorded
case-000202,eligible,,real,A,real,hypertension|myocardial_infarction_acs|shock,hematologic_coagulation|infectious|neurologic|pulmonary|renal,8,171,1,169,5,True,True,True,True,True,True,True,18,25,0.9667,matched_external_modality,
case-000203,eligible,,real,A,real,atrial_fibrillation|cardiac_arrest|heart_block|heart_failure|other_arrhythmia|thromboembolic_cv,endocrine_metabolic|hematologic_coagulation|neurologic|pulmonary|renal,11,123,9,296,6,True,True,True,True,True,True,True,19,43,0.9833,matched_external_modality,
case-000204,eligible,,real,A,real,cardiac_surgery|heart_block|heart_failure|hypertension|myocardial_infarction_acs|thromboembolic_cv|valvular_disease,endocrine_metabolic|gastrointestinal|hematologic_coagulation|pulmonary|renal,12,97,2,166,6,True,True,True,True,True,True,True,8,43,0.9833,matched_external_modality,
case-000205,eligible,,real,A,real,atrial_fibrillation|hypertension|hypotension|other_arrhythmia|shock|thromboembolic_cv,endocrine_metabolic|hematologic_coagulation|infectious|pulmonary|renal,11,87,1,135,6,True,True,True,True,True,True,True,1,1,0.8873,matched_external_modality,
case-000206,eligible,,real,A,real,bradycardia|hypertension|other_arrhythmia,endocrine_metabolic|gastrointestinal|infectious|pulmonary|renal,8,85,2,228,6,True,True,True,True,True,True,True,9,31,0.9833,matched_external_modality,
case-000207,eligible,,real,A,real,atrial_fibrillation|hypertension|myocardial_infarction_acs|other_arrhythmia,endocrine_metabolic|hematologic_coagulation|infectious|neurologic|other,9,75,3,174,6,True,True,True,True,True,True,True,19,43,0.9833,matched_external_modality,
case-000208,eligible,,real,A,real,cardiac_surgery|hypertension,endocrine_metabolic|hematologic_coagulation|musculoskeletal|neurologic|pulmonary,7,74,1,336,6,True,True,True,True,True,True,True,8,32,0.9833,matched_external_modality,
case-000209,eligible,,real,A,real,atrial_fibrillation|hypertension|other_arrhythmia|thromboembolic_cv,gastrointestinal|hematologic_coagulation|neurologic|other|pulmonary,9,74,4,264,6,True,True,True,True,True,True,True,8,10,0.9833,matched_external_modality,
case-000210,eligible_with_warning,no cardiac biomarker (troponin/BNP) recorded,real,A,real,atrial_fibrillation|hypertension|other_arrhythmia,endocrine_metabolic|gastrointestinal|hematologic_coagulation|pulmonary|renal,8,60,1,122,6,True,True,True,True,True,True,True,5,23,0.9833,matched_external_modality,no cardiac biomarker (troponin/BNP) recorded
case-000211,eligible_with_warning,no cardiac biomarker (troponin/BNP) recorded,real,A,real,heart_failure|hypertension|hypotension|shock|thromboembolic_cv,endocrine_metabolic|gastrointestinal|hematologic_coagulation|infectious|pulmonary,10,58,6,108,6,True,True,True,True,True,True,True,6,25,0.9833,matched_external_modality,no cardiac biomarker (troponin/BNP) recorded
case-000212,eligible,,real,A,real,coronary_artery_disease|hypertension|myocardial_infarction_acs|other_arrhythmia,gastrointestinal|hematologic_coagulation|infectious|pulmonary|renal,9,54,14,46,5,True,True,True,True,True,True,True,11,20,0.9667,matched_external_modality,
case-000213,eligible,,real,A,real,heart_failure|hypertension,endocrine_metabolic|hematologic_coagulation|neurologic|pulmonary|renal,7,54,2,147,6,True,True,True,True,True,True,True,20,42,0.9833,matched_external_modality,
case-000214,eligible_with_warning,no cardiac biomarker (troponin/BNP) recorded,real,A,real,hypertension,endocrine_metabolic|hematologic_coagulation|infectious|pulmonary|renal,6,54,1,132,6,True,True,True,True,True,True,True,3,26,0.8933,matched_external_modality,no cardiac biomarker (troponin/BNP) recorded
case-000215,eligible,,real,A,real,heart_failure,endocrine_metabolic|gastrointestinal|hematologic_coagulation|infectious|pulmonary,6,46,4,102,6,True,True,True,True,True,True,True,2,30,0.8933,matched_external_modality,
case-000216,eligible,,real,A,real,cardiac_surgery|coronary_artery_disease|hypertension|shock|thromboembolic_cv|valvular_disease,endocrine_metabolic|infectious|other|pulmonary|renal,11,44,6,251,7,True,True,True,True,True,True,True,21,28,1.0,matched_external_modality,
case-000217,eligible_with_warning,no cardiac biomarker (troponin/BNP) recorded,real,A,real,atrial_fibrillation|hypertension|other_arrhythmia,endocrine_metabolic|hematologic_coagulation|neurologic|oncologic|renal,8,44,2,80,6,True,True,True,True,True,True,True,14,29,0.9833,matched_external_modality,no cardiac biomarker (troponin/BNP) recorded
case-000218,eligible,,real,A,real,cardiomyopathy|heart_failure|hypertension|hypotension|other_arrhythmia|shock,endocrine_metabolic|hematologic_coagulation|musculoskeletal|pulmonary|renal,11,43,1,138,6,True,True,True,True,True,True,True,19,22,0.9833,matched_external_modality,
case-000219,eligible,,real,A,real,hypertension|other_arrhythmia,endocrine_metabolic|hematologic_coagulation|infectious|pulmonary|renal,7,43,2,273,6,True,True,True,True,True,True,True,18,35,0.9833,matched_external_modality,
case-000220,eligible,,real,A,real,atrial_fibrillation|hypotension|myocardial_infarction_acs|other_arrhythmia|shock|thromboembolic_cv,gastrointestinal|hematologic_coagulation|infectious|pulmonary|renal,11,42,8,56,6,True,True,True,True,True,True,True,19,28,0.9833,matched_external_modality,
case-000221,eligible,,real,A,real,heart_failure|hypertension|hypotension|shock|thromboembolic_cv,endocrine_metabolic|gastrointestinal|hematologic_coagulation|infectious|pulmonary,10,42,2,72,6,True,True,True,True,True,True,True,12,27,0.9833,matched_external_modality,
case-000222,eligible_with_warning,no cardiac biomarker (troponin/BNP) recorded,real,A,real,hypertension|thromboembolic_cv,endocrine_metabolic|gastrointestinal|hematologic_coagulation|neurologic|oncologic,7,42,3,200,6,True,True,True,True,True,True,True,24,29,0.9833,matched_external_modality,no cardiac biomarker (troponin/BNP) recorded
case-000223,eligible,,real,A,real,hypertension,endocrine_metabolic|gastrointestinal|hematologic_coagulation|neurologic|renal,6,39,5,111,5,True,True,True,True,True,True,True,24,29,0.8767,matched_external_modality,
case-000224,eligible,,real,A,real,myocardial_infarction_acs|shock,endocrine_metabolic|hematologic_coagulation|infectious|pulmonary|renal,7,37,1,112,6,True,True,True,True,True,True,True,12,29,0.9833,matched_external_modality,
case-000225,eligible,,real,A,real,heart_failure|myocardial_infarction_acs,endocrine_metabolic|hematologic_coagulation|infectious|neurologic|renal,7,36,1,294,6,True,True,True,True,True,True,True,11,23,0.9833,matched_external_modality,
case-000226,eligible,,real,A,real,atrial_fibrillation|heart_failure|myocardial_infarction_acs|other_arrhythmia,gastrointestinal|hematologic_coagulation|infectious|neurologic|pulmonary,9,35,1,292,7,True,True,True,True,True,True,True,6,9,1.0,matched_external_modality,
case-000227,eligible_with_warning,no cardiac biomarker (troponin/BNP) recorded,real,A,real,hypertension,endocrine_metabolic|gastrointestinal|hematologic_coagulation|neurologic|renal,6,31,1,87,6,True,True,True,True,True,True,True,4,22,0.8933,matched_external_modality,no cardiac biomarker (troponin/BNP) recorded
case-000228,eligible,,real,A,real,myocardial_infarction_acs,endocrine_metabolic|hematologic_coagulation|neurologic|pulmonary|renal,6,30,2,79,6,True,True,True,True,True,True,True,13,23,0.8933,matched_external_modality,
case-000229,eligible_with_warning,no cardiac biomarker (troponin/BNP) recorded,real,A,real,heart_failure|hypertension,allergy_immunologic|hematologic_coagulation|infectious|neurologic|renal,7,28,1,33,5,True,True,True,True,True,True,True,14,22,0.9667,matched_external_modality,no cardiac biomarker (troponin/BNP) recorded
case-000230,eligible,,real,A,real,heart_failure|hypertension|hypotension|shock|thromboembolic_cv,endocrine_metabolic|hematologic_coagulation|infectious|pulmonary|renal,10,27,3,66,7,True,True,True,True,True,True,True,5,9,1.0,matched_external_modality,
case-000231,eligible_with_warning,no cardiac biomarker (troponin/BNP) recorded,real,A,real,cardiac_arrest|coronary_artery_disease|hypertension,endocrine_metabolic|hematologic_coagulation|hepatic|neurologic|oncologic,8,27,1,166,6,True,True,True,True,True,True,True,10,18,0.9833,matched_external_modality,no cardiac biomarker (troponin/BNP) recorded
case-000232,eligible,,real,A,real,atrial_fibrillation|hypertension|hypotension|other_arrhythmia|shock|thromboembolic_cv,gastrointestinal|hematologic_coagulation|infectious|neurologic|pulmonary,11,26,1,107,6,True,True,True,True,True,True,True,12,19,0.9833,matched_external_modality,
case-000233,eligible,,real,A,real,hypertension|thromboembolic_cv,hematologic_coagulation|neurologic|oncologic|pulmonary|renal,7,25,13,55,6,True,True,True,True,True,True,True,9,24,0.9833,matched_external_modality,
case-000234,eligible_with_warning,no cardiac biomarker (troponin/BNP) recorded,real,A,real,hypertension|thromboembolic_cv,gastrointestinal|hematologic_coagulation|infectious|neurologic|pulmonary,7,24,1,123,6,True,True,True,True,True,True,True,8,13,0.9833,matched_external_modality,no cardiac biomarker (troponin/BNP) recorded
case-000235,eligible,,real,A,real,cardiac_arrest|hypertension|thromboembolic_cv,endocrine_metabolic|hematologic_coagulation|hepatic|neurologic|pulmonary,8,23,2,265,6,True,True,True,True,True,True,True,8,15,0.9833,matched_external_modality,
case-000236,eligible_with_warning,no cardiac biomarker (troponin/BNP) recorded,real,A,real,hypotension|myocardial_infarction_acs|shock|thromboembolic_cv,gastrointestinal|hematologic_coagulation|infectious|neurologic|pulmonary,9,23,3,135,6,True,True,True,True,True,True,True,8,13,0.9833,matched_external_modality,no cardiac biomarker (troponin/BNP) recorded
case-000237,eligible_with_warning,no cardiac biomarker (troponin/BNP) recorded,real,A,real,atrial_fibrillation|hypotension|other_arrhythmia|shock|thromboembolic_cv,endocrine_metabolic|hematologic_coagulation|infectious|other|renal,10,21,2,113,6,True,True,True,True,True,True,True,7,17,0.9833,matched_external_modality,no cardiac biomarker (troponin/BNP) recorded
case-000238,eligible,,real,A,real,atrial_fibrillation|hypertension|other_arrhythmia|thromboembolic_cv,endocrine_metabolic|gastrointestinal|hematologic_coagulation|neurologic|other,9,21,4,35,6,True,True,True,True,True,True,True,9,20,0.9833,matched_external_modality,
case-000239,eligible_with_warning,no cardiac biomarker (troponin/BNP) recorded,real,A,real,bradycardia|heart_block|hypotension|other_arrhythmia|shock,endocrine_metabolic|gastrointestinal|hematologic_coagulation|infectious|neurologic,10,21,2,72,6,True,True,True,True,True,True,True,2,3,0.9353,matched_external_modality,no cardiac biomarker (troponin/BNP) recorded
case-000240,eligible_with_warning,no cardiac biomarker (troponin/BNP) recorded,real,A,real,thromboembolic_cv,endocrine_metabolic|gastrointestinal|hematologic_coagulation|neurologic|pulmonary,6,19,1,145,6,True,True,True,True,True,True,True,3,13,0.8933,matched_external_modality,no cardiac biomarker (troponin/BNP) recorded
case-000241,eligible,,real,A,real,atrial_fibrillation|hypertension|myocardial_infarction_acs|other_arrhythmia,endocrine_metabolic|hematologic_coagulation|infectious|pulmonary|renal,9,18,3,69,6,True,True,True,True,True,True,True,12,14,0.9833,matched_external_modality,
case-000242,eligible,,real,A,real,heart_failure|myocardial_infarction_acs|other_arrhythmia|tachycardia,endocrine_metabolic|gastrointestinal|hematologic_coagulation|infectious|pulmonary,9,18,1,22,6,True,True,True,True,True,True,True,7,18,0.9833,matched_external_modality,
case-000243,eligible_with_warning,no cardiac biomarker (troponin/BNP) recorded,real,A,real,cardiac_surgery|hypertension|hypotension|shock|thromboembolic_cv,gastrointestinal|hematologic_coagulation|infectious|neurologic|pulmonary,10,18,2,65,7,True,True,True,True,True,True,True,4,5,1.0,matched_external_modality,no cardiac biomarker (troponin/BNP) recorded
case-000244,eligible_with_warning,no cardiac biomarker (troponin/BNP) recorded,real,A,real,cardiac_surgery|hypertension|myocardial_infarction_acs|thromboembolic_cv,endocrine_metabolic|hematologic_coagulation|neurologic|pulmonary|renal,9,17,2,60,6,True,True,True,True,True,True,True,3,17,0.9833,matched_external_modality,no cardiac biomarker (troponin/BNP) recorded
case-000245,eligible,,real,A,real,atrial_fibrillation|cardiac_surgery|coronary_artery_disease|heart_failure|hypertension|myocardial_infarction_acs|other_arrhythmia|tachycardia,hematologic_coagulation|hepatic|infectious|oncologic|pulmonary,13,17,2,60,6,True,True,True,True,True,True,True,5,17,0.9833,matched_external_modality,
case-000246,eligible,,real,A,real,heart_block|heart_failure|hypertension|myocardial_infarction_acs|other_arrhythmia|tachycardia,endocrine_metabolic|hematologic_coagulation|oncologic|other|pulmonary,11,17,1,36,6,True,True,True,True,True,True,True,4,17,0.9833,matched_external_modality,
case-000247,eligible_with_warning,no cardiac biomarker (troponin/BNP) recorded,real,A,real,coronary_artery_disease|myocardial_infarction_acs|thromboembolic_cv,gastrointestinal|hematologic_coagulation|infectious|neurologic|pulmonary,8,17,4,72,6,True,True,True,True,True,True,True,9,12,0.9833,matched_external_modality,no cardiac biomarker (troponin/BNP) recorded
case-000248,eligible,,real,A,real,cardiac_surgery|heart_failure|hypertension,endocrine_metabolic|gastrointestinal|infectious|neurologic|pulmonary,8,16,2,140,6,True,True,True,True,True,True,True,7,16,0.9833,matched_external_modality,
case-000249,eligible,,real,A,real,heart_failure|hypertension|hypotension|shock|thromboembolic_cv|valvular_disease,endocrine_metabolic|gastrointestinal|hematologic_coagulation|pulmonary|renal,11,15,1,66,6,True,True,True,True,True,True,True,6,8,0.9833,matched_external_modality,
case-000250,eligible_with_warning,no_medication_label_evidence,real,A,real,heart_failure|hypertension,endocrine_metabolic|hematologic_coagulation|neurologic|pulmonary|renal,7,15,4,155,6,True,True,True,True,True,True,False,0,15,0.9833,matched_external_modality,no_medication_label_evidence
case-000251,eligible_with_warning,no cardiac biomarker (troponin/BNP) recorded,real,A,real,atrial_fibrillation|cardiomyopathy|heart_block|heart_failure|other_arrhythmia|shock|valvular_disease,hematologic_coagulation|musculoskeletal|oncologic|pulmonary|renal,12,15,1,144,6,True,True,True,True,True,True,True,4,15,0.9833,matched_external_modality,no cardiac biomarker (troponin/BNP) recorded
case-000252,eligible_with_warning,no cardiac biomarker (troponin/BNP) recorded,real,A,real,cardiac_surgery|coronary_artery_disease|hypertension|myocardial_infarction_acs|pci,endocrine_metabolic|hematologic_coagulation|infectious|neurologic|other,10,15,6,15,6,True,True,True,True,True,True,True,9,12,0.9833,matched_external_modality,no cardiac biomarker (troponin/BNP) recorded
case-000253,eligible_with_warning,no cardiac biomarker (troponin/BNP) recorded,real,A,real,other_arrhythmia|thromboembolic_cv,gastrointestinal|hematologic_coagulation|neurologic|pulmonary|renal,7,13,8,106,6,True,True,True,True,True,True,True,4,6,0.9833,matched_external_modality,no cardiac biomarker (troponin/BNP) recorded
case-000254,eligible_with_warning,no cardiac biomarker (troponin/BNP) recorded,real,A,real,heart_failure,gastrointestinal|hematologic_coagulation|oncologic|pulmonary|renal,6,13,1,93,6,True,True,True,True,True,True,True,7,12,0.8933,matched_external_modality,no cardiac biomarker (troponin/BNP) recorded
case-000255,eligible_with_warning,no cardiac biomarker (troponin/BNP) recorded,real,A,real,atrial_fibrillation|heart_failure|other_arrhythmia,gastrointestinal|hematologic_coagulation|neurologic|oncologic|pulmonary,8,13,1,28,6,True,True,True,True,True,True,True,6,10,0.9833,matched_external_modality,no cardiac biomarker (troponin/BNP) recorded
case-000256,eligible,,real,A,real,cardiac_surgery|coronary_artery_disease|heart_failure|myocardial_infarction_acs|thromboembolic_cv,endocrine_metabolic|hematologic_coagulation|infectious|pulmonary|renal,10,12,1,62,6,True,True,True,True,True,True,True,3,12,0.9833,matched_external_modality,
case-000257,eligible_with_warning,no cardiac biomarker (troponin/BNP) recorded,real,A,real,hypertension,gastrointestinal|hematologic_coagulation|hepatic|infectious|oncologic,6,12,1,72,6,True,True,True,True,True,True,True,8,10,0.8933,matched_external_modality,no cardiac biomarker (troponin/BNP) recorded
case-000258,eligible,,real,A,real,atrial_fibrillation|heart_failure|hypertension|other_arrhythmia|thromboembolic_cv,endocrine_metabolic|hematologic_coagulation|infectious|pulmonary|renal,10,11,2,133,6,True,True,True,True,True,True,True,5,11,0.9833,matched_external_modality,
case-000259,eligible,,real,A,real,atrial_fibrillation|cardiac_surgery|heart_failure|hypertension|hypotension|myocardial_infarction_acs|other_arrhythmia|shock,hematologic_coagulation|infectious|neurologic|pulmonary|renal,13,11,3,212,6,True,True,True,True,True,True,True,5,11,0.9833,matched_external_modality,
case-000260,eligible,,real,A,real,cardiac_surgery|coronary_artery_disease|hypertension,endocrine_metabolic|hematologic_coagulation|neurologic|psychiatric|pulmonary,8,11,1,39,6,True,True,True,True,True,True,True,6,8,0.9833,matched_external_modality,
case-000261,eligible_with_warning,no cardiac biomarker (troponin/BNP) recorded,real,A,real,atrial_fibrillation|bradycardia|hypertension|other_arrhythmia|thromboembolic_cv,endocrine_metabolic|hematologic_coagulation|neurologic|oncologic|pulmonary,10,10,3,109,6,True,True,True,True,True,True,True,1,10,0.9833,matched_external_modality,no cardiac biomarker (troponin/BNP) recorded
case-000262,eligible,,real,A,real,cardiac_surgery|heart_block|hypertension|other_arrhythmia,endocrine_metabolic|hematologic_coagulation|neurologic|pulmonary|renal,9,7,1,51,6,True,True,True,True,True,True,True,2,7,0.9833,matched_external_modality,
case-000263,eligible_with_warning,no cardiac biomarker (troponin/BNP) recorded,real,A,real,hypotension|shock|thromboembolic_cv,gastrointestinal|hematologic_coagulation|infectious|pulmonary|renal,8,7,12,99,6,True,True,True,True,True,True,True,4,4,0.9593,matched_external_modality,no cardiac biomarker (troponin/BNP) recorded
case-000264,eligible_with_warning,no cardiac biomarker (troponin/BNP) recorded,real,A,real,thromboembolic_cv,gastrointestinal|hematologic_coagulation|infectious|other|pulmonary,6,6,1,46,5,True,True,True,True,True,True,True,3,3,0.8287,matched_external_modality,no cardiac biomarker (troponin/BNP) recorded
case-000265,eligible_with_warning,no cardiac biomarker (troponin/BNP) recorded,real,A,real,hypertension,endocrine_metabolic|hematologic_coagulation|infectious|neurologic|other,6,6,2,21,6,True,True,True,True,True,True,True,1,6,0.8933,matched_external_modality,no cardiac biomarker (troponin/BNP) recorded
case-000266,eligible_with_warning,no cardiac biomarker (troponin/BNP) recorded,real,A,real,atrial_fibrillation|heart_block|heart_failure|hypertension|hypotension|other_arrhythmia|shock,hematologic_coagulation|oncologic|pulmonary|renal,11,185,1,88,6,True,True,True,True,True,True,True,10,15,0.9833,matched_external_modality,no cardiac biomarker (troponin/BNP) recorded
case-000267,eligible,,real,A,real,hypotension|other_arrhythmia|shock,infectious|neurologic|other|pulmonary,7,185,1,231,6,True,True,True,True,True,True,True,22,33,0.9833,matched_external_modality,
case-000268,eligible_with_warning,no cardiac biomarker (troponin/BNP) recorded,real,A,real,hypertension|myocardial_infarction_acs|thromboembolic_cv,endocrine_metabolic|hematologic_coagulation|pulmonary|renal,7,164,1,201,6,True,True,True,True,True,True,True,10,48,0.9833,matched_external_modality,no cardiac biomarker (troponin/BNP) recorded
case-000269,eligible,,real,A,real,hypertension,hematologic_coagulation|infectious|other|pulmonary,5,153,1,84,6,True,True,True,True,True,True,True,14,44,0.8933,matched_external_modality,
case-000270,eligible,,real,A,real,cardiac_surgery|coronary_artery_disease|heart_failure|hypertension|myocardial_infarction_acs,hematologic_coagulation|infectious|neurologic|pulmonary,9,139,1,452,6,True,True,True,True,True,True,True,13,53,0.9833,matched_external_modality,
case-000271,eligible,,real,A,real,cardiac_surgery|cardiomyopathy|heart_failure|myocardial_infarction_acs|other_arrhythmia|shock,hematologic_coagulation|musculoskeletal|pulmonary|renal,10,135,2,331,6,True,True,True,True,True,True,True,40,65,0.9833,matched_external_modality,
case-000272,eligible_with_warning,no cardiac biomarker (troponin/BNP) recorded,real,A,real,atrial_fibrillation|hypertension|other_arrhythmia|valvular_disease,gastrointestinal|hematologic_coagulation|neurologic|oncologic,8,118,4,361,6,True,True,True,True,True,True,True,12,40,0.9833,matched_external_modality,no cardiac biomarker (troponin/BNP) recorded
case-000273,eligible,,real,A,real,atrial_fibrillation|heart_failure|hypertension|myocardial_infarction_acs|other_arrhythmia,endocrine_metabolic|hematologic_coagulation|other|pulmonary,9,106,4,234,7,True,True,True,True,True,True,True,10,13,1.0,matched_external_modality,
case-000274,eligible,,real,A,real,heart_failure|hypertension|valvular_disease,endocrine_metabolic|hematologic_coagulation|other|pulmonary,7,98,2,229,6,True,True,True,True,True,True,True,16,37,0.9833,matched_external_modality,
case-000275,eligible_with_warning,no cardiac biomarker (troponin/BNP) recorded,real,A,real,cardiac_surgery|heart_block,endocrine_metabolic|hematologic_coagulation|other|renal,6,89,8,151,6,True,True,True,True,True,True,True,16,34,0.9833,matched_external_modality,no cardiac biomarker (troponin/BNP) recorded
case-000276,eligible,,real,A,real,cardiac_surgery,endocrine_metabolic|infectious|neurologic|pulmonary,5,83,1,175,6,True,True,True,True,True,True,True,6,31,0.8933,matched_external_modality,
case-000277,eligible,,real,A,real,heart_failure|hypertension|myocardial_infarction_acs,hematologic_coagulation|infectious|oncologic|pulmonary,7,79,8,87,6,True,True,True,True,True,True,True,5,42,0.9833,matched_external_modality,
case-000278,eligible,,real,A,real,atrial_fibrillation|myocardial_infarction_acs|other_arrhythmia|shock,endocrine_metabolic|infectious|pulmonary|renal,8,75,4,190,6,True,True,True,True,True,True,True,10,41,0.9833,matched_external_modality,
case-000279,eligible,,real,A,real,cardiac_surgery|coronary_artery_disease|hypertension|other_arrhythmia|valvular_disease,endocrine_metabolic|hematologic_coagulation|oncologic|pulmonary,9,73,2,118,6,True,True,True,True,True,True,True,12,21,0.9833,matched_external_modality,
case-000280,eligible,,real,A,real,hypertension|hypotension|myocardial_infarction_acs|shock,endocrine_metabolic|hematologic_coagulation|infectious|renal,8,69,2,351,6,True,True,True,True,True,True,True,25,43,0.9833,matched_external_modality,
case-000281,eligible_with_warning,no cardiac biomarker (troponin/BNP) recorded,real,A,real,hypertension|hypotension|shock|thromboembolic_cv,endocrine_metabolic|hematologic_coagulation|pulmonary|renal,8,66,10,171,6,True,True,True,True,True,True,True,13,28,0.9833,matched_external_modality,no cardiac biomarker (troponin/BNP) recorded
case-000282,eligible_with_warning,no cardiac biomarker (troponin/BNP) recorded,real,A,real,hypertension,endocrine_metabolic|other|pulmonary|renal,5,66,1,101,6,True,True,True,True,True,True,True,27,36,0.8933,matched_external_modality,no cardiac biomarker (troponin/BNP) recorded
case-000283,eligible,,real,A,real,hypertension|thromboembolic_cv,neurologic|other|psychiatric|pulmonary,6,66,6,91,6,True,True,True,True,True,True,True,14,26,0.9833,matched_external_modality,
case-000284,eligible,,real,A,real,coronary_artery_disease|shock|thromboembolic_cv,hematologic_coagulation|musculoskeletal|neurologic|renal,7,60,6,207,6,True,True,True,True,True,True,True,19,30,0.9833,matched_external_modality,
case-000285,eligible_with_warning,no cardiac biomarker (troponin/BNP) recorded,real,A,real,hypertension|thromboembolic_cv,endocrine_metabolic|gastrointestinal|hematologic_coagulation|pulmonary,6,59,1,119,6,True,True,True,True,True,True,True,2,22,0.9833,matched_external_modality,no cardiac biomarker (troponin/BNP) recorded
case-000286,eligible,,real,A,real,atrial_fibrillation|hypertension|other_arrhythmia,hematologic_coagulation|infectious|pulmonary|renal,7,58,1,426,7,True,True,True,True,True,True,True,13,23,1.0,matched_external_modality,
case-000287,eligible,,real,A,real,atrial_fibrillation|heart_block|heart_failure|hypotension|other_arrhythmia|shock,hematologic_coagulation|musculoskeletal|pulmonary|renal,10,56,4,367,6,True,True,True,True,True,True,True,14,22,0.9833,matched_external_modality,
case-000288,eligible,,real,A,real,atrial_fibrillation|cardiac_arrest|hypertension|other_arrhythmia,endocrine_metabolic|hematologic_coagulation|neurologic|pulmonary,8,55,8,120,6,True,True,True,True,True,True,True,8,19,0.9833,matched_external_modality,
case-000289,eligible,,real,A,real,hypertension|thromboembolic_cv,endocrine_metabolic|gastrointestinal|hematologic_coagulation|pulmonary,6,48,1,139,6,True,True,True,True,True,True,True,2,21,0.9833,matched_external_modality,
case-000290,eligible_with_warning,no cardiac biomarker (troponin/BNP) recorded,real,A,real,atrial_fibrillation|hypertension|hypotension|other_arrhythmia|shock|thromboembolic_cv,gastrointestinal|hematologic_coagulation|infectious|other,10,48,3,82,6,True,True,True,True,True,True,True,13,23,0.9833,matched_external_modality,no cardiac biomarker (troponin/BNP) recorded
case-000291,eligible,,real,A,real,thromboembolic_cv,endocrine_metabolic|gastrointestinal|hematologic_coagulation|neurologic,5,47,2,88,5,True,True,True,True,True,True,True,9,21,0.8767,matched_external_modality,
case-000292,eligible,,real,A,real,thromboembolic_cv,endocrine_metabolic|gastrointestinal|hematologic_coagulation|pulmonary,5,41,6,81,6,True,True,True,True,True,True,True,12,17,0.8933,matched_external_modality,
case-000293,eligible,,real,A,real,hypertension|myocardial_infarction_acs,endocrine_metabolic|hematologic_coagulation|pulmonary|renal,6,38,1,133,6,True,True,True,True,True,True,True,10,19,0.9833,matched_external_modality,
case-000294,eligible,,real,A,real,atrial_fibrillation|heart_failure|hypertension|other_arrhythmia,gastrointestinal|hematologic_coagulation|neurologic|renal,8,38,1,37,5,True,True,True,True,True,True,True,15,20,0.9667,matched_external_modality,
case-000295,eligible,,real,A,real,hypertension,allergy_immunologic|neurologic|pulmonary|renal,5,37,1,52,5,True,True,True,True,True,True,True,14,21,0.8767,matched_external_modality,
case-000296,eligible_with_warning,no cardiac biomarker (troponin/BNP) recorded,real,A,real,hypertension|hypotension|shock,endocrine_metabolic|hematologic_coagulation|infectious|renal,7,37,1,216,6,True,True,True,True,True,True,True,19,26,0.9833,matched_external_modality,no cardiac biomarker (troponin/BNP) recorded
case-000297,eligible_with_warning,no cardiac biomarker (troponin/BNP) recorded,real,A,real,hypertension,gastrointestinal|hematologic_coagulation|oncologic|pulmonary,5,35,3,51,6,True,True,True,True,True,True,True,1,15,0.8933,matched_external_modality,no cardiac biomarker (troponin/BNP) recorded
case-000298,eligible_with_warning,no cardiac biomarker (troponin/BNP) recorded,real,A,real,hypertension,hematologic_coagulation|neurologic|oncologic|pulmonary,5,35,1,28,6,True,True,True,True,True,True,True,7,26,0.8933,matched_external_modality,no cardiac biomarker (troponin/BNP) recorded
case-000299,eligible_with_warning,no cardiac biomarker (troponin/BNP) recorded,real,A,real,hypertension|thromboembolic_cv,endocrine_metabolic|neurologic|pulmonary|renal,6,33,1,55,6,True,True,True,True,True,True,True,11,22,0.9833,matched_external_modality,no cardiac biomarker (troponin/BNP) recorded
case-000300,eligible_with_warning,no cardiac biomarker (troponin/BNP) recorded,real,A,real,hypertension,gastrointestinal|hepatic|neurologic|pulmonary,5,33,1,77,7,True,True,True,True,True,True,True,6,20,0.91,matched_external_modality,no cardiac biomarker (troponin/BNP) recorded
case-000301,eligible_with_warning,no cardiac biomarker (troponin/BNP) recorded,real,A,real,hypertension|hypotension|myocardial_infarction_acs|shock,endocrine_metabolic|hematologic_coagulation|infectious|oncologic,8,32,1,66,6,True,True,True,True,True,True,True,2,24,0.9833,matched_external_modality,no cardiac biomarker (troponin/BNP) recorded
case-000302,eligible,,real,A,real,atrial_fibrillation|heart_block|heart_failure|other_arrhythmia,hematologic_coagulation|musculoskeletal|pulmonary|renal,8,29,4,65,6,True,True,True,True,True,True,True,16,19,0.9833,matched_external_modality,
case-000303,eligible_with_warning,no cardiac biomarker (troponin/BNP) recorded,real,A,real,hypertension,endocrine_metabolic|hematologic_coagulation|oncologic|renal,5,29,1,157,6,True,True,True,True,True,True,True,7,20,0.8933,matched_external_modality,no cardiac biomarker (troponin/BNP) recorded
case-000304,eligible_with_warning,no cardiac biomarker (troponin/BNP) recorded,real,A,real,hypertension,gastrointestinal|hematologic_coagulation|infectious|renal,5,29,2,40,6,True,True,True,True,True,True,True,3,20,0.8933,matched_external_modality,no cardiac biomarker (troponin/BNP) recorded
case-000305,eligible,,real,A,real,heart_failure|hypertension|thromboembolic_cv,endocrine_metabolic|hematologic_coagulation|neurologic|pulmonary,7,29,1,83,6,True,True,True,True,True,True,True,12,25,0.9833,matched_external_modality,
case-000306,eligible,,real,A,real,atrial_fibrillation|heart_failure|other_arrhythmia|thromboembolic_cv,hematologic_coagulation|infectious|neurologic|pulmonary,8,27,2,96,6,True,True,True,True,True,True,True,13,20,0.9833,matched_external_modality,
case-000307,eligible,,real,A,real,atrial_fibrillation|hypotension|other_arrhythmia|shock|thromboembolic_cv,gastrointestinal|hematologic_coagulation|infectious|pulmonary,9,26,2,163,6,True,True,True,True,True,True,True,5,15,0.9833,matched_external_modality,
case-000308,eligible_with_warning,no cardiac biomarker (troponin/BNP) recorded,real,A,real,hypertension,gastrointestinal|hematologic_coagulation|oncologic|pulmonary,5,26,3,112,5,True,True,True,True,True,True,True,4,18,0.8767,matched_external_modality,no cardiac biomarker (troponin/BNP) recorded
case-000309,eligible_with_warning,no cardiac biomarker (troponin/BNP) recorded,real,A,real,cardiac_surgery|hypertension|valvular_disease,endocrine_metabolic|hematologic_coagulation|neurologic|pulmonary,7,25,1,20,6,True,True,True,True,True,True,True,12,20,0.9833,matched_external_modality,no cardiac biomarker (troponin/BNP) recorded
case-000310,eligible_with_warning,no cardiac biomarker (troponin/BNP) recorded,real,A,real,hypertension,endocrine_metabolic|hematologic_coagulation|neurologic|pulmonary,5,25,2,78,6,True,True,True,True,True,True,True,7,17,0.8933,matched_external_modality,no cardiac biomarker (troponin/BNP) recorded
case-000311,eligible,,real,A,real,hypertension|thromboembolic_cv,endocrine_metabolic|hematologic_coagulation|infectious|pulmonary,6,24,4,88,6,True,True,True,True,True,True,True,10,15,0.9833,matched_external_modality,
case-000312,eligible_with_warning,no cardiac biomarker (troponin/BNP) recorded,real,A,real,hypertension|myocardial_infarction_acs|thromboembolic_cv,endocrine_metabolic|hematologic_coagulation|infectious|renal,7,23,1,65,6,True,True,True,True,True,True,True,4,18,0.9833,matched_external_modality,no cardiac biomarker (troponin/BNP) recorded
case-000313,eligible_with_warning,no cardiac biomarker (troponin/BNP) recorded,real,A,real,hypertension|hypotension|other_arrhythmia|shock|tachycardia,endocrine_metabolic|hematologic_coagulation|infectious|renal,9,23,1,82,6,True,True,True,True,True,True,True,9,11,0.9833,matched_external_modality,no cardiac biomarker (troponin/BNP) recorded
case-000314,eligible_with_warning,no cardiac biomarker (troponin/BNP) recorded,real,A,real,atrial_fibrillation|hypertension|myocardial_infarction_acs|other_arrhythmia|thromboembolic_cv,endocrine_metabolic|gastrointestinal|hematologic_coagulation|pulmonary,9,21,7,64,6,True,True,True,True,True,True,True,10,12,0.9833,matched_external_modality,no cardiac biomarker (troponin/BNP) recorded
case-000315,eligible,,real,A,real,hypertension|other_arrhythmia,gastrointestinal|hematologic_coagulation|neurologic|oncologic,6,20,3,38,5,True,True,True,True,True,True,True,12,15,0.9667,matched_external_modality,
case-000316,eligible_with_warning,no_medication_label_evidence,real,A,real,hypotension|shock,gastrointestinal|hematologic_coagulation|hepatic|infectious,6,18,3,97,6,True,True,True,True,True,True,False,0,6,0.9833,matched_external_modality,no_medication_label_evidence
case-000317,eligible,,real,A,real,coronary_artery_disease|hypertension|thromboembolic_cv,endocrine_metabolic|gastrointestinal|hematologic_coagulation|neurologic,7,18,4,61,6,True,True,True,True,True,True,True,4,13,0.9833,matched_external_modality,
case-000318,eligible_with_warning,no cardiac biomarker (troponin/BNP) recorded,real,A,real,hypertension|thromboembolic_cv,endocrine_metabolic|hematologic_coagulation|infectious|renal,6,16,5,135,6,True,True,True,True,True,True,True,5,7,0.9833,matched_external_modality,no cardiac biomarker (troponin/BNP) recorded
case-000319,eligible_with_warning,no cardiac biomarker (troponin/BNP) recorded,real,A,real,cardiac_arrest,endocrine_metabolic|hematologic_coagulation|hepatic|neurologic,5,15,2,16,6,True,True,True,True,True,True,True,1,15,0.8933,matched_external_modality,no cardiac biomarker (troponin/BNP) recorded
case-000320,eligible_with_warning,no cardiac biomarker (troponin/BNP) recorded,real,A,real,hypertension|myocardial_infarction_acs,endocrine_metabolic|gastrointestinal|hematologic_coagulation|pulmonary,6,15,4,22,3,True,True,True,True,True,True,True,5,15,0.95,matched_external_modality,no cardiac biomarker (troponin/BNP) recorded
case-000321,eligible,,real,A,real,cardiac_arrest|cardiac_surgery|heart_failure|hypertension|myocardial_infarction_acs|shock,endocrine_metabolic|hematologic_coagulation|pulmonary|renal,10,14,8,313,6,True,True,True,True,True,True,True,9,12,0.9833,matched_external_modality,
case-000322,eligible_with_warning,no cardiac biomarker (troponin/BNP) recorded,real,A,real,cardiac_surgery|coronary_artery_disease|hypertension|myocardial_infarction_acs,endocrine_metabolic|gastrointestinal|hematologic_coagulation|pulmonary,8,13,1,154,7,True,True,True,True,True,True,True,3,13,1.0,matched_external_modality,no cardiac biomarker (troponin/BNP) recorded
case-000323,eligible,,real,A,real,coronary_artery_disease|hypertension|other_arrhythmia|valvular_disease,gastrointestinal|hematologic_coagulation|neurologic|pulmonary,8,12,13,23,6,True,True,True,True,True,True,True,9,12,0.9833,matched_external_modality,
case-000324,eligible_with_warning,no cardiac biomarker (troponin/BNP) recorded,real,A,real,hypotension|shock,endocrine_metabolic|hematologic_coagulation|infectious|pulmonary,6,12,3,150,6,True,True,True,True,True,True,True,4,10,0.9833,matched_external_modality,no cardiac biomarker (troponin/BNP) recorded
case-000325,eligible_with_warning,no cardiac biomarker (troponin/BNP) recorded,real,A,real,atrial_fibrillation|cardiac_surgery|heart_failure|hypertension|other_arrhythmia|shock|valvular_disease,hematologic_coagulation|neurologic|pulmonary|renal,11,10,2,294,6,True,True,True,True,True,True,True,1,10,0.9833,matched_external_modality,no cardiac biomarker (troponin/BNP) recorded
case-000326,eligible,,real,A,real,atrial_fibrillation|heart_failure|hypertension|myocardial_infarction_acs|other_arrhythmia,gastrointestinal|hematologic_coagulation|infectious|pulmonary,9,10,2,174,6,True,True,True,True,True,True,True,1,10,0.9833,matched_external_modality,
case-000327,eligible,,real,A,real,heart_failure|hypertension|valvular_disease,endocrine_metabolic|gastrointestinal|pulmonary|renal,7,9,2,96,6,True,True,True,True,True,True,True,3,5,0.9833,matched_external_modality,
case-000328,eligible,,real,A,real,heart_failure,hematologic_coagulation|infectious|neurologic|pulmonary,5,9,8,23,6,True,True,True,True,True,True,True,4,7,0.8933,matched_external_modality,
case-000329,eligible,,real,A,real,hypertension|myocardial_infarction_acs|other_arrhythmia|thromboembolic_cv,hematologic_coagulation|infectious|neurologic|pulmonary,8,8,1,71,6,True,True,True,True,True,True,True,6,8,0.9833,matched_external_modality,
case-000330,eligible,,real,A,real,hypertension|thromboembolic_cv,gastrointestinal|hematologic_coagulation|neurologic|pulmonary,6,6,2,87,6,True,True,True,True,True,True,True,2,6,0.9833,matched_external_modality,
case-000331,eligible_with_warning,no cardiac biomarker (troponin/BNP) recorded,real,A,real,cardiac_surgery|hypertension,endocrine_metabolic|neurologic|other|pulmonary,6,6,3,15,6,True,True,True,True,True,True,True,1,6,0.9833,matched_external_modality,no cardiac biomarker (troponin/BNP) recorded
case-000332,eligible_with_warning,no cardiac biomarker (troponin/BNP) recorded,real,A,real,cardiac_arrest|heart_failure|hypertension,neurologic|other|pulmonary,6,422,2,394,6,True,True,True,True,True,True,True,25,35,0.9833,matched_external_modality,no cardiac biomarker (troponin/BNP) recorded
case-000333,eligible,,real,A,real,hypertension|myocardial_infarction_acs|thromboembolic_cv,hematologic_coagulation|neurologic|pulmonary,6,345,3,538,7,True,True,True,True,True,True,True,18,39,1.0,matched_external_modality,
case-000334,eligible,,real,A,real,hypertension|hypotension|myocardial_infarction_acs|shock,hematologic_coagulation|infectious|pulmonary,7,253,2,178,6,True,True,True,True,True,True,True,11,43,0.9833,matched_external_modality,
case-000335,eligible,,real,A,real,atrial_fibrillation|hypotension|other_arrhythmia|shock,gastrointestinal|hematologic_coagulation|pulmonary,7,244,2,234,6,True,True,True,True,True,True,True,29,41,0.9833,matched_external_modality,
case-000336,eligible,,real,A,real,hypertension,hematologic_coagulation|oncologic|pulmonary,4,128,2,271,5,True,True,True,True,True,True,True,27,40,0.8767,matched_external_modality,
case-000337,eligible,,real,A,real,hypertension|hypotension|shock,infectious|neurologic|pulmonary,6,127,2,441,6,True,True,True,True,True,True,True,30,40,0.9833,matched_external_modality,
case-000338,eligible,,real,A,real,hypertension,hematologic_coagulation|infectious|pulmonary,4,105,1,261,6,True,True,True,True,True,True,True,10,43,0.8933,matched_external_modality,
case-000339,eligible,,real,A,real,myocardial_infarction_acs|shock,hematologic_coagulation|pulmonary|renal,5,96,2,122,6,True,True,True,True,True,True,True,8,28,0.9833,matched_external_modality,
case-000340,eligible,,real,A,real,hypertension|thromboembolic_cv,hematologic_coagulation|oncologic|pulmonary,5,96,4,284,6,True,True,True,True,True,True,True,16,35,0.9833,matched_external_modality,
case-000341,eligible,,real,A,real,hypertension,gastrointestinal|hematologic_coagulation|oncologic,4,89,2,803,6,True,True,True,True,True,True,True,20,35,0.8933,matched_external_modality,
case-000342,eligible,,real,A,real,heart_failure|hypertension|myocardial_infarction_acs|thromboembolic_cv,gastrointestinal|hematologic_coagulation|pulmonary,7,79,1,168,6,True,True,True,True,True,True,True,11,28,0.9833,matched_external_modality,
case-000343,eligible_with_warning,no cardiac biomarker (troponin/BNP) recorded,real,A,real,hypertension|myocardial_infarction_acs,gastrointestinal|hematologic_coagulation|other,5,79,16,161,6,True,True,True,True,True,True,True,25,41,0.9833,matched_external_modality,no cardiac biomarker (troponin/BNP) recorded
case-000344,eligible,,real,A,real,hypotension|shock,infectious|neurologic|pulmonary,5,78,1,290,6,True,True,True,True,True,True,True,30,50,0.9833,matched_external_modality,
case-000345,eligible,,real,A,real,hypotension|shock,infectious|neurologic|pulmonary,5,76,1,105,6,True,True,True,True,True,True,True,13,20,0.9833,matched_external_modality,
case-000346,eligible,,real,A,real,myocardial_infarction_acs|shock,infectious|neurologic|pulmonary,5,66,4,103,6,True,True,True,True,True,True,True,15,35,0.9833,matched_external_modality,
case-000347,eligible_with_warning,no cardiac biomarker (troponin/BNP) recorded,real,A,real,atrial_fibrillation|cardiac_surgery|heart_failure|hypertension|other_arrhythmia|valvular_disease,endocrine_metabolic|gastrointestinal|hematologic_coagulation,9,61,1,189,6,True,True,True,True,True,True,True,6,9,0.9833,matched_external_modality,no cardiac biomarker (troponin/BNP) recorded
case-000348,eligible,,real,A,real,heart_failure|hypertension|myocardial_infarction_acs,hematologic_coagulation|neurologic|pulmonary,6,56,8,172,6,True,True,True,True,True,True,True,10,34,0.9833,matched_external_modality,
case-000349,eligible_with_warning,no cardiac biomarker (troponin/BNP) recorded,real,A,real,hypertension|thromboembolic_cv,hematologic_coagulation|neurologic|pulmonary,5,56,1,138,6,True,True,True,True,True,True,True,12,30,0.9833,matched_external_modality,no cardiac biomarker (troponin/BNP) recorded
case-000350,eligible,,real,A,real,hypotension|shock,infectious|pulmonary|renal,5,47,3,73,6,True,True,True,True,True,True,True,12,21,0.9833,matched_external_modality,
case-000351,eligible_with_warning,no cardiac biomarker (troponin/BNP) recorded,real,A,real,hypertension,gastrointestinal|neurologic|pulmonary,4,43,4,145,6,True,True,True,True,True,True,True,14,24,0.8933,matched_external_modality,no cardiac biomarker (troponin/BNP) recorded
case-000352,eligible,,real,A,real,atrial_fibrillation|hypertension|other_arrhythmia,endocrine_metabolic|infectious|renal,6,42,1,140,6,True,True,True,True,True,True,True,9,12,0.9833,matched_external_modality,
case-000353,eligible_with_warning,no cardiac biomarker (troponin/BNP) recorded,real,A,real,atrial_fibrillation|heart_block|hypotension|other_arrhythmia|shock,neurologic|pulmonary|renal,8,40,5,246,6,True,True,True,True,True,True,True,9,17,0.9833,matched_external_modality,no cardiac biomarker (troponin/BNP) recorded
case-000354,eligible,,real,A,real,heart_failure|hypertension,hematologic_coagulation|infectious|pulmonary,5,40,6,60,6,True,True,True,True,True,True,True,10,26,0.9833,matched_external_modality,
case-000355,eligible,,real,A,real,hypertension|thromboembolic_cv,endocrine_metabolic|hematologic_coagulation|pulmonary,5,40,2,45,6,True,True,True,True,True,True,True,8,28,0.9833,matched_external_modality,
case-000356,eligible,,real,A,real,hypertension,neurologic|other|pulmonary,4,39,2,94,6,True,True,True,True,True,True,True,11,21,0.8933,matched_external_modality,
case-000357,eligible_with_warning,no cardiac biomarker (troponin/BNP) recorded,real,A,real,thromboembolic_cv,endocrine_metabolic|pulmonary|renal,4,35,1,86,5,True,True,True,True,True,True,True,8,13,0.8767,matched_external_modality,no cardiac biomarker (troponin/BNP) recorded
case-000358,eligible_with_warning,no cardiac biomarker (troponin/BNP) recorded,real,A,real,shock,hematologic_coagulation|neurologic|pulmonary,4,33,1,90,6,True,True,True,True,True,True,True,13,25,0.8933,matched_external_modality,no cardiac biomarker (troponin/BNP) recorded
case-000359,eligible,,real,A,real,hypertension,endocrine_metabolic|hematologic_coagulation|neurologic,4,33,10,160,6,True,True,True,True,True,True,True,5,21,0.8933,matched_external_modality,
case-000360,eligible_with_warning,no cardiac biomarker (troponin/BNP) recorded,real,A,real,hypertension,endocrine_metabolic|neurologic|other,4,33,6,77,5,True,True,True,True,True,True,True,12,18,0.8767,matched_external_modality,no cardiac biomarker (troponin/BNP) recorded
case-000361,eligible,,real,A,real,cardiac_surgery|coronary_artery_disease|hypertension|myocardial_infarction_acs,endocrine_metabolic|hematologic_coagulation|pulmonary,7,31,2,40,6,True,True,True,True,True,True,True,7,17,0.9833,matched_external_modality,
case-000362,eligible,,real,A,real,atrial_fibrillation|other_arrhythmia,gastrointestinal|hematologic_coagulation|neurologic,5,30,1,46,6,True,True,True,True,True,True,True,3,8,0.9833,matched_external_modality,
case-000363,eligible,,real,A,real,hypertension,musculoskeletal|neurologic|pulmonary,4,28,2,74,6,True,True,True,True,True,True,True,8,15,0.8933,matched_external_modality,
case-000364,eligible,,real,A,real,coronary_artery_disease|hypertension|valvular_disease,gastrointestinal|hematologic_coagulation|pulmonary,6,28,12,36,6,True,True,True,True,True,True,True,15,22,0.9833,matched_external_modality,
case-000365,eligible_with_warning,no cardiac biomarker (troponin/BNP) recorded,real,A,real,hypertension,endocrine_metabolic|gastrointestinal|neurologic,4,27,5,179,6,True,True,True,True,True,True,True,5,18,0.8933,matched_external_modality,no cardiac biomarker (troponin/BNP) recorded
case-000366,eligible_with_warning,no cardiac biomarker (troponin/BNP) recorded,real,A,real,hypotension|shock,gastrointestinal|infectious|pulmonary,5,25,1,70,6,True,True,True,True,True,True,True,4,19,0.9833,matched_external_modality,no cardiac biomarker (troponin/BNP) recorded
case-000367,eligible,,real,A,real,atrial_fibrillation|hypertension|other_arrhythmia,hematologic_coagulation|musculoskeletal|neurologic,6,25,1,127,6,True,True,True,True,True,True,True,11,20,0.9833,matched_external_modality,
case-000368,eligible,,real,A,real,cardiac_surgery|hypertension|myocardial_infarction_acs|shock|thromboembolic_cv,gastrointestinal|hematologic_coagulation|renal,8,24,2,155,6,True,True,True,True,True,True,True,3,17,0.9833,matched_external_modality,
case-000369,eligible_with_warning,no cardiac biomarker (troponin/BNP) recorded,real,A,real,hypertension|thromboembolic_cv,musculoskeletal|neurologic|pulmonary,5,23,1,47,6,True,True,True,True,True,True,True,6,9,0.9833,matched_external_modality,no cardiac biomarker (troponin/BNP) recorded
case-000370,eligible,,real,A,real,atrial_fibrillation|heart_failure|hypertension|other_arrhythmia,endocrine_metabolic|hematologic_coagulation|pulmonary,7,22,2,81,6,True,True,True,True,True,True,True,4,16,0.9833,matched_external_modality,
case-000371,eligible,,real,A,real,hypertension|myocardial_infarction_acs|other_arrhythmia|shock,hematologic_coagulation|pulmonary|renal,7,21,1,54,6,True,True,True,True,True,True,True,5,18,0.9833,matched_external_modality,
case-000372,eligible_with_warning,no cardiac biomarker (troponin/BNP) recorded,real,A,real,hypertension,hematologic_coagulation|other|pulmonary,4,19,2,51,6,True,True,True,True,True,True,True,1,17,0.8933,matched_external_modality,no cardiac biomarker (troponin/BNP) recorded
case-000373,eligible,,real,A,real,heart_failure|hypertension,hematologic_coagulation|oncologic|pulmonary,5,18,1,72,6,True,True,True,True,True,True,True,4,15,0.9833,matched_external_modality,
case-000374,eligible,,real,A,real,thromboembolic_cv,endocrine_metabolic|neurologic|pulmonary,4,17,1,203,6,True,True,True,True,True,True,True,9,12,0.8933,matched_external_modality,
case-000375,eligible,,real,A,real,hypertension,endocrine_metabolic|neurologic|renal,4,15,2,67,6,True,True,True,True,True,True,True,5,10,0.8933,matched_external_modality,
case-000376,eligible,,real,A,real,heart_failure|hypertension,neurologic|other|pulmonary,5,14,1,84,6,True,True,True,True,True,True,True,4,9,0.9833,matched_external_modality,
case-000377,eligible_with_warning,no cardiac biomarker (troponin/BNP) recorded,real,A,real,atrial_fibrillation|other_arrhythmia,gastrointestinal|hematologic_coagulation|neurologic,5,13,1,20,6,True,True,True,True,True,True,True,1,1,0.8873,matched_external_modality,no cardiac biomarker (troponin/BNP) recorded
case-000378,eligible,,real,A,real,atrial_fibrillation|hypertension|other_arrhythmia|thromboembolic_cv,endocrine_metabolic|hematologic_coagulation|oncologic,7,10,1,41,6,True,True,True,True,True,True,True,6,10,0.9833,matched_external_modality,
case-000379,eligible_with_warning,no cardiac biomarker (troponin/BNP) recorded,real,A,real,atrial_fibrillation|coronary_artery_disease|hypertension|other_arrhythmia,endocrine_metabolic|hematologic_coagulation|neurologic,7,5,2,41,6,True,True,True,True,True,True,True,4,5,0.9833,matched_external_modality,no cardiac biomarker (troponin/BNP) recorded
case-000380,eligible_with_warning,no cardiac biomarker (troponin/BNP) recorded,real,A,real,hypertension,endocrine_metabolic|neurologic|oncologic,4,5,6,50,6,True,True,True,True,True,True,True,2,5,0.8933,matched_external_modality,no cardiac biomarker (troponin/BNP) recorded
case-000381,eligible_with_warning,no cardiac biomarker (troponin/BNP) recorded; no_medication_label_evidence,real,A,real,hypertension|hypotension|myocardial_infarction_acs|shock,endocrine_metabolic|gastrointestinal|hematologic_coagulation|infectious|neurologic|oncologic|pulmonary|renal,12,4,1,799,6,True,True,True,True,True,True,False,0,4,0.9593,matched_external_modality,no cardiac biomarker (troponin/BNP) recorded;no_medication_label_evidence
case-000382,eligible_with_warning,no cardiac biomarker (troponin/BNP) recorded,real,A,real,coronary_artery_disease,endocrine_metabolic|hematologic_coagulation|pulmonary|renal,5,4,1,736,6,True,True,True,True,True,True,True,3,4,0.8693,matched_external_modality,no cardiac biomarker (troponin/BNP) recorded
case-000383,eligible,,real,A,real,heart_failure|hypertension,allergy_immunologic|endocrine_metabolic|gastrointestinal|hematologic_coagulation|hepatic|musculoskeletal|neurologic|other|pulmonary|renal,12,89,4,388,6,True,True,True,True,True,True,True,27,42,0.96,matched_external_modality,
case-000384,eligible_with_warning,no cardiac biomarker (troponin/BNP) recorded,real,A,real,hypertension|myocardial_infarction_acs,gastrointestinal|hematologic_coagulation|infectious|musculoskeletal|oncologic|other|pulmonary,9,22,6,193,6,True,True,True,True,True,True,True,14,16,0.96,matched_external_modality,no cardiac biomarker (troponin/BNP) recorded
case-000385,eligible,,real,A,real,heart_failure|hypertension|myocardial_infarction_acs,allergy_immunologic|endocrine_metabolic|hematologic_coagulation|neurologic|pulmonary|renal,9,78,2,82,6,True,True,True,True,True,True,True,9,32,0.96,matched_external_modality,
case-000386,eligible_with_warning,no cardiac biomarker (troponin/BNP) recorded,real,A,real,heart_failure|hypertension|hypotension|shock,endocrine_metabolic|hematologic_coagulation|infectious|oncologic|pulmonary|renal,10,69,4,685,6,True,True,True,True,True,True,True,14,26,0.96,matched_external_modality,no cardiac biomarker (troponin/BNP) recorded
case-000387,eligible,,real,A,real,heart_block|hypertension|hypotension|shock,endocrine_metabolic|gastrointestinal|hematologic_coagulation|musculoskeletal|other|renal,10,69,1,250,6,True,True,True,True,True,True,True,5,31,0.96,matched_external_modality,
case-000388,eligible_with_warning,no cardiac biomarker (troponin/BNP) recorded,real,A,real,shock,endocrine_metabolic|infectious|neurologic|other|psychiatric|pulmonary,7,11,2,51,6,True,True,True,True,True,True,True,4,9,0.87,matched_external_modality,no cardiac biomarker (troponin/BNP) recorded
case-000389,eligible_with_warning,no cardiac biomarker (troponin/BNP) recorded,real,A,real,thromboembolic_cv,gastrointestinal|hepatic|neurologic|other|pulmonary,6,74,9,157,6,True,True,True,True,True,True,True,16,24,0.87,matched_external_modality,no cardiac biomarker (troponin/BNP) recorded
case-000390,eligible,,real,A,real,hypertension|myocardial_infarction_acs,endocrine_metabolic|hematologic_coagulation|infectious|pulmonary|renal,7,58,1,235,6,True,True,True,True,True,True,True,8,31,0.96,matched_external_modality,
case-000391,eligible,,real,A,real,atrial_fibrillation|hypertension|other_arrhythmia,gastrointestinal|hematologic_coagulation|musculoskeletal|neurologic|pulmonary,8,51,2,135,6,True,True,True,True,True,True,True,1,15,0.96,matched_external_modality,
case-000392,eligible_with_warning,no cardiac biomarker (troponin/BNP) recorded,real,A,real,heart_failure|hypertension|other_arrhythmia,endocrine_metabolic|hematologic_coagulation|neurologic|pulmonary|renal,8,41,3,81,6,True,True,True,True,True,True,True,4,24,0.96,matched_external_modality,no cardiac biomarker (troponin/BNP) recorded
case-000393,eligible_with_warning,no cardiac biomarker (troponin/BNP) recorded,real,A,real,atrial_fibrillation|heart_failure|myocardial_infarction_acs|other_arrhythmia,endocrine_metabolic|musculoskeletal|neurologic|other|renal,9,35,2,72,6,True,True,True,True,True,True,True,13,22,0.96,matched_external_modality,no cardiac biomarker (troponin/BNP) recorded
case-000394,eligible_with_warning,no cardiac biomarker (troponin/BNP) recorded,real,A,real,atrial_fibrillation|heart_block|hypertension|other_arrhythmia|valvular_disease,endocrine_metabolic|hematologic_coagulation|oncologic|pulmonary|renal,10,29,1,147,6,True,True,True,True,True,True,True,16,26,0.96,matched_external_modality,no cardiac biomarker (troponin/BNP) recorded
case-000395,eligible_with_warning,no cardiac biomarker (troponin/BNP) recorded,real,A,real,atrial_fibrillation|heart_failure|other_arrhythmia,gastrointestinal|hematologic_coagulation|neurologic|oncologic|pulmonary,8,27,1,20,6,True,True,True,True,True,True,True,9,14,0.96,matched_external_modality,no cardiac biomarker (troponin/BNP) recorded
case-000396,eligible,,real,A,real,cardiac_surgery|heart_failure|hypertension|hypotension|myocardial_infarction_acs|shock,endocrine_metabolic|hematologic_coagulation|infectious|pulmonary|renal,11,22,4,120,6,True,True,True,True,True,True,True,13,16,0.96,matched_external_modality,
case-000397,eligible_with_warning,no cardiac biomarker (troponin/BNP) recorded,real,A,real,hypertension,gastrointestinal|hematologic_coagulation|other|pulmonary|renal,6,19,2,78,6,True,True,True,True,True,True,True,8,18,0.87,matched_external_modality,no cardiac biomarker (troponin/BNP) recorded
case-000398,eligible,,real,A,real,atrial_fibrillation|cardiac_surgery|hypertension|myocardial_infarction_acs|other_arrhythmia,endocrine_metabolic|hematologic_coagulation|infectious|pulmonary|renal,10,6,2,21,6,True,True,True,True,True,True,True,4,6,0.96,matched_external_modality,
case-000399,eligible,,real,A,real,atrial_fibrillation|other_arrhythmia,endocrine_metabolic|gastrointestinal|hematologic_coagulation|renal,6,183,4,96,6,True,True,True,True,True,True,True,7,10,0.96,matched_external_modality,
case-000400,eligible,,real,A,real,cardiac_surgery|coronary_artery_disease|heart_block|heart_failure|hypertension|myocardial_infarction_acs,endocrine_metabolic|hematologic_coagulation|pulmonary|renal,10,88,9,185,6,True,True,True,True,True,True,True,14,24,0.96,matched_external_modality,
case-000401,eligible_with_warning,no cardiac biomarker (troponin/BNP) recorded,real,A,real,cardiac_surgery|hypertension|valvular_disease,endocrine_metabolic|other|pulmonary|renal,7,80,4,145,7,True,True,True,True,True,True,True,12,38,0.9767,matched_external_modality,no cardiac biomarker (troponin/BNP) recorded
case-000402,eligible_with_warning,no cardiac biomarker (troponin/BNP) recorded,real,A,real,hypertension,endocrine_metabolic|hematologic_coagulation|infectious|pulmonary,5,65,2,82,6,True,True,True,True,True,True,True,6,46,0.87,matched_external_modality,no cardiac biomarker (troponin/BNP) recorded
case-000403,eligible,,real,A,real,atrial_fibrillation|hypertension|other_arrhythmia|valvular_disease,endocrine_metabolic|hematologic_coagulation|neurologic|renal,8,54,2,69,6,True,True,True,True,True,True,True,11,26,0.96,matched_external_modality,
case-000404,eligible_with_warning,no cardiac biomarker (troponin/BNP) recorded,real,A,real,atrial_fibrillation|heart_failure|other_arrhythmia|tachycardia,endocrine_metabolic|hematologic_coagulation|oncologic|pulmonary,8,41,2,92,6,True,True,True,True,True,True,True,5,29,0.96,matched_external_modality,no cardiac biomarker (troponin/BNP) recorded
case-000405,eligible,,real,A,real,hypertension,gastrointestinal|hematologic_coagulation|other|pulmonary,5,40,2,13,6,True,True,True,True,True,True,True,7,25,0.87,matched_external_modality,
case-000406,eligible,,real,A,real,atrial_fibrillation|hypertension|myocardial_infarction_acs|other_arrhythmia,endocrine_metabolic|gastrointestinal|hematologic_coagulation|neurologic,8,40,5,68,6,True,True,True,True,True,True,True,10,31,0.96,matched_external_modality,
case-000407,eligible_with_warning,no cardiac biomarker (troponin/BNP) recorded,real,A,real,thromboembolic_cv,endocrine_metabolic|gastrointestinal|neurologic|pulmonary,5,37,3,135,6,True,True,True,True,True,True,True,13,23,0.87,matched_external_modality,no cardiac biomarker (troponin/BNP) recorded
case-000408,eligible_with_warning,no cardiac biomarker (troponin/BNP) recorded,real,A,real,shock,hematologic_coagulation|oncologic|pulmonary|renal,5,34,1,45,6,True,True,True,True,True,True,True,13,22,0.87,matched_external_modality,no cardiac biomarker (troponin/BNP) recorded
case-000409,eligible,,real,A,real,cardiac_surgery|hypertension,hematologic_coagulation|oncologic|pulmonary|renal,6,32,2,116,6,True,True,True,True,True,True,True,6,11,0.96,matched_external_modality,
case-000410,eligible,,real,A,real,hypertension|hypotension|shock,endocrine_metabolic|infectious|neurologic|pulmonary,7,30,2,95,6,True,True,True,True,True,True,True,11,19,0.96,matched_external_modality,
case-000411,eligible_with_warning,no cardiac biomarker (troponin/BNP) recorded,real,A,real,hypertension,gastrointestinal|hematologic_coagulation|oncologic|pulmonary,5,29,3,66,6,True,True,True,True,True,True,True,2,13,0.87,matched_external_modality,no cardiac biomarker (troponin/BNP) recorded
case-000412,eligible_with_warning,no cardiac biomarker (troponin/BNP) recorded,real,A,real,hypertension,gastrointestinal|hematologic_coagulation|oncologic|pulmonary,5,26,3,155,6,True,True,True,True,True,True,True,3,16,0.87,matched_external_modality,no cardiac biomarker (troponin/BNP) recorded
case-000413,eligible_with_warning,no cardiac biomarker (troponin/BNP) recorded,real,A,real,hypertension,gastrointestinal|neurologic|other|psychiatric,5,25,1,30,6,True,True,True,True,True,True,True,2,5,0.87,matched_external_modality,no cardiac biomarker (troponin/BNP) recorded
case-000414,eligible,,real,A,real,hypertension,endocrine_metabolic|hematologic_coagulation|infectious|pulmonary,5,23,1,50,6,True,True,True,True,True,True,True,10,16,0.87,matched_external_modality,
case-000415,eligible_with_warning,no cardiac biomarker (troponin/BNP) recorded,real,A,real,hypertension,endocrine_metabolic|gastrointestinal|hematologic_coagulation|renal,5,18,2,258,6,True,True,True,True,True,True,True,5,12,0.87,matched_external_modality,no cardiac biomarker (troponin/BNP) recorded
case-000416,eligible,,real,A,real,myocardial_infarction_acs,endocrine_metabolic|hematologic_coagulation|pulmonary,4,306,1,334,6,True,True,True,True,True,True,True,32,52,0.87,matched_external_modality,
case-000417,eligible,,real,A,real,cardiac_surgery|hypertension|thromboembolic_cv,hematologic_coagulation|infectious|oncologic,6,76,1,518,6,True,True,True,True,True,True,True,22,36,0.96,matched_external_modality,
case-000418,eligible,,real,A,real,cardiac_arrest,hematologic_coagulation|neurologic|pulmonary,4,61,1,316,6,True,True,True,True,True,True,True,16,29,0.87,matched_external_modality,
case-000419,eligible_with_warning,no cardiac biomarker (troponin/BNP) recorded,real,A,real,hypertension,endocrine_metabolic|musculoskeletal|neurologic,4,56,1,96,6,True,True,True,True,True,True,True,11,25,0.87,matched_external_modality,no cardiac biomarker (troponin/BNP) recorded
case-000420,eligible_with_warning,no cardiac biomarker (troponin/BNP) recorded,real,A,real,hypertension,gastrointestinal|neurologic|pulmonary,4,26,2,303,6,True,True,True,True,True,True,True,10,23,0.87,matched_external_modality,no cardiac biomarker (troponin/BNP) recorded
case-000421,eligible,,real,A,real,hypertension|myocardial_infarction_acs,gastrointestinal|hematologic_coagulation|neurologic,5,19,1,35,5,True,True,True,True,True,True,True,6,16,0.9433,matched_external_modality,
case-000422,eligible,,real,A,real,heart_block|hypertension|other_arrhythmia,endocrine_metabolic|hematologic_coagulation|oncologic,6,19,1,57,6,True,True,True,True,True,True,True,7,14,0.96,matched_external_modality,
case-000423,eligible,,real,A,real,heart_failure|hypertension,endocrine_metabolic|gastrointestinal|hematologic_coagulation,5,18,1,47,6,True,True,True,True,True,True,True,6,13,0.96,matched_external_modality,
case-000424,eligible,,real,A,real,bradycardia|hypertension|other_arrhythmia|thromboembolic_cv,gastrointestinal|hematologic_coagulation|oncologic,7,17,3,24,6,True,True,True,True,True,True,True,2,10,0.96,matched_external_modality,
case-000425,eligible_with_warning,no cardiac biomarker (troponin/BNP) recorded,real,A,real,hypertension,endocrine_metabolic|gastrointestinal|hematologic_coagulation,4,11,1,98,6,True,True,True,True,True,True,True,6,9,0.87,matched_external_modality,no cardiac biomarker (troponin/BNP) recorded
case-000426,eligible_with_warning,no cardiac biomarker (troponin/BNP) recorded,real,A,real,heart_failure,gastrointestinal|neurologic|other,4,7,1,39,6,True,True,True,True,True,True,True,1,6,0.87,matched_external_modality,no cardiac biomarker (troponin/BNP) recorded
case-000427,eligible_with_warning,no cardiac biomarker (troponin/BNP) recorded,real,A,real,cardiac_arrest,hematologic_coagulation|neurologic|oncologic|pulmonary,5,11,4,6,6,True,True,True,True,True,True,True,3,8,0.8633,matched_external_modality,no cardiac biomarker (troponin/BNP) recorded
case-000428,eligible_with_warning,no cardiac biomarker (troponin/BNP) recorded,real,A,real,hypertension,gastrointestinal|hematologic_coagulation|other|pulmonary,5,29,2,7,6,True,True,True,True,True,True,True,5,22,0.825,matched_external_modality,no cardiac biomarker (troponin/BNP) recorded
case-000429,eligible_with_warning,no allergy records,real,A,real,cardiac_surgery|cardiomyopathy|coronary_artery_disease|heart_block|heart_failure|hypotension|other_arrhythmia|shock|tachycardia,allergy_immunologic|endocrine_metabolic|gastrointestinal|hematologic_coagulation|hepatic|infectious|musculoskeletal|neurologic|other|pulmonary|renal,20,19,0,462,7,True,True,True,True,True,True,True,9,12,0.94,matched_external_modality,no allergy records
case-000430,eligible_with_warning,no allergy records,real,A,real,atrial_fibrillation|cardiomyopathy|coronary_artery_disease|heart_block|heart_failure|hypertension|other_arrhythmia|tachycardia,allergy_immunologic|endocrine_metabolic|gastrointestinal|hematologic_coagulation|musculoskeletal|neurologic|oncologic|other|psychiatric|pulmonary|renal,19,16,0,84,6,True,True,True,True,True,True,True,7,13,0.9233,matched_external_modality,no allergy records
case-000431,eligible_with_warning,no allergy records; no cardiac biomarker (troponin/BNP) recorded,real,A,real,cardiac_surgery|cardiomyopathy|heart_failure|hypertension|hypotension|myocardial_infarction_acs|other_arrhythmia|shock|thromboembolic_cv,endocrine_metabolic|gastrointestinal|hematologic_coagulation|infectious|musculoskeletal|neurologic|oncologic|other|psychiatric|pulmonary|renal,20,6,0,37,6,True,True,True,True,True,True,True,3,6,0.9233,matched_external_modality,no allergy records;no cardiac biomarker (troponin/BNP) recorded
case-000432,eligible_with_warning,no allergy records,real,A,real,cardiac_arrest|hypotension|shock|thromboembolic_cv,allergy_immunologic|endocrine_metabolic|gastrointestinal|hematologic_coagulation|hepatic|infectious|neurologic|other|pulmonary|renal,14,137,0,112,6,True,True,True,True,True,True,True,1,6,0.9233,matched_external_modality,no allergy records
case-000433,eligible_with_warning,no allergy records,real,A,real,hypotension|myocardial_infarction_acs|shock|thromboembolic_cv,endocrine_metabolic|gastrointestinal|hematologic_coagulation|hepatic|infectious|musculoskeletal|neurologic|oncologic|pulmonary|renal,14,127,0,595,6,True,True,True,True,True,True,True,3,5,0.9233,matched_external_modality,no allergy records
case-000434,eligible_with_warning,no allergy records; no cardiac biomarker (troponin/BNP) recorded,real,A,real,cardiac_surgery|coronary_artery_disease,endocrine_metabolic|gastrointestinal|hematologic_coagulation|hepatic|infectious|musculoskeletal|neurologic|other|pulmonary|renal,12,78,0,130,6,True,True,True,True,True,True,True,4,11,0.9233,matched_external_modality,no allergy records;no cardiac biomarker (troponin/BNP) recorded
case-000435,eligible_with_warning,no allergy records,real,A,real,cardiac_surgery|cardiomyopathy|coronary_artery_disease|heart_failure|hypertension|other_arrhythmia|tachycardia|thromboembolic_cv,allergy_immunologic|endocrine_metabolic|gastrointestinal|hematologic_coagulation|infectious|musculoskeletal|neurologic|other|pulmonary|renal,18,75,0,592,7,True,True,True,True,True,True,True,20,30,0.94,matched_external_modality,no allergy records
case-000436,eligible_with_warning,no allergy records; no cardiac biomarker (troponin/BNP) recorded,real,A,real,atrial_fibrillation|hypertension|myocardial_infarction_acs|other_arrhythmia|thromboembolic_cv,endocrine_metabolic|gastrointestinal|hematologic_coagulation|infectious|musculoskeletal|neurologic|oncologic|other|pulmonary|renal,15,65,0,187,6,True,True,True,True,True,True,True,17,32,0.9233,matched_external_modality,no allergy records;no cardiac biomarker (troponin/BNP) recorded
case-000437,eligible_with_warning,no allergy records,real,A,real,cardiac_surgery|coronary_artery_disease|hypertension|hypotension|myocardial_infarction_acs|shock|thromboembolic_cv,endocrine_metabolic|gastrointestinal|hematologic_coagulation|hepatic|infectious|neurologic|oncologic|other|pulmonary|renal,17,42,0,113,6,True,True,True,True,True,True,True,6,21,0.9233,matched_external_modality,no allergy records
case-000438,eligible_with_warning,no allergy records,real,A,real,hypertension|myocardial_infarction_acs|other_arrhythmia|shock|thromboembolic_cv,endocrine_metabolic|gastrointestinal|hematologic_coagulation|infectious|musculoskeletal|neurologic|oncologic|other|pulmonary|renal,15,23,0,454,5,True,True,True,True,True,True,True,5,10,0.9067,matched_external_modality,no allergy records
case-000439,eligible_with_warning,no allergy records,real,A,real,heart_failure|hypertension|hypotension|myocardial_infarction_acs|shock|thromboembolic_cv,endocrine_metabolic|gastrointestinal|hematologic_coagulation|infectious|neurologic|oncologic|other|psychiatric|pulmonary|renal,16,20,0,67,6,True,True,True,True,True,True,True,7,12,0.9233,matched_external_modality,no allergy records
case-000440,eligible_with_warning,no allergy records,real,A,real,cardiac_surgery|cardiomyopathy|coronary_artery_disease|heart_block|heart_failure|hypotension|other_arrhythmia|shock|tachycardia,allergy_immunologic|endocrine_metabolic|gastrointestinal|hematologic_coagulation|hepatic|infectious|musculoskeletal|neurologic|pulmonary|renal,19,19,0,307,7,True,True,True,True,True,True,True,7,10,0.94,matched_external_modality,no allergy records
case-000441,eligible_with_warning,no allergy records; no cardiac biomarker (troponin/BNP) recorded,real,A,real,atrial_fibrillation|hypertension|other_arrhythmia|thromboembolic_cv,endocrine_metabolic|gastrointestinal|hematologic_coagulation|infectious|neurologic|oncologic|other|psychiatric|pulmonary|renal,14,14,0,327,5,True,True,True,True,True,True,True,6,9,0.9067,matched_external_modality,no allergy records;no cardiac biomarker (troponin/BNP) recorded
case-000442,eligible_with_warning,no allergy records,real,A,real,cardiac_arrest|hypotension|shock,endocrine_metabolic|gastrointestinal|hematologic_coagulation|hepatic|infectious|neurologic|other|psychiatric|pulmonary|renal,13,13,0,35,6,True,True,True,True,True,True,True,4,12,0.9233,matched_external_modality,no allergy records
case-000443,eligible_with_warning,no allergy records,real,A,real,heart_failure|hypertension|hypotension|myocardial_infarction_acs|other_arrhythmia|shock|thromboembolic_cv,endocrine_metabolic|gastrointestinal|hematologic_coagulation|infectious|neurologic|oncologic|other|pulmonary|renal,16,1135,0,471,6,True,True,True,True,True,True,True,21,28,0.9233,matched_external_modality,no allergy records
case-000444,eligible_with_warning,no allergy records,real,A,real,atrial_fibrillation|hypertension|hypotension|myocardial_infarction_acs|other_arrhythmia|shock|thromboembolic_cv,endocrine_metabolic|gastrointestinal|hematologic_coagulation|hepatic|infectious|musculoskeletal|neurologic|pulmonary|renal,16,322,0,802,7,True,True,True,True,True,True,True,4,4,0.916,matched_external_modality,no allergy records
case-000445,eligible_with_warning,no allergy records,real,A,real,heart_failure|hypertension|hypotension|shock|thromboembolic_cv,endocrine_metabolic|gastrointestinal|hematologic_coagulation|infectious|musculoskeletal|neurologic|oncologic|pulmonary|renal,14,293,0,273,7,True,True,True,True,True,True,True,3,10,0.94,matched_external_modality,no allergy records
case-000446,eligible_with_warning,no allergy records,real,A,real,atrial_fibrillation|heart_failure|hypertension|hypotension|myocardial_infarction_acs|other_arrhythmia|shock|thromboembolic_cv,endocrine_metabolic|gastrointestinal|hematologic_coagulation|infectious|neurologic|other|psychiatric|pulmonary|renal,17,276,0,403,7,True,True,True,True,True,True,True,4,6,0.94,matched_external_modality,no allergy records
case-000447,eligible_with_warning,no allergy records,real,A,real,hypertension|myocardial_infarction_acs|shock|thromboembolic_cv,endocrine_metabolic|gastrointestinal|hematologic_coagulation|infectious|musculoskeletal|neurologic|other|pulmonary|renal,13,174,0,319,6,True,True,True,True,True,True,True,4,27,0.9233,matched_external_modality,no allergy records
case-000448,eligible_with_warning,no allergy records,real,A,real,atrial_fibrillation|heart_failure|hypertension|hypotension|other_arrhythmia|shock|thromboembolic_cv,endocrine_metabolic|gastrointestinal|hematologic_coagulation|infectious|musculoskeletal|neurologic|other|pulmonary|renal,16,142,0,816,6,True,True,True,True,True,True,True,3,4,0.8993,matched_external_modality,no allergy records
case-000449,eligible_with_warning,no allergy records; no cardiac biomarker (troponin/BNP) recorded,real,A,real,cardiac_arrest|shock,endocrine_metabolic|gastrointestinal|hematologic_coagulation|hepatic|neurologic|oncologic|other|pulmonary|renal,11,122,0,259,6,True,True,True,True,True,True,True,9,26,0.9233,matched_external_modality,no allergy records;no cardiac biomarker (troponin/BNP) recorded
case-000450,eligible_with_warning,no allergy records,real,A,real,atrial_fibrillation|hypotension|other_arrhythmia|shock,endocrine_metabolic|gastrointestinal|hematologic_coagulation|hepatic|infectious|neurologic|other|pulmonary|renal,13,79,0,394,6,True,True,True,True,True,True,True,19,25,0.9233,matched_external_modality,no allergy records
case-000451,eligible_with_warning,no allergy records; no cardiac biomarker (troponin/BNP) recorded,real,A,real,hypertension|hypotension|shock,allergy_immunologic|endocrine_metabolic|gastrointestinal|hematologic_coagulation|infectious|musculoskeletal|neurologic|other|pulmonary,12,73,0,735,7,True,True,True,True,True,True,True,1,1,0.844,matched_external_modality,no allergy records;no cardiac biomarker (troponin/BNP) recorded
case-000452,eligible_with_warning,no allergy records,real,A,real,heart_failure|hypertension|thromboembolic_cv,endocrine_metabolic|gastrointestinal|hematologic_coagulation|infectious|musculoskeletal|neurologic|other|pulmonary|renal,12,53,0,205,6,True,True,True,True,True,True,True,19,25,0.9233,matched_external_modality,no allergy records
case-000453,eligible_with_warning,no allergy records,real,A,real,hypertension|hypotension|myocardial_infarction_acs|other_arrhythmia|shock|thromboembolic_cv,endocrine_metabolic|gastrointestinal|hematologic_coagulation|infectious|neurologic|other|psychiatric|pulmonary|renal,15,45,0,310,5,True,True,True,True,True,True,True,7,10,0.9067,matched_external_modality,no allergy records
case-000454,eligible_with_warning,no allergy records,real,A,real,hypertension|hypotension|shock|thromboembolic_cv,endocrine_metabolic|gastrointestinal|hematologic_coagulation|hepatic|infectious|neurologic|oncologic|pulmonary|renal,13,42,0,121,6,True,True,True,True,True,True,True,5,29,0.9233,matched_external_modality,no allergy records
case-000455,eligible_with_warning,no allergy records,real,A,real,atrial_fibrillation|heart_failure|hypertension|myocardial_infarction_acs|other_arrhythmia|thromboembolic_cv,endocrine_metabolic|gastrointestinal|hematologic_coagulation|infectious|neurologic|oncologic|other|pulmonary|renal,15,36,0,441,6,True,True,True,True,True,True,True,6,9,0.9233,matched_external_modality,no allergy records
case-000456,eligible_with_warning,no allergy records; no cardiac biomarker (troponin/BNP) recorded,real,A,real,hypertension,gastrointestinal|hematologic_coagulation|hepatic|infectious|neurologic|oncologic|other|pulmonary|renal,10,30,0,182,6,True,True,True,True,True,True,True,12,21,0.8333,matched_external_modality,no allergy records;no cardiac biomarker (troponin/BNP) recorded
case-000457,eligible_with_warning,no allergy records; no cardiac biomarker (troponin/BNP) recorded,real,A,real,cardiac_surgery|coronary_artery_disease|heart_failure|hypertension|myocardial_infarction_acs|other_arrhythmia|thromboembolic_cv,endocrine_metabolic|gastrointestinal|hematologic_coagulation|hepatic|infectious|neurologic|oncologic|pulmonary|renal,16,28,0,243,6,True,True,True,True,True,True,True,8,15,0.9233,matched_external_modality,no allergy records;no cardiac biomarker (troponin/BNP) recorded
case-000458,eligible_with_warning,no allergy records,real,A,real,cardiac_surgery|coronary_artery_disease|hypertension|hypotension|myocardial_infarction_acs|shock|thromboembolic_cv,endocrine_metabolic|gastrointestinal|hematologic_coagulation|hepatic|infectious|neurologic|oncologic|pulmonary|renal,16,26,0,157,6,True,True,True,True,True,True,True,12,19,0.9233,matched_external_modality,no allergy records
case-000459,eligible_with_warning,no allergy records; no cardiac biomarker (troponin/BNP) recorded,real,A,real,hypertension|shock|thromboembolic_cv,endocrine_metabolic|gastrointestinal|hematologic_coagulation|infectious|neurologic|oncologic|other|pulmonary|renal,12,24,0,99,6,True,True,True,True,True,True,True,6,11,0.9233,matched_external_modality,no allergy records;no cardiac biomarker (troponin/BNP) recorded
case-000460,eligible_with_warning,no allergy records; no cardiac biomarker (troponin/BNP) recorded,real,A,real,atrial_fibrillation|cardiac_surgery|coronary_artery_disease|hypertension|myocardial_infarction_acs|other_arrhythmia|thromboembolic_cv,endocrine_metabolic|gastrointestinal|hematologic_coagulation|hepatic|infectious|neurologic|oncologic|pulmonary|renal,16,19,0,115,6,True,True,True,True,True,True,True,5,7,0.9233,matched_external_modality,no allergy records;no cardiac biomarker (troponin/BNP) recorded
case-000461,eligible_with_warning,no allergy records; no cardiac biomarker (troponin/BNP) recorded,real,A,real,heart_block|hypertension|myocardial_infarction_acs|thromboembolic_cv,endocrine_metabolic|gastrointestinal|hematologic_coagulation|infectious|neurologic|other|psychiatric|pulmonary|renal,13,15,0,72,6,True,True,True,True,True,True,True,2,15,0.9233,matched_external_modality,no allergy records;no cardiac biomarker (troponin/BNP) recorded
case-000462,eligible_with_warning,no allergy records,real,A,real,hypertension|hypotension|myocardial_infarction_acs|shock|thromboembolic_cv,endocrine_metabolic|gastrointestinal|hematologic_coagulation|infectious|musculoskeletal|neurologic|other|pulmonary|renal,14,14,0,120,6,True,True,True,True,True,True,True,4,14,0.9233,matched_external_modality,no allergy records
case-000463,eligible_with_warning,no allergy records,real,A,real,cardiomyopathy|coronary_artery_disease|heart_block|heart_failure|hypotension|other_arrhythmia|shock|tachycardia,allergy_immunologic|endocrine_metabolic|gastrointestinal|hematologic_coagulation|hepatic|infectious|musculoskeletal|pulmonary|renal,17,13,0,283,7,True,True,True,True,True,True,True,3,6,0.94,matched_external_modality,no allergy records
case-000464,eligible_with_warning,no allergy records; no cardiac biomarker (troponin/BNP) recorded,real,A,real,thromboembolic_cv,endocrine_metabolic|gastrointestinal|hematologic_coagulation|infectious|neurologic|oncologic|other|psychiatric|pulmonary,10,12,0,79,6,True,True,True,True,True,True,True,5,9,0.8333,matched_external_modality,no allergy records;no cardiac biomarker (troponin/BNP) recorded
case-000465,eligible_with_warning,no allergy records; no cardiac biomarker (troponin/BNP) recorded,real,A,real,cardiac_surgery|coronary_artery_disease|hypertension,endocrine_metabolic|gastrointestinal|hematologic_coagulation|hepatic|infectious|neurologic|oncologic|pulmonary|renal,12,9,0,92,6,True,True,True,True,True,True,True,3,9,0.9233,matched_external_modality,no allergy records;no cardiac biomarker (troponin/BNP) recorded
case-000466,eligible_with_warning,no allergy records; no cardiac biomarker (troponin/BNP) recorded,real,A,real,cardiac_surgery|cardiomyopathy|hypertension|myocardial_infarction_acs|other_arrhythmia|shock,endocrine_metabolic|gastrointestinal|hematologic_coagulation|infectious|musculoskeletal|neurologic|other|pulmonary|renal,15,8,0,206,7,True,True,True,True,True,True,True,4,8,0.94,matched_external_modality,no allergy records;no cardiac biomarker (troponin/BNP) recorded
case-000467,eligible_with_warning,no allergy records; no cardiac biomarker (troponin/BNP) recorded,real,A,real,hypertension|hypotension|myocardial_infarction_acs|shock|thromboembolic_cv,endocrine_metabolic|gastrointestinal|hematologic_coagulation|infectious|musculoskeletal|neurologic|other|pulmonary|renal,14,7,0,93,6,True,True,True,True,True,True,True,4,5,0.9233,matched_external_modality,no allergy records;no cardiac biomarker (troponin/BNP) recorded
case-000468,eligible_with_warning,no allergy records; no cardiac biomarker (troponin/BNP) recorded,real,A,real,atrial_fibrillation|hypertension|hypotension|myocardial_infarction_acs|other_arrhythmia|shock|tachycardia|thromboembolic_cv,endocrine_metabolic|gastrointestinal|hematologic_coagulation|infectious|neurologic|other|pulmonary|renal,16,868,0,547,7,True,True,True,True,True,True,True,11,25,0.94,matched_external_modality,no allergy records;no cardiac biomarker (troponin/BNP) recorded
case-000469,eligible_with_warning,no allergy records,real,A,real,hypotension|other_arrhythmia|shock|tachycardia|thromboembolic_cv,endocrine_metabolic|gastrointestinal|hematologic_coagulation|infectious|neurologic|other|pulmonary|renal,13,339,0,221,6,True,True,True,True,True,True,True,1,5,0.9233,matched_external_modality,no allergy records
case-000470,eligible_with_warning,no allergy records; no cardiac biomarker (troponin/BNP) recorded,real,A,real,thromboembolic_cv,endocrine_metabolic|gastrointestinal|hematologic_coagulation|infectious|neurologic|other|pulmonary|renal,9,144,0,456,7,True,True,True,True,True,True,True,4,4,0.826,matched_external_modality,no allergy records;no cardiac biomarker (troponin/BNP) recorded
case-000471,eligible_with_warning,no allergy records; no cardiac biomarker (troponin/BNP) recorded,real,A,real,hypertension|myocardial_infarction_acs|thromboembolic_cv,endocrine_metabolic|gastrointestinal|hematologic_coagulation|infectious|neurologic|other|pulmonary|renal,11,92,0,407,6,True,True,True,True,True,True,True,27,50,0.9233,matched_external_modality,no allergy records;no cardiac biomarker (troponin/BNP) recorded
case-000472,eligible_with_warning,no allergy records; no cardiac biomarker (troponin/BNP) recorded,real,A,real,heart_failure|hypertension|shock,endocrine_metabolic|gastrointestinal|hematologic_coagulation|hepatic|infectious|neurologic|pulmonary|renal,11,85,0,167,6,True,True,True,True,True,True,True,4,14,0.9233,matched_external_modality,no allergy records;no cardiac biomarker (troponin/BNP) recorded
case-000473,eligible_with_warning,no allergy records,real,A,real,hypertension|other_arrhythmia|tachycardia|thromboembolic_cv,endocrine_metabolic|gastrointestinal|hematologic_coagulation|hepatic|infectious|neurologic|pulmonary|renal,12,81,0,144,6,True,True,True,True,True,True,True,2,12,0.9233,matched_external_modality,no allergy records
case-000474,eligible_with_warning,no allergy records,real,A,real,hypertension|thromboembolic_cv,endocrine_metabolic|gastrointestinal|hematologic_coagulation|musculoskeletal|neurologic|other|pulmonary|renal,10,66,0,276,6,True,True,True,True,True,True,True,25,37,0.9233,matched_external_modality,no allergy records
case-000475,eligible_with_warning,no allergy records; no cardiac biomarker (troponin/BNP) recorded,real,A,real,thromboembolic_cv,gastrointestinal|hematologic_coagulation|infectious|musculoskeletal|neurologic|other|pulmonary|renal,9,59,0,106,6,True,True,True,True,True,True,True,17,25,0.8333,matched_external_modality,no allergy records;no cardiac biomarker (troponin/BNP) recorded
case-000476,eligible_with_warning,no allergy records,real,A,real,cardiac_arrest|hypertension|shock|thromboembolic_cv,endocrine_metabolic|gastrointestinal|hematologic_coagulation|hepatic|infectious|neurologic|pulmonary|renal,12,56,0,112,6,True,True,True,True,True,True,True,26,46,0.9233,matched_external_modality,no allergy records
case-000477,eligible_with_warning,no allergy records,real,A,real,atrial_fibrillation|heart_block|heart_failure|hypertension|myocardial_infarction_acs|other_arrhythmia|shock|thromboembolic_cv,endocrine_metabolic|gastrointestinal|hematologic_coagulation|infectious|neurologic|other|pulmonary|renal,16,55,0,217,6,True,True,True,True,True,True,True,5,26,0.9233,matched_external_modality,no allergy records
case-000478,eligible_with_warning,no allergy records,real,A,real,atrial_fibrillation|cardiac_surgery|coronary_artery_disease|heart_failure|hypertension|other_arrhythmia|thromboembolic_cv,endocrine_metabolic|gastrointestinal|hematologic_coagulation|hepatic|neurologic|other|pulmonary|renal,15,46,0,150,6,True,True,True,True,True,True,True,13,24,0.9233,matched_external_modality,no allergy records
case-000479,eligible_with_warning,no allergy records,real,A,real,atrial_fibrillation|coronary_artery_disease|heart_failure|hypertension|myocardial_infarction_acs|other_arrhythmia|shock|thromboembolic_cv|valvular_disease,endocrine_metabolic|gastrointestinal|hematologic_coagulation|infectious|neurologic|other|pulmonary|renal,17,46,0,279,6,True,True,True,True,True,True,True,17,26,0.9233,matched_external_modality,no allergy records
case-000480,eligible_with_warning,no allergy records; no cardiac biomarker (troponin/BNP) recorded,real,A,real,hypertension|other_arrhythmia|thromboembolic_cv,endocrine_metabolic|gastrointestinal|hematologic_coagulation|infectious|neurologic|other|pulmonary|renal,11,39,0,71,6,True,True,True,True,True,True,True,1,9,0.9233,matched_external_modality,no allergy records;no cardiac biomarker (troponin/BNP) recorded
case-000481,eligible_with_warning,no allergy records,real,A,real,heart_failure|hypertension|myocardial_infarction_acs|other_arrhythmia|tachycardia|thromboembolic_cv,endocrine_metabolic|gastrointestinal|hematologic_coagulation|hepatic|infectious|neurologic|other|renal,14,38,0,390,6,True,True,True,True,True,True,True,4,24,0.9233,matched_external_modality,no allergy records
case-000482,eligible_with_warning,no allergy records; no cardiac biomarker (troponin/BNP) recorded,real,A,real,hypertension,endocrine_metabolic|hematologic_coagulation|infectious|musculoskeletal|neurologic|oncologic|other|pulmonary,9,35,0,114,6,True,True,True,True,True,True,True,14,22,0.8333,matched_external_modality,no allergy records;no cardiac biomarker (troponin/BNP) recorded
case-000483,eligible_with_warning,no allergy records; no cardiac biomarker (troponin/BNP) recorded,real,A,real,hypotension|myocardial_infarction_acs|shock|thromboembolic_cv,gastrointestinal|hematologic_coagulation|infectious|neurologic|oncologic|other|pulmonary|renal,12,33,0,103,6,True,True,True,True,True,True,True,10,18,0.9233,matched_external_modality,no allergy records;no cardiac biomarker (troponin/BNP) recorded
case-000484,eligible_with_warning,no allergy records; no cardiac biomarker (troponin/BNP) recorded,real,A,real,hypotension|shock|thromboembolic_cv,endocrine_metabolic|gastrointestinal|hematologic_coagulation|hepatic|musculoskeletal|neurologic|other|pulmonary,11,33,0,81,6,True,True,True,True,True,True,True,14,20,0.9233,matched_external_modality,no allergy records;no cardiac biomarker (troponin/BNP) recorded
case-000485,eligible_with_warning,no allergy records,real,A,real,heart_failure|hypertension|hypotension|shock|thromboembolic_cv,endocrine_metabolic|gastrointestinal|hematologic_coagulation|infectious|neurologic|other|pulmonary|renal,13,32,0,135,6,True,True,True,True,True,True,True,11,14,0.9233,matched_external_modality,no allergy records
case-000486,eligible_with_warning,no allergy records; no cardiac biomarker (troponin/BNP) recorded,real,A,real,hypertension|myocardial_infarction_acs,endocrine_metabolic|gastrointestinal|hematologic_coagulation|infectious|neurologic|other|psychiatric|renal,10,32,0,209,6,True,True,True,True,True,True,True,5,23,0.9233,matched_external_modality,no allergy records;no cardiac biomarker (troponin/BNP) recorded
case-000487,eligible_with_warning,no allergy records,real,A,real,atrial_fibrillation|heart_failure|hypertension|hypotension|other_arrhythmia|shock|tachycardia,endocrine_metabolic|gastrointestinal|hematologic_coagulation|infectious|neurologic|psychiatric|pulmonary|renal,15,31,0,141,7,True,True,True,True,True,True,True,8,9,0.94,matched_external_modality,no allergy records
case-000488,eligible_with_warning,no allergy records; no cardiac biomarker (troponin/BNP) recorded,real,A,real,cardiomyopathy|coronary_artery_disease|heart_failure|hypertension|hypotension|shock|thromboembolic_cv,endocrine_metabolic|gastrointestinal|hematologic_coagulation|infectious|musculoskeletal|neurologic|pulmonary|renal,15,28,0,146,6,True,True,True,True,True,True,True,1,7,0.9233,matched_external_modality,no allergy records;no cardiac biomarker (troponin/BNP) recorded
case-000489,eligible_with_warning,no allergy records,real,A,real,heart_failure|hypertension|other_arrhythmia|thromboembolic_cv,gastrointestinal|hematologic_coagulation|infectious|musculoskeletal|neurologic|other|pulmonary|renal,12,27,0,262,6,True,True,True,True,True,True,True,8,24,0.9233,matched_external_modality,no allergy records
case-000490,eligible_with_warning,no allergy records; no cardiac biomarker (troponin/BNP) recorded,real,A,real,hypotension|shock|thromboembolic_cv,gastrointestinal|hematologic_coagulation|infectious|neurologic|oncologic|other|pulmonary|renal,11,26,0,152,6,True,True,True,True,True,True,True,14,19,0.9233,matched_external_modality,no allergy records;no cardiac biomarker (troponin/BNP) recorded
case-000491,eligible_with_warning,no allergy records,real,A,real,cardiac_surgery|coronary_artery_disease|heart_failure|hypertension|thromboembolic_cv,endocrine_metabolic|gastrointestinal|hematologic_coagulation|infectious|neurologic|other|pulmonary|renal,13,23,0,329,5,True,True,True,True,True,True,True,5,8,0.9067,matched_external_modality,no allergy records
case-000492,eligible_with_warning,no allergy records,real,A,real,heart_failure|hypertension|other_arrhythmia|tachycardia|thromboembolic_cv,allergy_immunologic|endocrine_metabolic|gastrointestinal|hematologic_coagulation|infectious|neurologic|pulmonary|renal,13,20,0,139,6,True,True,True,True,True,True,True,3,6,0.9233,matched_external_modality,no allergy records
case-000493,eligible_with_warning,no allergy records,real,A,real,hypertension|hypotension|shock|thromboembolic_cv,endocrine_metabolic|gastrointestinal|hematologic_coagulation|infectious|neurologic|other|pulmonary|renal,12,18,0,358,5,True,True,True,True,True,True,True,7,11,0.9067,matched_external_modality,no allergy records
case-000494,eligible_with_warning,no allergy records; no cardiac biomarker (troponin/BNP) recorded,real,A,real,cardiac_surgery|hypertension,endocrine_metabolic|gastrointestinal|hematologic_coagulation|infectious|neurologic|oncologic|other|pulmonary,10,17,0,204,7,True,True,True,True,True,True,True,1,2,0.868,matched_external_modality,no allergy records;no cardiac biomarker (troponin/BNP) recorded
case-000495,eligible_with_warning,no allergy records; no cardiac biomarker (troponin/BNP) recorded,real,A,real,hypertension,endocrine_metabolic|gastrointestinal|hematologic_coagulation|infectious|musculoskeletal|neurologic|other|pulmonary,9,16,0,26,6,True,True,True,True,True,True,True,3,14,0.8333,matched_external_modality,no allergy records;no cardiac biomarker (troponin/BNP) recorded
case-000496,eligible_with_warning,no allergy records; no cardiac biomarker (troponin/BNP) recorded,real,A,real,thromboembolic_cv,endocrine_metabolic|gastrointestinal|hematologic_coagulation|hepatic|neurologic|other|pulmonary|renal,9,15,0,41,5,True,True,True,True,True,True,True,6,6,0.8167,matched_external_modality,no allergy records;no cardiac biomarker (troponin/BNP) recorded
case-000497,eligible_with_warning,no allergy records,real,A,real,hypertension|thromboembolic_cv,endocrine_metabolic|gastrointestinal|hematologic_coagulation|infectious|neurologic|other|pulmonary|renal,10,15,0,46,6,True,True,True,True,True,True,True,3,5,0.9233,matched_external_modality,no allergy records
case-000498,eligible_with_warning,no allergy records; no cardiac biomarker (troponin/BNP) recorded,real,A,real,cardiac_surgery|coronary_artery_disease|hypertension|myocardial_infarction_acs|other_arrhythmia,endocrine_metabolic|gastrointestinal|hematologic_coagulation|infectious|neurologic|other|pulmonary|renal,13,13,0,204,7,True,True,True,True,True,True,True,5,10,0.94,matched_external_modality,no allergy records;no cardiac biomarker (troponin/BNP) recorded
case-000499,eligible_with_warning,no allergy records; no cardiac biomarker (troponin/BNP) recorded,real,A,real,hypertension|thromboembolic_cv,endocrine_metabolic|gastrointestinal|hematologic_coagulation|infectious|neurologic|oncologic|other|pulmonary,10,13,0,45,6,True,True,True,True,True,True,True,4,8,0.9233,matched_external_modality,no allergy records;no cardiac biomarker (troponin/BNP) recorded
case-000500,eligible_with_warning,no allergy records,real,A,real,atrial_fibrillation|coronary_artery_disease|heart_block|heart_failure|hypertension|myocardial_infarction_acs|other_arrhythmia,endocrine_metabolic|hematologic_coagulation|infectious|musculoskeletal|neurologic|other|pulmonary|renal,15,10,0,66,6,True,True,True,True,True,True,True,9,10,0.9233,matched_external_modality,no allergy records
case-000501,eligible_with_warning,no allergy records,real,A,real,cardiac_surgery|hypertension|thromboembolic_cv,endocrine_metabolic|gastrointestinal|hematologic_coagulation|neurologic|oncologic|other|pulmonary|renal,11,10,0,384,5,True,True,True,True,True,True,True,4,7,0.9067,matched_external_modality,no allergy records
case-000502,eligible_with_warning,no allergy records,real,A,real,atrial_fibrillation|heart_failure|hypertension|other_arrhythmia|thromboembolic_cv,endocrine_metabolic|gastrointestinal|hematologic_coagulation|infectious|oncologic|other|pulmonary|renal,13,9,0,370,6,True,True,True,True,True,True,True,6,9,0.9233,matched_external_modality,no allergy records
case-000503,eligible_with_warning,no allergy records,real,A,real,hypertension|myocardial_infarction_acs|other_arrhythmia|tachycardia|thromboembolic_cv,allergy_immunologic|endocrine_metabolic|gastrointestinal|hematologic_coagulation|musculoskeletal|neurologic|pulmonary|renal,13,9,0,89,6,True,True,True,True,True,True,True,3,6,0.9233,matched_external_modality,no allergy records
case-000504,eligible_with_warning,no allergy records; no cardiac biomarker (troponin/BNP) recorded,real,A,real,thromboembolic_cv,endocrine_metabolic|gastrointestinal|hematologic_coagulation|hepatic|infectious|neurologic|pulmonary|renal,9,7,0,152,6,True,True,True,True,True,True,True,3,7,0.8333,matched_external_modality,no allergy records;no cardiac biomarker (troponin/BNP) recorded
case-000505,eligible_with_warning,no allergy records; no cardiac biomarker (troponin/BNP) recorded,real,A,real,hypertension|thromboembolic_cv,endocrine_metabolic|gastrointestinal|hematologic_coagulation|hepatic|infectious|oncologic|other|renal,10,7,0,203,7,True,True,True,True,True,True,True,1,6,0.94,matched_external_modality,no allergy records;no cardiac biomarker (troponin/BNP) recorded
case-000506,eligible_with_warning,no allergy records; no cardiac biomarker (troponin/BNP) recorded,real,A,real,hypotension|myocardial_infarction_acs|shock|thromboembolic_cv,hematologic_coagulation|infectious|musculoskeletal|neurologic|other|psychiatric|pulmonary|renal,12,5,0,82,5,True,True,True,True,True,True,True,2,2,0.8347,matched_external_modality,no allergy records;no cardiac biomarker (troponin/BNP) recorded
case-000507,eligible_with_warning,no allergy records,real,A,real,hypertension|hypotension|myocardial_infarction_acs|other_arrhythmia|shock|tachycardia,endocrine_metabolic|gastrointestinal|hematologic_coagulation|infectious|neurologic|pulmonary|renal,13,1109,0,400,7,True,True,True,True,True,True,True,34,54,0.94,matched_external_modality,no allergy records
case-000508,eligible_with_warning,no allergy records,real,A,real,atrial_fibrillation|hypertension|hypotension|other_arrhythmia|shock,endocrine_metabolic|hematologic_coagulation|infectious|neurologic|oncologic|pulmonary|renal,12,929,0,819,6,True,True,True,True,True,True,True,31,51,0.9233,matched_external_modality,no allergy records
case-000509,eligible_with_warning,no allergy records,real,A,real,heart_failure|hypotension|myocardial_infarction_acs|shock|thromboembolic_cv,endocrine_metabolic|gastrointestinal|hematologic_coagulation|infectious|other|pulmonary|renal,12,656,0,284,6,True,True,True,True,True,True,True,11,16,0.9233,matched_external_modality,no allergy records
case-000510,eligible_with_warning,no allergy records,real,A,real,bradycardia|cardiomyopathy|heart_block|hypertension|hypotension|other_arrhythmia|shock|thromboembolic_cv|valvular_disease,gastrointestinal|hematologic_coagulation|infectious|musculoskeletal|neurologic|pulmonary|renal,16,505,0,390,6,True,True,True,True,True,True,True,7,15,0.9233,matched_external_modality,no allergy records
case-000511,eligible_with_warning,no allergy records,real,A,real,atrial_fibrillation|hypertension|other_arrhythmia|shock,allergy_immunologic|hematologic_coagulation|musculoskeletal|neurologic|other|pulmonary|renal,11,215,0,401,6,True,True,True,True,True,True,True,18,37,0.9233,matched_external_modality,no allergy records
case-000512,eligible_with_warning,no allergy records,real,A,real,cardiac_surgery|coronary_artery_disease|hypertension|shock,endocrine_metabolic|gastrointestinal|hematologic_coagulation|infectious|other|pulmonary|renal,11,157,0,176,6,True,True,True,True,True,True,True,7,33,0.9233,matched_external_modality,no allergy records
case-000513,eligible_with_warning,no allergy records; no cardiac biomarker (troponin/BNP) recorded,real,A,real,hypertension|hypotension|shock,endocrine_metabolic|hematologic_coagulation|infectious|musculoskeletal|oncologic|other|renal,10,156,0,343,6,True,True,True,True,True,True,True,19,46,0.9233,matched_external_modality,no allergy records;no cardiac biomarker (troponin/BNP) recorded
case-000514,eligible_with_warning,no allergy records,real,A,real,atrial_fibrillation|cardiac_surgery|heart_failure|hypertension|hypotension|other_arrhythmia|shock|thromboembolic_cv,endocrine_metabolic|gastrointestinal|hematologic_coagulation|infectious|neurologic|oncologic|pulmonary,15,140,0,865,6,True,True,True,True,True,True,True,3,7,0.9233,matched_external_modality,no allergy records
case-000515,eligible_with_warning,no allergy records,real,A,real,hypertension|myocardial_infarction_acs,gastrointestinal|hematologic_coagulation|hepatic|infectious|oncologic|other|pulmonary,9,136,0,285,6,True,True,True,True,True,True,True,15,43,0.9233,matched_external_modality,no allergy records
case-000516,eligible_with_warning,no allergy records,real,A,real,hypertension|other_arrhythmia|tachycardia|thromboembolic_cv,endocrine_metabolic|gastrointestinal|hematologic_coagulation|musculoskeletal|neurologic|pulmonary|renal,11,134,0,117,6,True,True,True,True,True,True,True,9,22,0.9233,matched_external_modality,no allergy records
case-000517,eligible_with_warning,no allergy records; no_medication_label_evidence,real,A,real,hypertension|shock,gastrointestinal|hematologic_coagulation|musculoskeletal|neurologic|psychiatric|pulmonary|renal,9,131,0,150,7,True,True,True,True,True,True,False,0,11,0.94,matched_external_modality,no allergy records;no_medication_label_evidence
case-000518,eligible_with_warning,no allergy records; no cardiac biomarker (troponin/BNP) recorded; no_medication_label_evidence,real,A,real,heart_failure|hypertension|hypotension|shock,endocrine_metabolic|gastrointestinal|hematologic_coagulation|infectious|neurologic|pulmonary|renal,11,120,0,106,7,True,True,True,True,True,True,False,0,3,0.892,matched_external_modality,no allergy records;no cardiac biomarker (troponin/BNP) recorded;no_medication_label_evidence
case-000519,eligible_with_warning,no allergy records,real,A,real,cardiac_arrest|heart_failure|hypertension|hypotension|myocardial_infarction_acs|other_arrhythmia|shock,endocrine_metabolic|gastrointestinal|hematologic_coagulation|infectious|neurologic|pulmonary|renal,14,118,0,345,5,True,True,True,True,True,True,True,5,11,0.9067,matched_external_modality,no allergy records
case-000520,eligible_with_warning,no allergy records,real,A,real,heart_failure|hypertension|hypotension|myocardial_infarction_acs|shock|thromboembolic_cv,endocrine_metabolic|gastrointestinal|hematologic_coagulation|infectious|neurologic|pulmonary|renal,13,113,0,380,6,True,True,True,True,True,True,True,1,13,0.9233,matched_external_modality,no allergy records
case-000521,eligible_with_warning,no allergy records,real,A,real,heart_failure|hypertension|hypotension|myocardial_infarction_acs|shock,endocrine_metabolic|gastrointestinal|hematologic_coagulation|hepatic|infectious|pulmonary|renal,12,111,0,267,6,True,True,True,True,True,True,True,30,46,0.9233,matched_external_modality,no allergy records
case-000522,eligible_with_warning,no allergy records; no cardiac biomarker (troponin/BNP) recorded,real,A,real,thromboembolic_cv,endocrine_metabolic|gastrointestinal|hematologic_coagulation|infectious|neurologic|pulmonary|renal,8,86,0,152,6,True,True,True,True,True,True,True,2,5,0.8333,matched_external_modality,no allergy records;no cardiac biomarker (troponin/BNP) recorded
case-000523,eligible_with_warning,no allergy records; no cardiac biomarker (troponin/BNP) recorded,real,A,real,hypertension,gastrointestinal|hematologic_coagulation|hepatic|infectious|neurologic|other|pulmonary,8,85,0,96,6,True,True,True,True,True,True,True,6,28,0.8333,matched_external_modality,no allergy records;no cardiac biomarker (troponin/BNP) recorded
case-000524,eligible_with_warning,no allergy records; no cardiac biomarker (troponin/BNP) recorded,real,A,real,hypertension|other_arrhythmia|tachycardia|thromboembolic_cv,endocrine_metabolic|gastrointestinal|hematologic_coagulation|musculoskeletal|neurologic|pulmonary|renal,11,80,0,103,6,True,True,True,True,True,True,True,13,23,0.9233,matched_external_modality,no allergy records;no cardiac biomarker (troponin/BNP) recorded
case-000525,eligible_with_warning,no allergy records; no cardiac biomarker (troponin/BNP) recorded,real,A,real,hypertension,endocrine_metabolic|gastrointestinal|hematologic_coagulation|neurologic|oncologic|pulmonary|renal,8,77,0,141,6,True,True,True,True,True,True,True,22,35,0.8333,matched_external_modality,no allergy records;no cardiac biomarker (troponin/BNP) recorded
case-000526,eligible_with_warning,no allergy records,real,A,real,atrial_fibrillation|heart_failure|other_arrhythmia,endocrine_metabolic|gastrointestinal|hematologic_coagulation|infectious|neurologic|pulmonary|renal,10,76,0,175,6,True,True,True,True,True,True,True,7,19,0.9233,matched_external_modality,no allergy records
case-000527,eligible_with_warning,no allergy records; no cardiac biomarker (troponin/BNP) recorded,real,A,real,heart_failure|hypertension|thromboembolic_cv,endocrine_metabolic|gastrointestinal|hematologic_coagulation|infectious|other|pulmonary|renal,10,76,0,830,5,True,True,True,True,True,True,True,10,16,0.9067,matched_external_modality,no allergy records;no cardiac biomarker (troponin/BNP) recorded
case-000528,eligible_with_warning,no allergy records; no cardiac biomarker (troponin/BNP) recorded,real,A,real,hypertension|hypotension|shock,gastrointestinal|hematologic_coagulation|infectious|neurologic|oncologic|other|pulmonary,10,70,0,288,6,True,True,True,True,True,True,True,23,41,0.9233,matched_external_modality,no allergy records;no cardiac biomarker (troponin/BNP) recorded
case-000529,eligible_with_warning,no allergy records,real,A,real,cardiac_arrest|hypotension|myocardial_infarction_acs|shock|thromboembolic_cv,endocrine_metabolic|gastrointestinal|hematologic_coagulation|hepatic|neurologic|pulmonary|renal,12,64,0,125,7,True,True,True,True,True,True,True,2,4,0.916,matched_external_modality,no allergy records
case-000530,eligible_with_warning,no allergy records,real,A,real,hypertension|thromboembolic_cv,endocrine_metabolic|gastrointestinal|hematologic_coagulation|musculoskeletal|neurologic|pulmonary|renal,9,62,0,83,6,True,True,True,True,True,True,True,3,16,0.9233,matched_external_modality,no allergy records
case-000531,eligible_with_warning,no allergy records; no cardiac biomarker (troponin/BNP) recorded,real,A,real,heart_failure|hypertension|thromboembolic_cv,endocrine_metabolic|gastrointestinal|hematologic_coagulation|infectious|neurologic|pulmonary|renal,10,61,0,108,6,True,True,True,True,True,True,True,7,29,0.9233,matched_external_modality,no allergy records;no cardiac biomarker (troponin/BNP) recorded
case-000532,eligible_with_warning,no allergy records,real,A,real,hypertension,endocrine_metabolic|gastrointestinal|hematologic_coagulation|hepatic|neurologic|oncologic|renal,8,60,0,693,6,True,True,True,True,True,True,True,22,38,0.8333,matched_external_modality,no allergy records
case-000533,eligible_with_warning,no allergy records,real,A,real,hypertension|hypotension|myocardial_infarction_acs|shock,gastrointestinal|hematologic_coagulation|infectious|neurologic|other|pulmonary|renal,11,60,0,164,6,True,True,True,True,True,True,True,6,12,0.9233,matched_external_modality,no allergy records
case-000534,eligible_with_warning,no allergy records,real,A,real,atrial_fibrillation|hypertension|other_arrhythmia|shock|thromboembolic_cv,endocrine_metabolic|gastrointestinal|hematologic_coagulation|infectious|neurologic|pulmonary|renal,12,57,0,475,7,True,True,True,True,True,True,True,2,3,0.892,matched_external_modality,no allergy records
case-000535,eligible_with_warning,no allergy records,real,A,real,hypertension|hypotension|shock,hematologic_coagulation|infectious|neurologic|other|psychiatric|pulmonary|renal,10,54,0,204,5,True,True,True,True,True,True,True,23,35,0.9067,matched_external_modality,no allergy records
case-000536,eligible_with_warning,no allergy records; no cardiac biomarker (troponin/BNP) recorded,real,A,real,cardiac_surgery|heart_failure|hypertension|myocardial_infarction_acs|other_arrhythmia|pci|shock|valvular_disease,endocrine_metabolic|gastrointestinal|hematologic_coagulation|neurologic|oncologic|pulmonary|renal,15,49,0,275,6,True,True,True,True,True,True,True,28,36,0.9233,matched_external_modality,no allergy records;no cardiac biomarker (troponin/BNP) recorded
case-000537,eligible_with_warning,no allergy records,real,A,real,hypertension|thromboembolic_cv,endocrine_metabolic|gastrointestinal|hematologic_coagulation|infectious|neurologic|pulmonary|renal,9,48,0,86,6,True,True,True,True,True,True,True,4,21,0.9233,matched_external_modality,no allergy records
case-000538,eligible_with_warning,no allergy records; no cardiac biomarker (troponin/BNP) recorded,real,A,real,atrial_fibrillation|cardiac_surgery|heart_failure|other_arrhythmia|thromboembolic_cv,gastrointestinal|hematologic_coagulation|infectious|neurologic|other|pulmonary|renal,12,47,0,91,6,True,True,True,True,True,True,True,12,14,0.9233,matched_external_modality,no allergy records;no cardiac biomarker (troponin/BNP) recorded
case-000539,eligible_with_warning,no allergy records; no cardiac biomarker (troponin/BNP) recorded,real,A,real,cardiac_surgery|heart_block|myocardial_infarction_acs,endocrine_metabolic|gastrointestinal|hematologic_coagulation|hepatic|infectious|neurologic|renal,10,45,0,154,6,True,True,True,True,True,True,True,8,15,0.9233,matched_external_modality,no allergy records;no cardiac biomarker (troponin/BNP) recorded
case-000540,eligible_with_warning,no allergy records,real,A,real,hypertension|thromboembolic_cv,endocrine_metabolic|gastrointestinal|hematologic_coagulation|infectious|neurologic|pulmonary|renal,9,43,0,104,6,True,True,True,True,True,True,True,6,25,0.9233,matched_external_modality,no allergy records
case-000541,eligible_with_warning,no allergy records,real,A,real,cardiac_surgery|coronary_artery_disease|other_arrhythmia|thromboembolic_cv|valvular_disease,endocrine_metabolic|gastrointestinal|hematologic_coagulation|infectious|neurologic|other|pulmonary,12,43,0,250,6,True,True,True,True,True,True,True,17,29,0.9233,matched_external_modality,no allergy records
case-000542,eligible_with_warning,no allergy records; no cardiac biomarker (troponin/BNP) recorded,real,A,real,cardiac_surgery|hypertension|other_arrhythmia|thromboembolic_cv|valvular_disease,endocrine_metabolic|gastrointestinal|hematologic_coagulation|infectious|neurologic|other|pulmonary,12,43,0,235,7,True,True,True,True,True,True,True,3,3,0.892,matched_external_modality,no allergy records;no cardiac biomarker (troponin/BNP) recorded
case-000543,eligible_with_warning,no allergy records; no cardiac biomarker (troponin/BNP) recorded,real,A,real,cardiac_surgery|heart_block|hypertension|myocardial_infarction_acs|thromboembolic_cv,endocrine_metabolic|gastrointestinal|hematologic_coagulation|hepatic|infectious|neurologic|renal,12,41,0,139,6,True,True,True,True,True,True,True,6,15,0.9233,matched_external_modality,no allergy records;no cardiac biomarker (troponin/BNP) recorded
case-000544,eligible_with_warning,no allergy records,real,A,real,hypertension|hypotension|myocardial_infarction_acs|shock,gastrointestinal|hematologic_coagulation|infectious|musculoskeletal|neurologic|pulmonary|renal,11,38,0,283,5,True,True,True,True,True,True,True,10,23,0.9067,matched_external_modality,no allergy records
case-000545,eligible_with_warning,no allergy records,real,A,real,cardiac_arrest|cardiac_surgery|hypertension|hypotension|myocardial_infarction_acs|other_arrhythmia|shock|tachycardia|thromboembolic_cv,endocrine_metabolic|hematologic_coagulation|musculoskeletal|neurologic|other|pulmonary|renal,16,37,0,88,6,True,True,True,True,True,True,True,5,21,0.9233,matched_external_modality,no allergy records
case-000546,eligible_with_warning,no allergy records,real,A,real,atrial_fibrillation|hypertension|myocardial_infarction_acs|other_arrhythmia|tachycardia|thromboembolic_cv,endocrine_metabolic|gastrointestinal|hematologic_coagulation|infectious|neurologic|pulmonary|renal,13,37,0,413,6,True,True,True,True,True,True,True,2,2,0.8513,matched_external_modality,no allergy records
case-000547,eligible_with_warning,no allergy records,real,A,real,atrial_fibrillation|hypertension|myocardial_infarction_acs|other_arrhythmia,endocrine_metabolic|gastrointestinal|hematologic_coagulation|neurologic|other|pulmonary|renal,11,37,0,142,6,True,True,True,True,True,True,True,13,21,0.9233,matched_external_modality,no allergy records
case-000548,eligible_with_warning,no allergy records; no cardiac biomarker (troponin/BNP) recorded,real,A,real,hypertension|thromboembolic_cv,endocrine_metabolic|gastrointestinal|hematologic_coagulation|infectious|neurologic|other|pulmonary,9,37,0,321,6,True,True,True,True,True,True,True,3,22,0.9233,matched_external_modality,no allergy records;no cardiac biomarker (troponin/BNP) recorded
case-000549,eligible_with_warning,no allergy records; no cardiac biomarker (troponin/BNP) recorded,real,A,real,cardiac_surgery|hypotension|myocardial_infarction_acs|shock,endocrine_metabolic|gastrointestinal|hematologic_coagulation|hepatic|infectious|pulmonary|renal,11,36,0,245,6,True,True,True,True,True,True,True,5,14,0.9233,matched_external_modality,no allergy records;no cardiac biomarker (troponin/BNP) recorded
case-000550,eligible_with_warning,no allergy records,real,A,real,cardiac_arrest|heart_failure|hypertension|thromboembolic_cv,endocrine_metabolic|gastrointestinal|hematologic_coagulation|neurologic|other|pulmonary|renal,11,36,0,264,7,True,True,True,True,True,True,True,3,15,0.94,matched_external_modality,no allergy records
case-000551,eligible_with_warning,no allergy records,real,A,real,atrial_fibrillation|cardiac_surgery|coronary_artery_disease|heart_failure|myocardial_infarction_acs|other_arrhythmia,endocrine_metabolic|gastrointestinal|hematologic_coagulation|infectious|neurologic|pulmonary|renal,13,36,0,224,6,True,True,True,True,True,True,True,12,19,0.9233,matched_external_modality,no allergy records
case-000552,eligible_with_warning,no allergy records,real,A,real,atrial_fibrillation|other_arrhythmia,endocrine_metabolic|gastrointestinal|hematologic_coagulation|infectious|neurologic|oncologic|pulmonary,9,35,0,140,6,True,True,True,True,True,True,True,13,29,0.9233,matched_external_modality,no allergy records
case-000553,eligible_with_warning,no allergy records; no cardiac biomarker (troponin/BNP) recorded,real,A,real,hypertension|thromboembolic_cv,endocrine_metabolic|hematologic_coagulation|infectious|neurologic|oncologic|other|pulmonary,9,33,0,9,6,True,True,True,True,True,True,True,17,27,0.8183,matched_external_modality,no allergy records;no cardiac biomarker (troponin/BNP) recorded
case-000554,eligible_with_warning,no allergy records; no cardiac biomarker (troponin/BNP) recorded,real,A,real,cardiac_arrest|heart_failure|hypertension|shock|thromboembolic_cv,endocrine_metabolic|hematologic_coagulation|musculoskeletal|neurologic|other|pulmonary|renal,12,32,0,198,6,True,True,True,True,True,True,True,15,26,0.9233,matched_external_modality,no allergy records;no cardiac biomarker (troponin/BNP) recorded
case-000555,eligible_with_warning,no allergy records,real,A,real,heart_failure|hypertension|hypotension|myocardial_infarction_acs|shock|thromboembolic_cv,endocrine_metabolic|gastrointestinal|hematologic_coagulation|infectious|neurologic|pulmonary|renal,13,31,0,207,6,True,True,True,True,True,True,True,2,14,0.9233,matched_external_modality,no allergy records
case-000556,eligible_with_warning,no allergy records,real,A,real,hypertension|hypotension|shock,endocrine_metabolic|gastrointestinal|hematologic_coagulation|hepatic|infectious|neurologic|pulmonary,10,30,0,67,7,True,True,True,True,True,True,True,10,21,0.94,matched_external_modality,no allergy records
case-000557,eligible_with_warning,no allergy records,real,A,real,hypertension|thromboembolic_cv,endocrine_metabolic|gastrointestinal|hematologic_coagulation|neurologic|oncologic|pulmonary|renal,9,28,0,144,6,True,True,True,True,True,True,True,1,3,0.8753,matched_external_modality,no allergy records
case-000558,eligible_with_warning,no allergy records,real,A,real,cardiac_arrest|heart_failure|hypertension|shock|thromboembolic_cv,endocrine_metabolic|hematologic_coagulation|musculoskeletal|neurologic|other|pulmonary|renal,12,28,0,249,6,True,True,True,True,True,True,True,14,24,0.9233,matched_external_modality,no allergy records
case-000559,eligible_with_warning,no allergy records,real,A,real,shock,gastrointestinal|hematologic_coagulation|hepatic|infectious|neurologic|pulmonary|renal,8,26,0,531,6,True,True,True,True,True,True,True,11,12,0.8333,matched_external_modality,no allergy records
case-000560,eligible_with_warning,no allergy records,real,A,real,thromboembolic_cv,endocrine_metabolic|hematologic_coagulation|infectious|musculoskeletal|neurologic|oncologic|renal,8,24,0,223,6,True,True,True,True,True,True,True,8,16,0.8333,matched_external_modality,no allergy records
case-000561,eligible_with_warning,no allergy records; no cardiac biomarker (troponin/BNP) recorded,real,A,real,myocardial_infarction_acs,endocrine_metabolic|gastrointestinal|hematologic_coagulation|neurologic|other|psychiatric|pulmonary,8,24,0,34,6,True,True,True,True,True,True,True,11,16,0.8333,matched_external_modality,no allergy records;no cardiac biomarker (troponin/BNP) recorded
case-000562,eligible_with_warning,no allergy records,real,A,real,cardiac_arrest|hypertension|other_arrhythmia|tachycardia,endocrine_metabolic|gastrointestinal|hematologic_coagulation|hepatic|neurologic|pulmonary|renal,11,23,0,39,6,True,True,True,True,True,True,True,1,10,0.9233,matched_external_modality,no allergy records
case-000563,eligible_with_warning,no allergy records; no cardiac biomarker (troponin/BNP) recorded; no_medication_label_evidence,real,A,real,hypertension|thromboembolic_cv,endocrine_metabolic|gastrointestinal|hematologic_coagulation|hepatic|neurologic|pulmonary|renal,9,23,0,51,6,True,True,True,True,True,True,False,0,5,0.9233,matched_external_modality,no allergy records;no cardiac biomarker (troponin/BNP) recorded;no_medication_label_evidence
case-000564,eligible_with_warning,no allergy records,real,A,real,hypotension|myocardial_infarction_acs|shock,endocrine_metabolic|gastrointestinal|hematologic_coagulation|hepatic|infectious|other|renal,10,22,0,237,6,True,True,True,True,True,True,True,10,12,0.9233,matched_external_modality,no allergy records
case-000565,eligible_with_warning,no allergy records,real,A,real,hypertension|thromboembolic_cv,endocrine_metabolic|gastrointestinal|hematologic_coagulation|infectious|neurologic|pulmonary|renal,9,22,0,122,6,True,True,True,True,True,True,True,1,1,0.8273,matched_external_modality,no allergy records
case-000566,eligible_with_warning,no allergy records; no cardiac biomarker (troponin/BNP) recorded,real,A,real,myocardial_infarction_acs,endocrine_metabolic|gastrointestinal|hematologic_coagulation|hepatic|infectious|neurologic|renal,8,21,0,235,6,True,True,True,True,True,True,True,9,13,0.8333,matched_external_modality,no allergy records;no cardiac biomarker (troponin/BNP) recorded
case-000567,eligible_with_warning,no allergy records,real,A,real,cardiomyopathy|heart_failure|hypotension|other_arrhythmia|shock,gastrointestinal|hematologic_coagulation|infectious|musculoskeletal|oncologic|pulmonary|renal,12,21,0,489,5,True,True,True,True,True,True,True,2,2,0.8347,matched_external_modality,no allergy records
case-000568,eligible_with_warning,no allergy records; no cardiac biomarker (troponin/BNP) recorded,real,A,real,thromboembolic_cv,gastrointestinal|hematologic_coagulation|hepatic|infectious|musculoskeletal|neurologic|pulmonary,8,21,0,54,6,True,True,True,True,True,True,True,10,11,0.8333,matched_external_modality,no allergy records;no cardiac biomarker (troponin/BNP) recorded
case-000569,eligible_with_warning,no allergy records,real,A,real,hypertension|hypotension|myocardial_infarction_acs|other_arrhythmia|shock|thromboembolic_cv,endocrine_metabolic|gastrointestinal|hematologic_coagulation|infectious|neurologic|pulmonary|renal,13,19,0,72,6,True,True,True,True,True,True,True,8,13,0.9233,matched_external_modality,no allergy records
case-000570,eligible_with_warning,no allergy records; no cardiac biomarker (troponin/BNP) recorded,real,A,real,hypertension|myocardial_infarction_acs|thromboembolic_cv,endocrine_metabolic|gastrointestinal|hematologic_coagulation|infectious|neurologic|oncologic|pulmonary,10,19,0,24,6,True,True,True,True,True,True,True,5,19,0.9083,matched_external_modality,no allergy records;no cardiac biomarker (troponin/BNP) recorded
case-000571,eligible_with_warning,no allergy records,real,A,real,atrial_fibrillation|heart_block|heart_failure|hypertension|hypotension|other_arrhythmia|shock,gastrointestinal|hematologic_coagulation|infectious|neurologic|oncologic|pulmonary|renal,14,18,0,303,6,True,True,True,True,True,True,True,4,12,0.9233,matched_external_modality,no allergy records
case-000572,eligible_with_warning,no allergy records,real,A,real,hypotension|shock,allergy_immunologic|hematologic_coagulation|infectious|musculoskeletal|other|pulmonary|renal,9,17,0,91,6,True,True,True,True,True,True,True,7,12,0.9233,matched_external_modality,no allergy records
case-000573,eligible_with_warning,no allergy records,real,A,real,hypertension,endocrine_metabolic|gastrointestinal|hematologic_coagulation|musculoskeletal|neurologic|other|pulmonary,8,17,0,53,6,True,True,True,True,True,True,True,9,15,0.8333,matched_external_modality,no allergy records
case-000574,eligible_with_warning,no allergy records,real,A,real,hypertension|hypotension|shock,gastrointestinal|hematologic_coagulation|infectious|neurologic|oncologic|pulmonary|renal,10,15,0,49,6,True,True,True,True,True,True,True,2,15,0.9233,matched_external_modality,no allergy records
case-000575,eligible_with_warning,no allergy records,real,A,real,hypertension|thromboembolic_cv,endocrine_metabolic|gastrointestinal|hematologic_coagulation|neurologic|other|pulmonary|renal,9,15,0,49,6,True,True,True,True,True,True,True,9,12,0.9233,matched_external_modality,no allergy records
case-000576,eligible_with_warning,no allergy records; no cardiac biomarker (troponin/BNP) recorded,real,A,real,heart_failure|hypertension|hypotension|shock,endocrine_metabolic|hematologic_coagulation|infectious|neurologic|other|pulmonary|renal,11,15,0,25,6,True,True,True,True,True,True,True,6,12,0.9233,matched_external_modality,no allergy records;no cardiac biomarker (troponin/BNP) recorded
case-000577,eligible_with_warning,no allergy records; no cardiac biomarker (troponin/BNP) recorded,real,A,real,thromboembolic_cv,gastrointestinal|hematologic_coagulation|infectious|musculoskeletal|neurologic|other|pulmonary,8,15,0,76,6,True,True,True,True,True,True,True,7,10,0.8333,matched_external_modality,no allergy records;no cardiac biomarker (troponin/BNP) recorded
case-000578,eligible_with_warning,no allergy records,real,A,real,hypertension|myocardial_infarction_acs|shock|thromboembolic_cv,endocrine_metabolic|gastrointestinal|hematologic_coagulation|infectious|neurologic|pulmonary|renal,11,14,0,145,6,True,True,True,True,True,True,True,3,14,0.9233,matched_external_modality,no allergy records
case-000579,eligible_with_warning,no allergy records; no_medication_label_evidence,real,A,real,cardiac_surgery|coronary_artery_disease|hypertension,endocrine_metabolic|hematologic_coagulation|infectious|neurologic|other|pulmonary|renal,10,14,0,51,6,True,True,True,True,True,True,False,0,1,0.8273,matched_external_modality,no allergy records;no_medication_label_evidence
case-000580,eligible_with_warning,no allergy records,real,A,real,hypotension|other_arrhythmia|shock|thromboembolic_cv,endocrine_metabolic|gastrointestinal|hematologic_coagulation|infectious|neurologic|pulmonary|renal,11,13,0,53,6,True,True,True,True,True,True,True,4,6,0.9233,matched_external_modality,no allergy records
case-000581,eligible_with_warning,no allergy records; no cardiac biomarker (troponin/BNP) recorded,real,A,real,hypertension,endocrine_metabolic|gastrointestinal|hematologic_coagulation|infectious|musculoskeletal|neurologic|renal,8,11,0,9,6,True,True,True,True,True,True,True,2,11,0.8333,matched_external_modality,no allergy records;no cardiac biomarker (troponin/BNP) recorded
case-000582,eligible_with_warning,no allergy records,real,A,real,atrial_fibrillation|heart_failure|hypertension|hypotension|myocardial_infarction_acs|other_arrhythmia|shock|thromboembolic_cv,endocrine_metabolic|gastrointestinal|hematologic_coagulation|infectious|neurologic|pulmonary|renal,15,10,0,209,7,True,True,True,True,True,True,True,1,1,0.844,matched_external_modality,no allergy records
case-000583,eligible_with_warning,no allergy records; no cardiac biomarker (troponin/BNP) recorded,real,A,real,cardiac_surgery|heart_failure|hypertension,endocrine_metabolic|hematologic_coagulation|infectious|neurologic|other|pulmonary|renal,10,10,0,36,6,True,True,True,True,True,True,True,7,10,0.9233,matched_external_modality,no allergy records;no cardiac biomarker (troponin/BNP) recorded
case-000584,eligible_with_warning,no allergy records; no cardiac biomarker (troponin/BNP) recorded,real,A,real,other_arrhythmia,endocrine_metabolic|gastrointestinal|hematologic_coagulation|infectious|neurologic|other|renal,8,10,0,111,6,True,True,True,True,True,True,True,3,4,0.8093,matched_external_modality,no allergy records;no cardiac biomarker (troponin/BNP) recorded
case-000585,eligible_with_warning,no allergy records,real,A,real,coronary_artery_disease|heart_block|hypertension|myocardial_infarction_acs|thromboembolic_cv,endocrine_metabolic|gastrointestinal|hematologic_coagulation|musculoskeletal|neurologic|psychiatric|pulmonary,12,9,0,63,6,True,True,True,True,True,True,True,2,9,0.9233,matched_external_modality,no allergy records
case-000586,eligible_with_warning,no allergy records,real,A,real,cardiac_surgery|heart_failure|hypertension|hypotension|shock|valvular_disease,endocrine_metabolic|gastrointestinal|hematologic_coagulation|hepatic|oncologic|pulmonary|renal,13,6,0,67,6,True,True,True,True,True,True,True,3,6,0.9233,matched_external_modality,no allergy records
case-000587,eligible_with_warning,no allergy records,real,A,real,atrial_fibrillation|hypertension|other_arrhythmia,endocrine_metabolic|hematologic_coagulation|infectious|neurologic|oncologic|pulmonary|renal,10,6,0,71,5,True,True,True,True,True,True,True,3,6,0.9067,matched_external_modality,no allergy records
case-000588,eligible_with_warning,no allergy records,real,A,real,bradycardia|heart_block|other_arrhythmia|thromboembolic_cv,endocrine_metabolic|gastrointestinal|hematologic_coagulation|infectious|neurologic|other|pulmonary,11,6,0,29,6,True,True,True,True,True,True,True,2,2,0.8513,matched_external_modality,no allergy records
case-000589,eligible_with_warning,no allergy records,real,A,real,hypertension,endocrine_metabolic|hematologic_coagulation|neurologic|oncologic|other|pulmonary|renal,8,5,0,98,6,True,True,True,True,True,True,True,1,5,0.8333,matched_external_modality,no allergy records
case-000590,eligible_with_warning,no allergy records,real,A,real,hypotension|shock|thromboembolic_cv,gastrointestinal|hematologic_coagulation|infectious|musculoskeletal|neurologic|other|renal,10,5,0,94,6,True,True,True,True,True,True,True,2,4,0.8993,matched_external_modality,no allergy records
case-000591,eligible,,real,A,real,cardiac_surgery|hypertension,endocrine_metabolic|gastrointestinal|hematologic_coagulation|hepatic|neurologic|other|pulmonary,9,3,1,89,6,True,True,True,True,True,True,True,1,3,0.9353,matched_external_modality,
case-000592,eligible_with_warning,no allergy records,real,A,real,hypotension|shock|thromboembolic_cv,endocrine_metabolic|gastrointestinal|hematologic_coagulation|infectious|musculoskeletal|pulmonary,9,1713,0,1959,6,True,True,True,True,True,True,True,6,35,0.9233,matched_external_modality,no allergy records
case-000593,eligible_with_warning,no allergy records,real,A,real,hypotension|myocardial_infarction_acs|shock,endocrine_metabolic|hematologic_coagulation|infectious|neurologic|pulmonary|renal,9,564,0,589,6,True,True,True,True,True,True,True,37,58,0.9233,matched_external_modality,no allergy records
case-000594,eligible_with_warning,no allergy records,real,A,real,hypotension|other_arrhythmia|shock|thromboembolic_cv,endocrine_metabolic|hematologic_coagulation|infectious|neurologic|pulmonary|renal,10,278,0,442,6,True,True,True,True,True,True,True,6,17,0.9233,matched_external_modality,no allergy records
case-000595,eligible_with_warning,no allergy records,real,A,real,myocardial_infarction_acs,hematologic_coagulation|infectious|neurologic|oncologic|other|pulmonary,7,187,0,1020,6,True,True,True,True,True,True,True,20,36,0.8333,matched_external_modality,no allergy records
case-000596,eligible_with_warning,no allergy records; no cardiac biomarker (troponin/BNP) recorded,real,A,real,hypertension|myocardial_infarction_acs,endocrine_metabolic|hematologic_coagulation|infectious|oncologic|other|pulmonary,8,187,0,169,7,True,True,True,True,True,True,True,7,39,0.94,matched_external_modality,no allergy records;no cardiac biomarker (troponin/BNP) recorded
case-000597,eligible_with_warning,no allergy records; no cardiac biomarker (troponin/BNP) recorded,real,A,real,thromboembolic_cv,endocrine_metabolic|gastrointestinal|hematologic_coagulation|infectious|musculoskeletal|pulmonary,7,172,0,344,6,True,True,True,True,True,True,True,3,5,0.8333,matched_external_modality,no allergy records;no cardiac biomarker (troponin/BNP) recorded
case-000598,eligible_with_warning,no allergy records,real,A,real,hypertension|hypotension|other_arrhythmia|shock,gastrointestinal|hematologic_coagulation|hepatic|infectious|pulmonary|renal,10,157,0,315,6,True,True,True,True,True,True,True,20,32,0.9233,matched_external_modality,no allergy records
case-000599,eligible_with_warning,no allergy records,real,A,real,hypotension|other_arrhythmia|shock,gastrointestinal|hematologic_coagulation|infectious|oncologic|pulmonary|renal,9,144,0,123,6,True,True,True,True,True,True,True,22,35,0.9233,matched_external_modality,no allergy records
case-000600,eligible_with_warning,no allergy records,real,A,real,hypertension|myocardial_infarction_acs|other_arrhythmia|thromboembolic_cv,endocrine_metabolic|gastrointestinal|hematologic_coagulation|infectious|pulmonary|renal,10,142,0,166,6,True,True,True,True,True,True,True,4,12,0.9233,matched_external_modality,no allergy records
case-000601,eligible_with_warning,no allergy records; no cardiac biomarker (troponin/BNP) recorded,real,A,real,hypertension,endocrine_metabolic|gastrointestinal|hematologic_coagulation|hepatic|neurologic|renal,7,134,0,105,6,True,True,True,True,True,True,True,5,25,0.8333,matched_external_modality,no allergy records;no cardiac biomarker (troponin/BNP) recorded
case-000602,eligible_with_warning,no allergy records,real,A,real,cardiac_surgery|hypertension|myocardial_infarction_acs|pci|thromboembolic_cv,endocrine_metabolic|gastrointestinal|hematologic_coagulation|infectious|other|pulmonary,11,133,0,340,6,True,True,True,True,True,True,True,6,36,0.9233,matched_external_modality,no allergy records
case-000603,eligible_with_warning,no allergy records,real,A,real,hypertension|hypotension|shock,endocrine_metabolic|hematologic_coagulation|infectious|neurologic|other|pulmonary,9,120,0,197,6,True,True,True,True,True,True,True,19,40,0.9233,matched_external_modality,no allergy records
case-000604,eligible_with_warning,no allergy records; no cardiac biomarker (troponin/BNP) recorded,real,A,real,cardiac_surgery|hypertension,endocrine_metabolic|hematologic_coagulation|infectious|other|pulmonary|renal,8,108,0,367,7,True,True,True,True,True,True,True,4,5,0.94,matched_external_modality,no allergy records;no cardiac biomarker (troponin/BNP) recorded
case-000605,eligible_with_warning,no allergy records,real,A,real,cardiac_arrest|cardiac_surgery|heart_failure|hypertension|other_arrhythmia|shock,gastrointestinal|hematologic_coagulation|neurologic|other|pulmonary|renal,12,105,0,529,5,True,True,True,True,True,True,True,24,41,0.9067,matched_external_modality,no allergy records
case-000606,eligible_with_warning,no allergy records; no cardiac biomarker (troponin/BNP) recorded,real,A,real,cardiac_surgery|cardiomyopathy|heart_block|heart_failure|hypertension|other_arrhythmia,endocrine_metabolic|gastrointestinal|hematologic_coagulation|musculoskeletal|other|pulmonary,12,101,0,84,6,True,True,True,True,True,True,True,3,12,0.9233,matched_external_modality,no allergy records;no cardiac biomarker (troponin/BNP) recorded
case-000607,eligible_with_warning,no allergy records; no cardiac biomarker (troponin/BNP) recorded,real,A,real,hypertension,gastrointestinal|hematologic_coagulation|hepatic|infectious|pulmonary|renal,7,96,0,540,6,True,True,True,True,True,True,True,17,29,0.8333,matched_external_modality,no allergy records;no cardiac biomarker (troponin/BNP) recorded
case-000608,eligible_with_warning,no allergy records,real,A,real,hypertension|hypotension|myocardial_infarction_acs|other_arrhythmia|shock|thromboembolic_cv,endocrine_metabolic|gastrointestinal|hematologic_coagulation|infectious|pulmonary|renal,12,92,0,101,6,True,True,True,True,True,True,True,5,14,0.9233,matched_external_modality,no allergy records
case-000609,eligible_with_warning,no allergy records,real,A,real,hypotension|myocardial_infarction_acs|shock,endocrine_metabolic|gastrointestinal|hematologic_coagulation|infectious|pulmonary|renal,9,85,0,123,6,True,True,True,True,True,True,True,17,28,0.9233,matched_external_modality,no allergy records
case-000610,eligible_with_warning,no allergy records; no cardiac biomarker (troponin/BNP) recorded,real,A,real,heart_failure|hypertension|other_arrhythmia|thromboembolic_cv,gastrointestinal|hematologic_coagulation|infectious|other|pulmonary|renal,10,73,0,666,6,True,True,True,True,True,True,True,22,48,0.9233,matched_external_modality,no allergy records;no cardiac biomarker (troponin/BNP) recorded
case-000611,eligible_with_warning,no allergy records,real,A,real,cardiac_surgery|hypertension|hypotension|shock|thromboembolic_cv,endocrine_metabolic|gastrointestinal|hematologic_coagulation|neurologic|pulmonary|renal,11,69,0,193,6,True,True,True,True,True,True,True,12,40,0.9233,matched_external_modality,no allergy records
case-000612,eligible_with_warning,no allergy records,real,A,real,cardiac_surgery|hypertension|thromboembolic_cv,endocrine_metabolic|gastrointestinal|hematologic_coagulation|neurologic|pulmonary|renal,9,69,0,543,6,True,True,True,True,True,True,True,8,10,0.9233,matched_external_modality,no allergy records
case-000613,eligible_with_warning,no allergy records,real,A,real,hypotension|shock|thromboembolic_cv,endocrine_metabolic|gastrointestinal|hematologic_coagulation|infectious|neurologic|pulmonary,9,68,0,518,6,True,True,True,True,True,True,True,4,24,0.9233,matched_external_modality,no allergy records
case-000614,eligible_with_warning,no allergy records,real,A,real,atrial_fibrillation|heart_failure|hypertension|other_arrhythmia|thromboembolic_cv,gastrointestinal|hematologic_coagulation|infectious|neurologic|other|pulmonary,11,63,0,119,6,True,True,True,True,True,True,True,3,8,0.9233,matched_external_modality,no allergy records
case-000615,eligible_with_warning,no allergy records,real,A,real,atrial_fibrillation|cardiac_surgery|heart_block|heart_failure|hypertension|hypotension|myocardial_infarction_acs|other_arrhythmia|shock|thromboembolic_cv,endocrine_metabolic|hematologic_coagulation|infectious|neurologic|pulmonary|renal,16,60,0,295,6,True,True,True,True,True,True,True,3,10,0.9233,matched_external_modality,no allergy records
case-000616,eligible_with_warning,no allergy records,real,A,real,cardiac_arrest|other_arrhythmia|shock,endocrine_metabolic|gastrointestinal|hematologic_coagulation|neurologic|pulmonary|renal,9,60,0,193,5,True,True,True,True,True,True,True,10,15,0.9067,matched_external_modality,no allergy records
case-000617,eligible_with_warning,no allergy records,real,A,real,hypotension|shock|thromboembolic_cv,endocrine_metabolic|hematologic_coagulation|infectious|neurologic|pulmonary|renal,9,56,0,96,6,True,True,True,True,True,True,True,8,17,0.9233,matched_external_modality,no allergy records
case-000618,eligible_with_warning,no allergy records,real,A,real,cardiac_arrest|heart_failure|hypertension|other_arrhythmia,gastrointestinal|hematologic_coagulation|infectious|neurologic|pulmonary|renal,10,56,0,60,6,True,True,True,True,True,True,True,19,28,0.9233,matched_external_modality,no allergy records
case-000619,eligible_with_warning,no allergy records; no cardiac biomarker (troponin/BNP) recorded,real,A,real,hypotension|other_arrhythmia|shock|thromboembolic_cv,gastrointestinal|hematologic_coagulation|infectious|other|pulmonary|renal,10,51,0,488,6,True,True,True,True,True,True,True,13,24,0.9233,matched_external_modality,no allergy records;no cardiac biomarker (troponin/BNP) recorded
case-000620,eligible_with_warning,no allergy records; no cardiac biomarker (troponin/BNP) recorded,real,A,real,heart_failure|hypertension|thromboembolic_cv,allergy_immunologic|hematologic_coagulation|musculoskeletal|neurologic|pulmonary|renal,9,46,0,54,6,True,True,True,True,True,True,True,4,32,0.9233,matched_external_modality,no allergy records;no cardiac biomarker (troponin/BNP) recorded
case-000621,eligible_with_warning,no allergy records,real,A,real,atrial_fibrillation|cardiac_surgery|heart_failure|hypertension|hypotension|other_arrhythmia|shock|thromboembolic_cv|valvular_disease,gastrointestinal|hematologic_coagulation|neurologic|other|pulmonary|renal,15,44,0,110,6,True,True,True,True,True,True,True,17,30,0.9233,matched_external_modality,no allergy records
case-000622,eligible_with_warning,no allergy records; no cardiac biomarker (troponin/BNP) recorded,real,A,real,hypotension|shock|thromboembolic_cv,endocrine_metabolic|gastrointestinal|infectious|other|pulmonary|renal,9,43,0,258,6,True,True,True,True,True,True,True,3,10,0.9233,matched_external_modality,no allergy records;no cardiac biomarker (troponin/BNP) recorded
case-000623,eligible_with_warning,no allergy records; no cardiac biomarker (troponin/BNP) recorded,real,A,real,hypertension|thromboembolic_cv,endocrine_metabolic|gastrointestinal|hematologic_coagulation|neurologic|other|pulmonary,8,43,0,178,6,True,True,True,True,True,True,True,13,31,0.9233,matched_external_modality,no allergy records;no cardiac biomarker (troponin/BNP) recorded
case-000624,eligible_with_warning,no allergy records,real,A,real,hypotension|shock,gastrointestinal|hematologic_coagulation|hepatic|infectious|pulmonary|renal,8,42,0,234,6,True,True,True,True,True,True,True,11,23,0.9233,matched_external_modality,no allergy records
case-000625,eligible_with_warning,no allergy records,real,A,real,hypotension|myocardial_infarction_acs|shock|thromboembolic_cv,endocrine_metabolic|gastrointestinal|hematologic_coagulation|infectious|pulmonary|renal,10,38,0,167,6,True,True,True,True,True,True,True,4,18,0.9233,matched_external_modality,no allergy records
case-000626,eligible_with_warning,no allergy records,real,A,real,cardiac_arrest|cardiomyopathy|heart_block|hypertension|other_arrhythmia,endocrine_metabolic|hematologic_coagulation|infectious|musculoskeletal|neurologic|pulmonary,11,38,0,193,7,True,True,True,True,True,True,True,11,16,0.94,matched_external_modality,no allergy records
case-000627,eligible_with_warning,no allergy records,real,A,real,other_arrhythmia,allergy_immunologic|endocrine_metabolic|hematologic_coagulation|infectious|musculoskeletal|pulmonary,7,35,0,58,6,True,True,True,True,True,True,True,3,18,0.8333,matched_external_modality,no allergy records
case-000628,eligible_with_warning,no allergy records; no cardiac biomarker (troponin/BNP) recorded,real,A,real,heart_failure|hypertension,hematologic_coagulation|neurologic|oncologic|other|pulmonary|renal,8,34,0,35,6,True,True,True,True,True,True,True,18,26,0.9233,matched_external_modality,no allergy records;no cardiac biomarker (troponin/BNP) recorded
case-000629,eligible_with_warning,no allergy records,real,A,real,heart_failure|hypertension,endocrine_metabolic|gastrointestinal|hematologic_coagulation|hepatic|infectious|neurologic,8,33,0,77,3,True,True,True,True,True,True,True,3,22,0.89,matched_external_modality,no allergy records
case-000630,eligible_with_warning,no allergy records,real,A,real,atrial_fibrillation|hypertension|other_arrhythmia,hematologic_coagulation|infectious|neurologic|oncologic|pulmonary|renal,9,31,0,63,6,True,True,True,True,True,True,True,3,14,0.9233,matched_external_modality,no allergy records
case-000631,eligible_with_warning,no allergy records,real,A,real,heart_failure|hypertension|hypotension|shock|thromboembolic_cv,endocrine_metabolic|hematologic_coagulation|infectious|oncologic|pulmonary|renal,11,31,0,250,7,True,True,True,True,True,True,True,1,2,0.868,matched_external_modality,no allergy records
case-000632,eligible_with_warning,no allergy records,real,A,real,hypertension|other_arrhythmia,endocrine_metabolic|gastrointestinal|hematologic_coagulation|infectious|neurologic|pulmonary,8,31,0,58,5,True,True,True,True,True,True,True,13,22,0.9067,matched_external_modality,no allergy records
case-000633,eligible_with_warning,no allergy records,real,A,real,heart_block|heart_failure|hypertension|hypotension|shock|valvular_disease,endocrine_metabolic|hematologic_coagulation|infectious|oncologic|pulmonary|renal,12,30,0,158,6,True,True,True,True,True,True,True,5,12,0.9233,matched_external_modality,no allergy records
case-000634,eligible_with_warning,no allergy records; no cardiac biomarker (troponin/BNP) recorded,real,A,real,hypertension|thromboembolic_cv,gastrointestinal|hematologic_coagulation|infectious|musculoskeletal|neurologic|pulmonary,8,30,0,352,6,True,True,True,True,True,True,True,13,18,0.9233,matched_external_modality,no allergy records;no cardiac biomarker (troponin/BNP) recorded
case-000635,eligible_with_warning,no allergy records,real,A,real,cardiac_arrest|hypertension|shock|thromboembolic_cv,endocrine_metabolic|gastrointestinal|hematologic_coagulation|neurologic|pulmonary|renal,10,29,0,215,7,True,True,True,True,True,True,True,7,23,0.94,matched_external_modality,no allergy records
case-000636,eligible_with_warning,no allergy records,real,A,real,hypotension|shock,endocrine_metabolic|hematologic_coagulation|infectious|neurologic|other|pulmonary,8,29,0,44,6,True,True,True,True,True,True,True,1,13,0.9233,matched_external_modality,no allergy records
case-000637,eligible_with_warning,no allergy records,real,A,real,thromboembolic_cv,hematologic_coagulation|musculoskeletal|neurologic|oncologic|pulmonary|renal,7,28,0,146,6,True,True,True,True,True,True,True,10,25,0.8333,matched_external_modality,no allergy records
case-000638,eligible_with_warning,no allergy records,real,A,real,atrial_fibrillation|heart_failure|hypertension|myocardial_infarction_acs|other_arrhythmia|thromboembolic_cv,endocrine_metabolic|hematologic_coagulation|infectious|neurologic|pulmonary|renal,12,27,0,205,6,True,True,True,True,True,True,True,16,23,0.9233,matched_external_modality,no allergy records
case-000639,eligible_with_warning,no allergy records,real,A,real,cardiac_arrest|other_arrhythmia|shock|tachycardia,endocrine_metabolic|hematologic_coagulation|neurologic|oncologic|pulmonary|renal,10,26,0,201,6,True,True,True,True,True,True,True,9,15,0.9233,matched_external_modality,no allergy records
case-000640,eligible_with_warning,no allergy records; no cardiac biomarker (troponin/BNP) recorded,real,A,real,hypotension|shock,endocrine_metabolic|hematologic_coagulation|infectious|oncologic|pulmonary|renal,8,26,0,100,6,True,True,True,True,True,True,True,9,15,0.9233,matched_external_modality,no allergy records;no cardiac biomarker (troponin/BNP) recorded
case-000641,eligible_with_warning,no allergy records,real,A,real,hypotension|shock,endocrine_metabolic|gastrointestinal|hematologic_coagulation|infectious|pulmonary|renal,8,25,0,49,6,True,True,True,True,True,True,True,8,16,0.9233,matched_external_modality,no allergy records
case-000642,eligible_with_warning,no allergy records; no cardiac biomarker (troponin/BNP) recorded,real,A,real,heart_failure|hypertension|hypotension|myocardial_infarction_acs|shock,endocrine_metabolic|infectious|neurologic|other|pulmonary|renal,11,25,0,54,6,True,True,True,True,True,True,True,7,17,0.9233,matched_external_modality,no allergy records;no cardiac biomarker (troponin/BNP) recorded
case-000643,eligible_with_warning,no allergy records,real,A,real,heart_failure|hypertension|thromboembolic_cv,endocrine_metabolic|infectious|neurologic|other|pulmonary|renal,9,24,0,154,6,True,True,True,True,True,True,True,11,12,0.9233,matched_external_modality,no allergy records
case-000644,eligible_with_warning,no allergy records,real,A,real,cardiomyopathy|heart_failure|hypertension|hypotension|myocardial_infarction_acs|shock,hematologic_coagulation|infectious|musculoskeletal|oncologic|pulmonary|renal,12,24,0,107,6,True,True,True,True,True,True,True,2,6,0.9233,matched_external_modality,no allergy records
case-000645,eligible_with_warning,no allergy records; no cardiac biomarker (troponin/BNP) recorded,real,A,real,coronary_artery_disease|hypertension,endocrine_metabolic|hematologic_coagulation|infectious|neurologic|pulmonary|renal,8,24,0,68,6,True,True,True,True,True,True,True,9,15,0.9233,matched_external_modality,no allergy records;no cardiac biomarker (troponin/BNP) recorded
case-000646,eligible_with_warning,no allergy records; no cardiac biomarker (troponin/BNP) recorded,real,A,real,thromboembolic_cv,gastrointestinal|hematologic_coagulation|infectious|neurologic|other|pulmonary,7,24,0,83,6,True,True,True,True,True,True,True,4,16,0.8333,matched_external_modality,no allergy records;no cardiac biomarker (troponin/BNP) recorded
case-000647,eligible_with_warning,no allergy records; no cardiac biomarker (troponin/BNP) recorded,real,A,real,coronary_artery_disease|hypertension|shock|thromboembolic_cv|valvular_disease,endocrine_metabolic|gastrointestinal|hematologic_coagulation|neurologic|pulmonary|renal,11,22,0,83,6,True,True,True,True,True,True,True,7,12,0.9233,matched_external_modality,no allergy records;no cardiac biomarker (troponin/BNP) recorded
case-000648,eligible_with_warning,no allergy records; no cardiac biomarker (troponin/BNP) recorded,real,A,real,myocardial_infarction_acs|thromboembolic_cv,endocrine_metabolic|gastrointestinal|hematologic_coagulation|infectious|neurologic|pulmonary,8,22,0,82,6,True,True,True,True,True,True,True,3,15,0.9233,matched_external_modality,no allergy records;no cardiac biomarker (troponin/BNP) recorded
case-000649,eligible_with_warning,no allergy records,real,A,real,heart_failure|hypertension|myocardial_infarction_acs,endocrine_metabolic|hematologic_coagulation|neurologic|oncologic|pulmonary|renal,9,21,0,84,6,True,True,True,True,True,True,True,11,18,0.9233,matched_external_modality,no allergy records
case-000650,eligible_with_warning,no allergy records,real,A,real,atrial_fibrillation|heart_failure|hypertension|other_arrhythmia,endocrine_metabolic|hematologic_coagulation|infectious|neurologic|pulmonary|renal,10,21,0,194,6,True,True,True,True,True,True,True,1,1,0.8273,matched_external_modality,no allergy records
case-000651,eligible_with_warning,no allergy records; no cardiac biomarker (troponin/BNP) recorded,real,A,real,cardiac_arrest|hypertension|hypotension|shock,hematologic_coagulation|infectious|neurologic|oncologic|pulmonary|renal,10,21,0,43,6,True,True,True,True,True,True,True,6,9,0.9233,matched_external_modality,no allergy records;no cardiac biomarker (troponin/BNP) recorded
case-000652,eligible_with_warning,no allergy records,real,A,real,cardiac_surgery|myocardial_infarction_acs|shock,gastrointestinal|hematologic_coagulation|infectious|oncologic|pulmonary|renal,9,20,0,32,7,True,True,True,True,True,True,True,7,9,0.94,matched_external_modality,no allergy records
case-000653,eligible_with_warning,no allergy records; no cardiac biomarker (troponin/BNP) recorded,real,A,real,cardiac_arrest|myocardial_infarction_acs|shock,endocrine_metabolic|hematologic_coagulation|neurologic|oncologic|pulmonary|renal,9,20,0,19,6,True,True,True,True,True,True,True,14,17,0.9233,matched_external_modality,no allergy records;no cardiac biomarker (troponin/BNP) recorded
case-000654,eligible_with_warning,no allergy records,real,A,real,heart_block|heart_failure|hypertension|thromboembolic_cv,endocrine_metabolic|gastrointestinal|hematologic_coagulation|neurologic|other|pulmonary,10,19,0,49,6,True,True,True,True,True,True,True,5,19,0.9233,matched_external_modality,no allergy records
case-000655,eligible_with_warning,no allergy records; no cardiac biomarker (troponin/BNP) recorded,real,A,real,hypertension|hypotension|shock|thromboembolic_cv,endocrine_metabolic|gastrointestinal|hematologic_coagulation|infectious|pulmonary|renal,10,18,0,15,6,True,True,True,True,True,True,True,2,9,0.9233,matched_external_modality,no allergy records;no cardiac biomarker (troponin/BNP) recorded
case-000656,eligible_with_warning,no allergy records; no cardiac biomarker (troponin/BNP) recorded,real,A,real,thromboembolic_cv,endocrine_metabolic|gastrointestinal|hematologic_coagulation|infectious|neurologic|pulmonary,7,18,0,114,6,True,True,True,True,True,True,True,6,9,0.8333,matched_external_modality,no allergy records;no cardiac biomarker (troponin/BNP) recorded
case-000657,eligible_with_warning,no allergy records; no cardiac biomarker (troponin/BNP) recorded,real,A,real,hypertension|shock|valvular_disease,endocrine_metabolic|hematologic_coagulation|neurologic|psychiatric|pulmonary|renal,9,17,0,75,7,True,True,True,True,True,True,True,1,2,0.868,matched_external_modality,no allergy records;no cardiac biomarker (troponin/BNP) recorded
case-000658,eligible_with_warning,no allergy records,real,A,real,coronary_artery_disease|hypertension,gastrointestinal|hematologic_coagulation|infectious|neurologic|other|pulmonary,8,17,0,144,6,True,True,True,True,True,True,True,12,16,0.9233,matched_external_modality,no allergy records
case-000659,eligible_with_warning,no allergy records,real,A,real,myocardial_infarction_acs|shock|thromboembolic_cv,gastrointestinal|hematologic_coagulation|infectious|neurologic|pulmonary|renal,9,16,0,161,6,True,True,True,True,True,True,True,4,8,0.9233,matched_external_modality,no allergy records
case-000660,eligible_with_warning,no allergy records; no cardiac biomarker (troponin/BNP) recorded,real,A,real,hypotension|shock,endocrine_metabolic|hematologic_coagulation|infectious|neurologic|pulmonary|renal,8,16,0,70,6,True,True,True,True,True,True,True,7,12,0.9233,matched_external_modality,no allergy records;no cardiac biomarker (troponin/BNP) recorded
case-000661,eligible_with_warning,no allergy records; no cardiac biomarker (troponin/BNP) recorded,real,A,real,thromboembolic_cv,hematologic_coagulation|infectious|neurologic|other|psychiatric|pulmonary,7,15,0,90,6,True,True,True,True,True,True,True,10,12,0.8333,matched_external_modality,no allergy records;no cardiac biomarker (troponin/BNP) recorded
case-000662,eligible_with_warning,no allergy records; no_medication_label_evidence,real,A,real,bradycardia|hypertension|other_arrhythmia,endocrine_metabolic|gastrointestinal|hematologic_coagulation|infectious|oncologic|pulmonary,9,14,0,137,6,True,True,True,True,True,True,False,0,7,0.9233,matched_external_modality,no allergy records;no_medication_label_evidence
case-000663,eligible_with_warning,no allergy records; no cardiac biomarker (troponin/BNP) recorded,real,A,real,heart_failure|hypertension|thromboembolic_cv,endocrine_metabolic|gastrointestinal|hematologic_coagulation|infectious|neurologic|renal,9,13,0,354,6,True,True,True,True,True,True,True,1,1,0.8273,matched_external_modality,no allergy records;no cardiac biomarker (troponin/BNP) recorded
case-000664,eligible_with_warning,no allergy records,real,A,real,heart_block|hypertension,endocrine_metabolic|hematologic_coagulation|infectious|neurologic|other|pulmonary,8,13,0,105,6,True,True,True,True,True,True,True,5,8,0.9233,matched_external_modality,no allergy records
case-000665,eligible_with_warning,no allergy records,real,A,real,hypertension|hypotension|shock,gastrointestinal|hematologic_coagulation|infectious|oncologic|pulmonary|renal,9,12,0,75,6,True,True,True,True,True,True,True,3,6,0.9233,matched_external_modality,no allergy records
case-000666,eligible_with_warning,no allergy records,real,A,real,atrial_fibrillation|hypertension|hypotension|myocardial_infarction_acs|other_arrhythmia|shock|thromboembolic_cv,hematologic_coagulation|hepatic|infectious|oncologic|pulmonary|renal,13,11,0,177,6,True,True,True,True,True,True,True,3,6,0.9233,matched_external_modality,no allergy records
case-000667,eligible_with_warning,no allergy records,real,A,real,cardiac_arrest|hypotension|shock|thromboembolic_cv,endocrine_metabolic|hematologic_coagulation|infectious|oncologic|pulmonary|renal,10,11,0,132,7,True,True,True,True,True,True,True,3,11,0.94,matched_external_modality,no allergy records
case-000668,eligible_with_warning,no allergy records; no cardiac biomarker (troponin/BNP) recorded,real,A,real,hypertension|thromboembolic_cv,gastrointestinal|hematologic_coagulation|neurologic|other|psychiatric|pulmonary,8,11,0,21,5,True,True,True,True,True,True,True,7,9,0.9067,matched_external_modality,no allergy records;no cardiac biomarker (troponin/BNP) recorded
case-000669,eligible_with_warning,no allergy records; no cardiac biomarker (troponin/BNP) recorded,real,A,real,hypertension|other_arrhythmia|thromboembolic_cv,endocrine_metabolic|gastrointestinal|hematologic_coagulation|infectious|neurologic|other,9,11,0,29,6,True,True,True,True,True,True,True,3,6,0.9233,matched_external_modality,no allergy records;no cardiac biomarker (troponin/BNP) recorded
case-000670,eligible_with_warning,no allergy records,real,A,real,hypertension|hypotension|shock|thromboembolic_cv,endocrine_metabolic|gastrointestinal|hematologic_coagulation|infectious|pulmonary|renal,10,10,0,339,6,True,True,True,True,True,True,True,1,2,0.8513,matched_external_modality,no allergy records
case-000671,eligible_with_warning,no allergy records,real,A,real,thromboembolic_cv,gastrointestinal|hematologic_coagulation|musculoskeletal|neurologic|pulmonary|renal,7,10,0,76,6,True,True,True,True,True,True,True,3,5,0.8333,matched_external_modality,no allergy records
case-000672,eligible_with_warning,no allergy records; no cardiac biomarker (troponin/BNP) recorded,real,A,real,thromboembolic_cv,gastrointestinal|infectious|musculoskeletal|neurologic|other|pulmonary,7,10,0,165,6,True,True,True,True,True,True,True,3,6,0.8333,matched_external_modality,no allergy records;no cardiac biomarker (troponin/BNP) recorded
case-000673,eligible_with_warning,no allergy records,real,A,real,cardiac_arrest|hypertension|myocardial_infarction_acs,allergy_immunologic|hematologic_coagulation|musculoskeletal|neurologic|oncologic|pulmonary,9,9,0,62,6,True,True,True,True,True,True,True,7,8,0.9233,matched_external_modality,no allergy records
case-000674,eligible_with_warning,no allergy records,real,A,real,atrial_fibrillation|hypertension|other_arrhythmia,allergy_immunologic|endocrine_metabolic|gastrointestinal|hematologic_coagulation|pulmonary|renal,9,8,0,34,6,True,True,True,True,True,True,True,1,8,0.9233,matched_external_modality,no allergy records
case-000675,eligible_with_warning,no allergy records,real,A,real,coronary_artery_disease|heart_block|hypertension|thromboembolic_cv,endocrine_metabolic|hematologic_coagulation|infectious|neurologic|oncologic|pulmonary,10,8,0,243,6,True,True,True,True,True,True,True,2,8,0.9233,matched_external_modality,no allergy records
case-000676,eligible_with_warning,no allergy records,real,A,real,hypertension|shock|thromboembolic_cv,gastrointestinal|hematologic_coagulation|infectious|neurologic|pulmonary|renal,9,7,0,39,6,True,True,True,True,True,True,True,5,7,0.9233,matched_external_modality,no allergy records
case-000677,eligible_with_warning,no allergy records; no cardiac biomarker (troponin/BNP) recorded,real,A,real,atrial_fibrillation|heart_failure|myocardial_infarction_acs|other_arrhythmia|thromboembolic_cv,hematologic_coagulation|infectious|musculoskeletal|neurologic|pulmonary|renal,11,7,0,139,6,True,True,True,True,True,True,True,4,7,0.9233,matched_external_modality,no allergy records;no cardiac biomarker (troponin/BNP) recorded
case-000678,eligible_with_warning,no allergy records; no cardiac biomarker (troponin/BNP) recorded,real,A,real,thromboembolic_cv,gastrointestinal|hematologic_coagulation|hepatic|infectious|neurologic|pulmonary,7,7,0,94,5,True,True,True,True,True,True,True,3,5,0.8167,matched_external_modality,no allergy records;no cardiac biomarker (troponin/BNP) recorded
case-000679,eligible_with_warning,no allergy records,real,A,real,thromboembolic_cv,endocrine_metabolic|gastrointestinal|hematologic_coagulation|neurologic|other|pulmonary,7,6,0,55,6,True,True,True,True,True,True,True,1,3,0.7853,matched_external_modality,no allergy records
case-000680,eligible_with_warning,no allergy records; no cardiac biomarker (troponin/BNP) recorded,real,A,real,hypertension|thromboembolic_cv,gastrointestinal|hematologic_coagulation|neurologic|other|psychiatric|pulmonary,8,6,0,61,5,True,True,True,True,True,True,True,4,5,0.9067,matched_external_modality,no allergy records;no cardiac biomarker (troponin/BNP) recorded
case-000681,eligible_with_warning,no allergy records; no cardiac biomarker (troponin/BNP) recorded,real,A,real,thromboembolic_cv,endocrine_metabolic|gastrointestinal|hematologic_coagulation|infectious|oncologic|pulmonary,7,6,0,92,6,True,True,True,True,True,True,True,2,4,0.8093,matched_external_modality,no allergy records;no cardiac biomarker (troponin/BNP) recorded
case-000682,eligible_with_warning,no allergy records,real,A,real,atrial_fibrillation|hypertension|myocardial_infarction_acs|other_arrhythmia,endocrine_metabolic|gastrointestinal|hematologic_coagulation|infectious|neurologic|pulmonary,10,5,0,62,7,True,True,True,True,True,True,True,1,1,0.844,matched_external_modality,no allergy records
case-000683,eligible_with_warning,no_medication_label_evidence,real,A,real,heart_failure|hypertension,gastrointestinal|hematologic_coagulation|hepatic|neurologic|pulmonary|renal,8,3,2,262,6,True,True,True,True,True,True,False,0,2,0.9113,matched_external_modality,no_medication_label_evidence
case-000684,eligible,,real,A,real,hypertension|thromboembolic_cv,gastrointestinal|hematologic_coagulation|neurologic|oncologic|pulmonary|renal,8,3,2,122,6,True,True,True,True,True,True,True,1,3,0.9353,matched_external_modality,
case-000685,eligible_with_warning,no_medication_label_evidence,real,A,real,heart_failure|hypertension|myocardial_infarction_acs,endocrine_metabolic|gastrointestinal|hematologic_coagulation|other|pulmonary|renal,9,3,1,244,6,True,True,True,True,True,True,False,0,3,0.9353,matched_external_modality,no_medication_label_evidence
case-000686,eligible_with_warning,no cardiac biomarker (troponin/BNP) recorded; no_medication_label_evidence,real,A,real,myocardial_infarction_acs|thromboembolic_cv,endocrine_metabolic|hematologic_coagulation|infectious|neurologic|other|renal,8,3,1,65,6,True,True,True,True,True,True,False,0,2,0.9113,matched_external_modality,no cardiac biomarker (troponin/BNP) recorded;no_medication_label_evidence
case-000687,eligible_with_warning,no allergy records,real,A,real,hypertension|shock,gastrointestinal|hematologic_coagulation|infectious|pulmonary|renal,7,1160,0,735,7,True,True,True,True,True,True,True,8,17,0.94,matched_external_modality,no allergy records
case-000688,eligible_with_warning,no allergy records,real,A,real,cardiomyopathy|myocardial_infarction_acs|shock,gastrointestinal|hematologic_coagulation|musculoskeletal|pulmonary|renal,8,721,0,219,6,True,True,True,True,True,True,True,16,27,0.9233,matched_external_modality,no allergy records
case-000689,eligible_with_warning,no allergy records,real,A,real,bradycardia|heart_block|hypertension|hypotension|other_arrhythmia|shock,endocrine_metabolic|hematologic_coagulation|neurologic|pulmonary|renal,11,363,0,735,7,True,True,True,True,True,True,True,7,9,0.94,matched_external_modality,no allergy records
case-000690,eligible_with_warning,no allergy records; no cardiac biomarker (troponin/BNP) recorded,real,A,real,thromboembolic_cv,gastrointestinal|hematologic_coagulation|musculoskeletal|neurologic|pulmonary,6,197,0,920,6,True,True,True,True,True,True,True,27,40,0.8333,matched_external_modality,no allergy records;no cardiac biomarker (troponin/BNP) recorded
case-000691,eligible_with_warning,no allergy records; no cardiac biomarker (troponin/BNP) recorded,real,A,real,cardiac_surgery|cardiomyopathy|heart_block|heart_failure|hypertension|myocardial_infarction_acs|other_arrhythmia|pci,endocrine_metabolic|hematologic_coagulation|musculoskeletal|other|pulmonary,13,163,0,133,6,True,True,True,True,True,True,True,5,27,0.9233,matched_external_modality,no allergy records;no cardiac biomarker (troponin/BNP) recorded
case-000692,eligible_with_warning,no allergy records; no cardiac biomarker (troponin/BNP) recorded,real,A,real,cardiac_arrest,endocrine_metabolic|gastrointestinal|hepatic|neurologic|pulmonary,6,152,0,337,6,True,True,True,True,True,True,True,22,37,0.8333,matched_external_modality,no allergy records;no cardiac biomarker (troponin/BNP) recorded
case-000693,eligible_with_warning,no allergy records,real,A,real,heart_failure,hematologic_coagulation|infectious|neurologic|psychiatric|pulmonary,6,151,0,169,6,True,True,True,True,True,True,True,3,3,0.7853,matched_external_modality,no allergy records
case-000694,eligible_with_warning,no allergy records; no cardiac biomarker (troponin/BNP) recorded,real,A,real,atrial_fibrillation|cardiac_surgery|hypertension|other_arrhythmia|shock,endocrine_metabolic|gastrointestinal|hematologic_coagulation|infectious|pulmonary,10,143,0,177,7,True,True,True,True,True,True,True,33,64,0.94,matched_external_modality,no allergy records;no cardiac biomarker (troponin/BNP) recorded
case-000695,eligible_with_warning,no allergy records; no cardiac biomarker (troponin/BNP) recorded,real,A,real,atrial_fibrillation|hypertension|myocardial_infarction_acs|other_arrhythmia,gastrointestinal|hematologic_coagulation|oncologic|other|renal,9,140,0,273,6,True,True,True,True,True,True,True,12,22,0.9233,matched_external_modality,no allergy records;no cardiac biomarker (troponin/BNP) recorded
case-000696,eligible_with_warning,no allergy records,real,A,real,atrial_fibrillation|hypertension|other_arrhythmia|shock,endocrine_metabolic|gastrointestinal|neurologic|pulmonary|renal,9,133,0,683,6,True,True,True,True,True,True,True,16,34,0.9233,matched_external_modality,no allergy records
case-000697,eligible_with_warning,no allergy records,real,A,real,atrial_fibrillation|bradycardia|heart_failure|hypertension|myocardial_infarction_acs|other_arrhythmia|thromboembolic_cv,gastrointestinal|hematologic_coagulation|infectious|pulmonary|renal,12,131,0,329,6,True,True,True,True,True,True,True,6,23,0.9233,matched_external_modality,no allergy records
case-000698,eligible_with_warning,no allergy records,real,A,real,hypertension|hypotension|shock,gastrointestinal|neurologic|other|pulmonary|renal,8,122,0,569,6,True,True,True,True,True,True,True,22,40,0.9233,matched_external_modality,no allergy records
case-000699,eligible_with_warning,no allergy records,real,A,real,hypertension,endocrine_metabolic|hematologic_coagulation|infectious|neurologic|renal,6,119,0,385,6,True,True,True,True,True,True,True,7,25,0.8333,matched_external_modality,no allergy records
case-000700,eligible_with_warning,no allergy records; no cardiac biomarker (troponin/BNP) recorded,real,A,real,heart_failure|hypertension|thromboembolic_cv,endocrine_metabolic|gastrointestinal|hematologic_coagulation|pulmonary|renal,8,118,0,1592,6,True,True,True,True,True,True,True,25,43,0.9233,matched_external_modality,no allergy records;no cardiac biomarker (troponin/BNP) recorded
case-000701,eligible_with_warning,no allergy records; no cardiac biomarker (troponin/BNP) recorded,real,A,real,cardiac_surgery|hypertension|other_arrhythmia|shock|valvular_disease,endocrine_metabolic|hematologic_coagulation|other|pulmonary|renal,10,113,0,741,7,True,True,True,True,True,True,True,16,31,0.94,matched_external_modality,no allergy records;no cardiac biomarker (troponin/BNP) recorded
case-000702,eligible_with_warning,no allergy records,real,A,real,atrial_fibrillation|cardiac_surgery|hypertension|myocardial_infarction_acs|other_arrhythmia|thromboembolic_cv|valvular_disease,endocrine_metabolic|gastrointestinal|hematologic_coagulation|pulmonary|renal,12,108,0,205,7,True,True,True,True,True,True,True,2,6,0.94,matched_external_modality,no allergy records
case-000703,eligible_with_warning,no allergy records,real,A,real,cardiomyopathy|hypertension|hypotension|shock,hematologic_coagulation|musculoskeletal|other|pulmonary|renal,9,106,0,173,6,True,True,True,True,True,True,True,12,31,0.9233,matched_external_modality,no allergy records
case-000704,eligible_with_warning,no allergy records,real,A,real,atrial_fibrillation|heart_failure|hypotension|myocardial_infarction_acs|other_arrhythmia|shock,hematologic_coagulation|infectious|oncologic|pulmonary|renal,11,104,0,153,6,True,True,True,True,True,True,True,22,29,0.9233,matched_external_modality,no allergy records
case-000705,eligible_with_warning,no allergy records,real,A,real,hypertension,endocrine_metabolic|hematologic_coagulation|infectious|neurologic|psychiatric,6,102,0,394,6,True,True,True,True,True,True,True,17,28,0.8333,matched_external_modality,no allergy records
case-000706,eligible_with_warning,no allergy records,real,A,real,cardiac_arrest|myocardial_infarction_acs|other_arrhythmia,endocrine_metabolic|hematologic_coagulation|neurologic|other|pulmonary,8,95,0,287,6,True,True,True,True,True,True,True,22,32,0.9233,matched_external_modality,no allergy records
case-000707,eligible_with_warning,no allergy records,real,A,real,cardiac_surgery|hypertension|myocardial_infarction_acs|pci|shock,endocrine_metabolic|neurologic|other|pulmonary|renal,10,82,0,337,7,True,True,True,True,True,True,True,18,29,0.94,matched_external_modality,no allergy records
case-000708,eligible_with_warning,no allergy records,real,A,real,hypertension|myocardial_infarction_acs,gastrointestinal|hematologic_coagulation|oncologic|other|renal,7,80,0,335,6,True,True,True,True,True,True,True,21,41,0.9233,matched_external_modality,no allergy records
case-000709,eligible_with_warning,no allergy records,real,A,real,other_arrhythmia,endocrine_metabolic|gastrointestinal|infectious|other|pulmonary,6,79,0,320,6,True,True,True,True,True,True,True,17,27,0.8333,matched_external_modality,no allergy records
case-000710,eligible_with_warning,no allergy records; no cardiac biomarker (troponin/BNP) recorded,real,A,real,thromboembolic_cv,endocrine_metabolic|hematologic_coagulation|infectious|other|pulmonary,6,79,0,352,6,True,True,True,True,True,True,True,2,17,0.8333,matched_external_modality,no allergy records;no cardiac biomarker (troponin/BNP) recorded
case-000711,eligible_with_warning,no allergy records; no cardiac biomarker (troponin/BNP) recorded,real,A,real,atrial_fibrillation|cardiac_surgery|hypertension|myocardial_infarction_acs|other_arrhythmia,endocrine_metabolic|hematologic_coagulation|neurologic|pulmonary|renal,10,77,0,126,6,True,True,True,True,True,True,True,30,35,0.9233,matched_external_modality,no allergy records;no cardiac biomarker (troponin/BNP) recorded
case-000712,eligible_with_warning,no allergy records,real,A,real,hypertension|myocardial_infarction_acs,endocrine_metabolic|gastrointestinal|hematologic_coagulation|neurologic|renal,7,77,0,169,6,True,True,True,True,True,True,True,2,2,0.8513,matched_external_modality,no allergy records
case-000713,eligible_with_warning,no allergy records; no cardiac biomarker (troponin/BNP) recorded,real,A,real,hypertension|thromboembolic_cv,endocrine_metabolic|neurologic|obstetric|other|pulmonary,7,75,0,80,4,True,True,True,True,True,True,True,11,17,0.89,matched_external_modality,no allergy records;no cardiac biomarker (troponin/BNP) recorded
case-000714,eligible_with_warning,no allergy records,real,A,real,atrial_fibrillation|heart_failure|hypertension|other_arrhythmia,endocrine_metabolic|hematologic_coagulation|infectious|neurologic|pulmonary,9,72,0,259,6,True,True,True,True,True,True,True,18,26,0.9233,matched_external_modality,no allergy records
case-000715,eligible_with_warning,no allergy records,real,A,real,atrial_fibrillation|bradycardia|hypertension|hypotension|other_arrhythmia|shock|thromboembolic_cv,endocrine_metabolic|hematologic_coagulation|infectious|neurologic|pulmonary,12,72,0,213,6,True,True,True,True,True,True,True,15,35,0.9233,matched_external_modality,no allergy records
case-000716,eligible_with_warning,no allergy records; no cardiac biomarker (troponin/BNP) recorded,real,A,real,hypertension|other_arrhythmia,endocrine_metabolic|gastrointestinal|infectious|other|pulmonary,7,67,0,313,6,True,True,True,True,True,True,True,17,25,0.9233,matched_external_modality,no allergy records;no cardiac biomarker (troponin/BNP) recorded
case-000717,eligible_with_warning,no allergy records,real,A,real,atrial_fibrillation|other_arrhythmia|shock,hematologic_coagulation|infectious|neurologic|pulmonary|renal,8,66,0,173,6,True,True,True,True,True,True,True,20,45,0.9233,matched_external_modality,no allergy records
case-000718,eligible_with_warning,no allergy records,real,A,real,atrial_fibrillation|cardiac_arrest|heart_failure|hypertension|myocardial_infarction_acs|other_arrhythmia|shock,endocrine_metabolic|gastrointestinal|hematologic_coagulation|neurologic|pulmonary,12,59,0,602,7,True,True,True,True,True,True,True,5,6,0.94,matched_external_modality,no allergy records
case-000719,eligible_with_warning,no allergy records,real,A,real,atrial_fibrillation|heart_failure|other_arrhythmia|shock,hematologic_coagulation|musculoskeletal|other|pulmonary|renal,9,57,0,213,5,True,True,True,True,True,True,True,7,18,0.9067,matched_external_modality,no allergy records
case-000720,eligible_with_warning,no allergy records,real,A,real,hypertension|shock,endocrine_metabolic|infectious|neurologic|pulmonary|renal,7,56,0,578,6,True,True,True,True,True,True,True,20,27,0.9233,matched_external_modality,no allergy records
case-000721,eligible_with_warning,no allergy records,real,A,real,cardiac_arrest|thromboembolic_cv,gastrointestinal|hematologic_coagulation|infectious|neurologic|pulmonary,7,55,0,111,4,True,True,True,True,True,True,True,17,24,0.89,matched_external_modality,no allergy records
case-000722,eligible_with_warning,no allergy records,real,A,real,cardiac_arrest|heart_failure|hypertension|shock,endocrine_metabolic|hematologic_coagulation|neurologic|pulmonary|renal,9,53,0,75,5,True,True,True,True,True,True,True,7,13,0.9067,matched_external_modality,no allergy records
case-000723,eligible_with_warning,no allergy records,real,A,real,atrial_fibrillation|heart_failure|hypertension|other_arrhythmia,hematologic_coagulation|musculoskeletal|oncologic|other|pulmonary,9,53,0,272,6,True,True,True,True,True,True,True,4,15,0.9233,matched_external_modality,no allergy records
case-000724,eligible_with_warning,no allergy records,real,A,real,cardiac_surgery|hypertension,endocrine_metabolic|hematologic_coagulation|neurologic|oncologic|pulmonary,7,51,0,352,6,True,True,True,True,True,True,True,16,32,0.9233,matched_external_modality,no allergy records
case-000725,eligible_with_warning,no allergy records; no cardiac biomarker (troponin/BNP) recorded,real,A,real,shock,hematologic_coagulation|musculoskeletal|neurologic|pulmonary|renal,6,50,0,153,6,True,True,True,True,True,True,True,19,34,0.8333,matched_external_modality,no allergy records;no cardiac biomarker (troponin/BNP) recorded
case-000726,eligible_with_warning,no allergy records,real,A,real,atrial_fibrillation|other_arrhythmia,gastrointestinal|musculoskeletal|neurologic|pulmonary|renal,7,48,0,388,7,True,True,True,True,True,True,True,2,2,0.868,matched_external_modality,no allergy records
case-000727,eligible_with_warning,no allergy records,real,A,real,bradycardia|hypotension|myocardial_infarction_acs|other_arrhythmia|shock,endocrine_metabolic|gastrointestinal|hematologic_coagulation|neurologic|renal,10,48,0,187,7,True,True,True,True,True,True,True,1,3,0.892,matched_external_modality,no allergy records
case-000728,eligible_with_warning,no allergy records; no cardiac biomarker (troponin/BNP) recorded,real,A,real,cardiac_surgery|coronary_artery_disease|hypertension|shock|valvular_disease,musculoskeletal|neurologic|other|pulmonary|renal,10,45,0,325,6,True,True,True,True,True,True,True,22,32,0.9233,matched_external_modality,no allergy records;no cardiac biomarker (troponin/BNP) recorded
case-000729,eligible_with_warning,no allergy records,real,A,real,atrial_fibrillation|hypertension|other_arrhythmia|valvular_disease,endocrine_metabolic|hematologic_coagulation|neurologic|other|pulmonary,9,44,0,309,6,True,True,True,True,True,True,True,15,26,0.9233,matched_external_modality,no allergy records
case-000730,eligible_with_warning,no allergy records; no cardiac biomarker (troponin/BNP) recorded,real,A,real,coronary_artery_disease|hypertension|myocardial_infarction_acs,endocrine_metabolic|hematologic_coagulation|oncologic|pulmonary|renal,8,43,0,146,6,True,True,True,True,True,True,True,12,35,0.9233,matched_external_modality,no allergy records;no cardiac biomarker (troponin/BNP) recorded
case-000731,eligible_with_warning,no allergy records,real,A,real,heart_failure,endocrine_metabolic|gastrointestinal|hematologic_coagulation|infectious|pulmonary,6,39,0,58,6,True,True,True,True,True,True,True,1,13,0.8333,matched_external_modality,no allergy records
case-000732,eligible_with_warning,no allergy records,real,A,real,hypertension,endocrine_metabolic|gastrointestinal|hematologic_coagulation|hepatic|oncologic,6,38,0,328,6,True,True,True,True,True,True,True,9,19,0.8333,matched_external_modality,no allergy records
case-000733,eligible_with_warning,no allergy records; no cardiac biomarker (troponin/BNP) recorded,real,A,real,hypertension,gastrointestinal|hematologic_coagulation|infectious|neurologic|other,6,38,0,139,5,True,True,True,True,True,True,True,10,18,0.8167,matched_external_modality,no allergy records;no cardiac biomarker (troponin/BNP) recorded
case-000734,eligible_with_warning,no allergy records,real,A,real,hypertension,endocrine_metabolic|gastrointestinal|hepatic|neurologic|pulmonary,6,37,0,202,6,True,True,True,True,True,True,True,3,26,0.8333,matched_external_modality,no allergy records
case-000735,eligible_with_warning,no allergy records,real,A,real,heart_failure,endocrine_metabolic|gastrointestinal|hematologic_coagulation|neurologic|pulmonary,6,37,0,163,6,True,True,True,True,True,True,True,17,22,0.8333,matched_external_modality,no allergy records
case-000736,eligible_with_warning,no allergy records; no cardiac biomarker (troponin/BNP) recorded,real,A,real,hypertension|shock,gastrointestinal|hematologic_coagulation|infectious|musculoskeletal|neurologic,7,37,0,180,6,True,True,True,True,True,True,True,4,24,0.9233,matched_external_modality,no allergy records;no cardiac biomarker (troponin/BNP) recorded
case-000737,eligible_with_warning,no allergy records; no cardiac biomarker (troponin/BNP) recorded,real,A,real,hypotension|myocardial_infarction_acs|shock,endocrine_metabolic|hematologic_coagulation|hepatic|oncologic|pulmonary,8,36,0,77,6,True,True,True,True,True,True,True,13,22,0.9233,matched_external_modality,no allergy records;no cardiac biomarker (troponin/BNP) recorded
case-000738,eligible_with_warning,no allergy records,real,A,real,atrial_fibrillation|hypertension|other_arrhythmia,gastrointestinal|hematologic_coagulation|infectious|oncologic|pulmonary,8,36,0,256,6,True,True,True,True,True,True,True,5,21,0.9233,matched_external_modality,no allergy records
case-000739,eligible_with_warning,no allergy records,real,A,real,cardiac_arrest|hypertension|other_arrhythmia|tachycardia,endocrine_metabolic|hematologic_coagulation|infectious|pulmonary|renal,9,35,0,205,7,True,True,True,True,True,True,True,1,1,0.844,matched_external_modality,no allergy records
case-000740,eligible_with_warning,no allergy records; no cardiac biomarker (troponin/BNP) recorded,real,A,real,atrial_fibrillation|hypertension|other_arrhythmia,gastrointestinal|hematologic_coagulation|infectious|neurologic|pulmonary,8,35,0,181,6,True,True,True,True,True,True,True,2,26,0.9233,matched_external_modality,no allergy records;no cardiac biomarker (troponin/BNP) recorded
case-000741,eligible_with_warning,no allergy records; no cardiac biomarker (troponin/BNP) recorded,real,A,real,thromboembolic_cv,gastrointestinal|hematologic_coagulation|neurologic|other|renal,6,34,0,53,6,True,True,True,True,True,True,True,11,29,0.8333,matched_external_modality,no allergy records;no cardiac biomarker (troponin/BNP) recorded
case-000742,eligible_with_warning,no allergy records,real,A,real,hypertension,endocrine_metabolic|infectious|other|pulmonary|renal,6,33,0,104,6,True,True,True,True,True,True,True,14,19,0.8333,matched_external_modality,no allergy records
case-000743,eligible_with_warning,no allergy records,real,A,real,cardiac_arrest|hypotension|shock,hematologic_coagulation|infectious|neurologic|pulmonary|renal,8,33,0,55,6,True,True,True,True,True,True,True,16,23,0.9233,matched_external_modality,no allergy records
case-000744,eligible_with_warning,no allergy records,real,A,real,atrial_fibrillation|other_arrhythmia,endocrine_metabolic|hematologic_coagulation|neurologic|psychiatric|pulmonary,7,33,0,118,6,True,True,True,True,True,True,True,9,25,0.9233,matched_external_modality,no allergy records
case-000745,eligible_with_warning,no allergy records,real,A,real,atrial_fibrillation|heart_block|heart_failure|hypertension|myocardial_infarction_acs|other_arrhythmia,endocrine_metabolic|hematologic_coagulation|infectious|neurologic|pulmonary,11,33,0,80,6,True,True,True,True,True,True,True,13,29,0.9233,matched_external_modality,no allergy records
case-000746,eligible_with_warning,no allergy records,real,A,real,atrial_fibrillation|cardiac_surgery|hypertension|other_arrhythmia,gastrointestinal|hematologic_coagulation|infectious|pulmonary|renal,9,32,0,201,6,True,True,True,True,True,True,True,17,25,0.9233,matched_external_modality,no allergy records
case-000747,eligible_with_warning,no allergy records; no cardiac biomarker (troponin/BNP) recorded,real,A,real,cardiomyopathy|heart_block|heart_failure|hypertension|thromboembolic_cv,endocrine_metabolic|gastrointestinal|infectious|musculoskeletal|other,10,32,0,21,6,True,True,True,True,True,True,True,16,23,0.9083,matched_external_modality,no allergy records;no cardiac biomarker (troponin/BNP) recorded
case-000748,eligible_with_warning,no allergy records,real,A,real,hypertension|myocardial_infarction_acs|shock,hematologic_coagulation|infectious|neurologic|pulmonary|renal,8,31,0,141,6,True,True,True,True,True,True,True,7,19,0.9233,matched_external_modality,no allergy records
case-000749,eligible_with_warning,no allergy records,real,A,real,atrial_fibrillation|cardiac_surgery|heart_block|heart_failure|other_arrhythmia,endocrine_metabolic|hematologic_coagulation|infectious|pulmonary|renal,10,29,0,99,6,True,True,True,True,True,True,True,16,22,0.9233,matched_external_modality,no allergy records
case-000750,eligible_with_warning,no allergy records,real,A,real,cardiac_arrest|hypertension|shock,endocrine_metabolic|hematologic_coagulation|neurologic|pulmonary|renal,8,29,0,162,6,True,True,True,True,True,True,True,15,21,0.9233,matched_external_modality,no allergy records
case-000751,eligible_with_warning,no allergy records,real,A,real,hypertension|hypotension|myocardial_infarction_acs|shock|thromboembolic_cv,gastrointestinal|hematologic_coagulation|infectious|oncologic|pulmonary,10,28,0,121,6,True,True,True,True,True,True,True,5,21,0.9233,matched_external_modality,no allergy records
case-000752,eligible_with_warning,no allergy records; no cardiac biomarker (troponin/BNP) recorded,real,A,real,hypertension|thromboembolic_cv,endocrine_metabolic|gastrointestinal|hematologic_coagulation|pulmonary|renal,7,27,0,71,6,True,True,True,True,True,True,True,15,21,0.9233,matched_external_modality,no allergy records;no cardiac biomarker (troponin/BNP) recorded
case-000753,eligible_with_warning,no allergy records; no cardiac biomarker (troponin/BNP) recorded,real,A,real,thromboembolic_cv,hematologic_coagulation|infectious|musculoskeletal|neurologic|pulmonary,6,27,0,743,7,True,True,True,True,True,True,True,2,3,0.802,matched_external_modality,no allergy records;no cardiac biomarker (troponin/BNP) recorded
case-000754,eligible_with_warning,no allergy records,real,A,real,heart_failure|hypertension|thromboembolic_cv,endocrine_metabolic|hematologic_coagulation|infectious|other|pulmonary,8,26,0,322,6,True,True,True,True,True,True,True,10,17,0.9233,matched_external_modality,no allergy records
case-000755,eligible_with_warning,no allergy records; no cardiac biomarker (troponin/BNP) recorded,real,A,real,cardiac_surgery|hypertension,infectious|musculoskeletal|neurologic|oncologic|other,7,26,0,112,6,True,True,True,True,True,True,True,12,22,0.9233,matched_external_modality,no allergy records;no cardiac biomarker (troponin/BNP) recorded
case-000756,eligible_with_warning,no allergy records,real,A,real,hypotension|shock,hematologic_coagulation|infectious|neurologic|pulmonary|renal,7,25,0,57,6,True,True,True,True,True,True,True,1,17,0.9233,matched_external_modality,no allergy records
case-000757,eligible_with_warning,no allergy records,real,A,real,heart_failure|hypertension,endocrine_metabolic|hematologic_coagulation|infectious|oncologic|pulmonary,7,25,0,308,6,True,True,True,True,True,True,True,8,10,0.9233,matched_external_modality,no allergy records
case-000758,eligible_with_warning,no allergy records,real,A,real,hypertension|myocardial_infarction_acs,gastrointestinal|hematologic_coagulation|musculoskeletal|neurologic|pulmonary,7,25,0,37,6,True,True,True,True,True,True,True,13,22,0.9233,matched_external_modality,no allergy records
case-000759,eligible_with_warning,no allergy records,real,A,real,hypertension|other_arrhythmia|tachycardia|thromboembolic_cv,endocrine_metabolic|gastrointestinal|hematologic_coagulation|oncologic|pulmonary,9,24,0,40,6,True,True,True,True,True,True,True,13,19,0.9233,matched_external_modality,no allergy records
case-000760,eligible_with_warning,no allergy records,real,A,real,hypertension|myocardial_infarction_acs,endocrine_metabolic|gastrointestinal|hematologic_coagulation|neurologic|pulmonary,7,24,0,57,6,True,True,True,True,True,True,True,9,16,0.9233,matched_external_modality,no allergy records
case-000761,eligible_with_warning,no allergy records; no cardiac biomarker (troponin/BNP) recorded,real,A,real,atrial_fibrillation|hypertension|other_arrhythmia,endocrine_metabolic|hematologic_coagulation|neurologic|oncologic|pulmonary,8,23,0,118,6,True,True,True,True,True,True,True,12,19,0.9233,matched_external_modality,no allergy records;no cardiac biomarker (troponin/BNP) recorded
case-000762,eligible_with_warning,no allergy records; no cardiac biomarker (troponin/BNP) recorded,real,A,real,myocardial_infarction_acs|shock,hematologic_coagulation|infectious|neurologic|oncologic|pulmonary,7,23,0,264,6,True,True,True,True,True,True,True,1,2,0.8513,matched_external_modality,no allergy records;no cardiac biomarker (troponin/BNP) recorded
case-000763,eligible_with_warning,no allergy records; no cardiac biomarker (troponin/BNP) recorded,real,A,real,atrial_fibrillation|heart_failure|hypertension|other_arrhythmia|shock,endocrine_metabolic|hematologic_coagulation|other|pulmonary|renal,10,22,0,325,6,True,True,True,True,True,True,True,9,13,0.9233,matched_external_modality,no allergy records;no cardiac biomarker (troponin/BNP) recorded
case-000764,eligible_with_warning,no allergy records; no cardiac biomarker (troponin/BNP) recorded,real,A,real,cardiac_surgery|coronary_artery_disease|hypertension|shock,gastrointestinal|hematologic_coagulation|neurologic|pulmonary|renal,9,21,0,139,6,True,True,True,True,True,True,True,9,18,0.9233,matched_external_modality,no allergy records;no cardiac biomarker (troponin/BNP) recorded
case-000765,eligible_with_warning,no allergy records,real,A,real,myocardial_infarction_acs|thromboembolic_cv,endocrine_metabolic|hematologic_coagulation|infectious|neurologic|pulmonary,7,21,0,88,6,True,True,True,True,True,True,True,14,17,0.9233,matched_external_modality,no allergy records
case-000766,eligible_with_warning,no allergy records,real,A,real,cardiomyopathy|heart_failure|myocardial_infarction_acs|thromboembolic_cv,endocrine_metabolic|hematologic_coagulation|musculoskeletal|neurologic|pulmonary,9,18,0,26,6,True,True,True,True,True,True,True,1,9,0.9233,matched_external_modality,no allergy records
case-000767,eligible_with_warning,no allergy records; no cardiac biomarker (troponin/BNP) recorded,real,A,real,atrial_fibrillation|bradycardia|heart_block|hypertension|other_arrhythmia|thromboembolic_cv,allergy_immunologic|endocrine_metabolic|hematologic_coagulation|neurologic|pulmonary,11,18,0,58,6,True,True,True,True,True,True,True,11,13,0.9233,matched_external_modality,no allergy records;no cardiac biomarker (troponin/BNP) recorded
case-000768,eligible_with_warning,no allergy records; no cardiac biomarker (troponin/BNP) recorded,real,A,real,atrial_fibrillation|hypertension|other_arrhythmia|thromboembolic_cv,endocrine_metabolic|gastrointestinal|hematologic_coagulation|neurologic|pulmonary,9,18,0,24,5,True,True,True,True,True,True,True,7,12,0.9067,matched_external_modality,no allergy records;no cardiac biomarker (troponin/BNP) recorded
case-000769,eligible_with_warning,no allergy records; no cardiac biomarker (troponin/BNP) recorded,real,A,real,hypertension,allergy_immunologic|endocrine_metabolic|gastrointestinal|neurologic|pulmonary,6,17,0,15,6,True,True,True,True,True,True,True,11,14,0.8333,matched_external_modality,no allergy records;no cardiac biomarker (troponin/BNP) recorded
case-000770,eligible_with_warning,no allergy records,real,A,real,hypertension|myocardial_infarction_acs,endocrine_metabolic|hematologic_coagulation|infectious|neurologic|other,7,17,0,94,4,True,True,True,True,True,True,True,8,9,0.89,matched_external_modality,no allergy records
case-000771,eligible_with_warning,no allergy records; no cardiac biomarker (troponin/BNP) recorded,real,A,real,cardiac_surgery|heart_block|myocardial_infarction_acs|thromboembolic_cv,endocrine_metabolic|gastrointestinal|hematologic_coagulation|hepatic|renal,9,16,0,103,6,True,True,True,True,True,True,True,4,7,0.9233,matched_external_modality,no allergy records;no cardiac biomarker (troponin/BNP) recorded
case-000772,eligible_with_warning,no allergy records; no cardiac biomarker (troponin/BNP) recorded,real,A,real,thromboembolic_cv,hematologic_coagulation|neurologic|other|psychiatric|renal,6,16,0,126,6,True,True,True,True,True,True,True,1,1,0.7373,matched_external_modality,no allergy records;no cardiac biomarker (troponin/BNP) recorded
case-000773,eligible_with_warning,no allergy records,real,A,real,hypertension,hematologic_coagulation|musculoskeletal|neurologic|oncologic|pulmonary,6,16,0,54,6,True,True,True,True,True,True,True,8,15,0.8333,matched_external_modality,no allergy records
case-000774,eligible_with_warning,no allergy records,real,A,real,hypertension,gastrointestinal|hematologic_coagulation|neurologic|other|psychiatric,6,16,0,50,6,True,True,True,True,True,True,True,5,12,0.8333,matched_external_modality,no allergy records
case-000775,eligible_with_warning,no allergy records; no cardiac biomarker (troponin/BNP) recorded,real,A,real,atrial_fibrillation|hypertension|myocardial_infarction_acs|other_arrhythmia,endocrine_metabolic|gastrointestinal|hematologic_coagulation|pulmonary|renal,9,15,0,109,6,True,True,True,True,True,True,True,5,9,0.9233,matched_external_modality,no allergy records;no cardiac biomarker (troponin/BNP) recorded
case-000776,eligible_with_warning,no allergy records; no cardiac biomarker (troponin/BNP) recorded,real,A,real,hypertension|thromboembolic_cv,endocrine_metabolic|gastrointestinal|hematologic_coagulation|infectious|renal,7,15,0,147,6,True,True,True,True,True,True,True,1,1,0.8273,matched_external_modality,no allergy records;no cardiac biomarker (troponin/BNP) recorded
case-000777,eligible_with_warning,no allergy records,real,A,real,heart_block|heart_failure|hypertension|hypotension|shock,hematologic_coagulation|infectious|oncologic|pulmonary|renal,10,14,0,33,6,True,True,True,True,True,True,True,2,8,0.9233,matched_external_modality,no allergy records
case-000778,eligible_with_warning,no allergy records; no cardiac biomarker (troponin/BNP) recorded,real,A,real,hypertension,endocrine_metabolic|hematologic_coagulation|infectious|pulmonary|renal,6,14,0,18,6,True,True,True,True,True,True,True,3,13,0.8333,matched_external_modality,no allergy records;no cardiac biomarker (troponin/BNP) recorded
case-000779,eligible_with_warning,no allergy records; no cardiac biomarker (troponin/BNP) recorded,real,A,real,cardiac_surgery|heart_block|myocardial_infarction_acs,gastrointestinal|hematologic_coagulation|hepatic|neurologic|other,8,14,0,126,6,True,True,True,True,True,True,True,2,7,0.9233,matched_external_modality,no allergy records;no cardiac biomarker (troponin/BNP) recorded
case-000780,eligible_with_warning,no allergy records,real,A,real,atrial_fibrillation|heart_block|hypertension|other_arrhythmia,endocrine_metabolic|hematologic_coagulation|infectious|neurologic|renal,9,13,0,131,7,True,True,True,True,True,True,True,1,13,0.94,matched_external_modality,no allergy records
case-000781,eligible_with_warning,no allergy records; no cardiac biomarker (troponin/BNP) recorded,real,A,real,cardiac_arrest|hypertension,endocrine_metabolic|gastrointestinal|hepatic|neurologic|psychiatric,7,13,0,56,6,True,True,True,True,True,True,True,8,12,0.9233,matched_external_modality,no allergy records;no cardiac biomarker (troponin/BNP) recorded
case-000782,eligible_with_warning,no allergy records,real,A,real,atrial_fibrillation|hypertension|hypotension|other_arrhythmia|shock|thromboembolic_cv,gastrointestinal|hematologic_coagulation|infectious|oncologic|pulmonary,11,13,0,148,6,True,True,True,True,True,True,True,2,3,0.8753,matched_external_modality,no allergy records
case-000783,eligible_with_warning,no allergy records,real,A,real,hypertension,endocrine_metabolic|infectious|neurologic|other|psychiatric,6,13,0,64,6,True,True,True,True,True,True,True,7,10,0.8333,matched_external_modality,no allergy records
case-000784,eligible_with_warning,no allergy records,real,A,real,hypotension|myocardial_infarction_acs|shock,gastrointestinal|hematologic_coagulation|infectious|oncologic|renal,8,12,0,70,6,True,True,True,True,True,True,True,2,6,0.9233,matched_external_modality,no allergy records
case-000785,eligible_with_warning,no allergy records,real,A,real,hypertension|other_arrhythmia|thromboembolic_cv,gastrointestinal|hematologic_coagulation|hepatic|neurologic|pulmonary,8,11,0,42,5,True,True,True,True,True,True,True,5,8,0.9067,matched_external_modality,no allergy records
case-000786,eligible_with_warning,no allergy records,real,A,real,heart_failure,endocrine_metabolic|hematologic_coagulation|neurologic|other|pulmonary,6,11,0,46,6,True,True,True,True,True,True,True,8,11,0.8333,matched_external_modality,no allergy records
case-000787,eligible_with_warning,no allergy records,real,A,real,hypotension|shock,gastrointestinal|hematologic_coagulation|infectious|pulmonary|renal,7,9,0,188,6,True,True,True,True,True,True,True,2,6,0.9233,matched_external_modality,no allergy records
case-000788,eligible_with_warning,no allergy records,real,A,real,atrial_fibrillation|cardiac_arrest|hypertension|hypotension|other_arrhythmia|shock,gastrointestinal|hematologic_coagulation|neurologic|pulmonary|renal,11,8,0,122,7,True,True,True,True,True,True,True,4,5,0.94,matched_external_modality,no allergy records
case-000789,eligible_with_warning,no allergy records; no cardiac biomarker (troponin/BNP) recorded,real,A,real,heart_failure|hypertension|thromboembolic_cv|valvular_disease,endocrine_metabolic|hematologic_coagulation|musculoskeletal|pulmonary|renal,9,8,0,117,6,True,True,True,True,True,True,True,2,8,0.9233,matched_external_modality,no allergy records;no cardiac biomarker (troponin/BNP) recorded
case-000790,eligible_with_warning,no allergy records,real,A,real,cardiac_surgery|heart_failure|hypotension|shock|thromboembolic_cv,endocrine_metabolic|hematologic_coagulation|infectious|neurologic|pulmonary,10,8,0,80,6,True,True,True,True,True,True,True,2,8,0.9233,matched_external_modality,no allergy records
case-000791,eligible_with_warning,no allergy records; no cardiac biomarker (troponin/BNP) recorded,real,A,real,hypertension|thromboembolic_cv,allergy_immunologic|gastrointestinal|hematologic_coagulation|neurologic|pulmonary,7,8,0,84,6,True,True,True,True,True,True,True,4,8,0.9233,matched_external_modality,no allergy records;no cardiac biomarker (troponin/BNP) recorded
case-000792,eligible_with_warning,no allergy records,real,A,real,hypotension|shock,endocrine_metabolic|gastrointestinal|hematologic_coagulation|infectious|pulmonary,7,5,0,108,6,True,True,True,True,True,True,True,1,3,0.8753,matched_external_modality,no allergy records
case-000793,eligible_with_warning,no cardiac biomarker (troponin/BNP) recorded,real,A,real,cardiac_surgery|hypertension,endocrine_metabolic|hematologic_coagulation|oncologic|pulmonary|renal,7,3,2,87,6,True,True,True,True,True,True,True,2,2,0.9113,matched_external_modality,no cardiac biomarker (troponin/BNP) recorded
case-000794,eligible_with_warning,no cardiac biomarker (troponin/BNP) recorded,real,A,real,thromboembolic_cv,endocrine_metabolic|gastrointestinal|hematologic_coagulation|neurologic|pulmonary,6,3,1,85,6,True,True,True,True,True,True,True,1,3,0.8453,matched_external_modality,no cardiac biomarker (troponin/BNP) recorded
case-000795,eligible_with_warning,no allergy records,real,A,real,heart_failure|other_arrhythmia,endocrine_metabolic|neurologic|pulmonary|renal,6,365,0,363,6,True,True,True,True,True,True,True,31,43,0.9233,matched_external_modality,no allergy records
case-000796,eligible_with_warning,no allergy records,real,A,real,thromboembolic_cv,gastrointestinal|hematologic_coagulation|pulmonary|renal,5,288,0,408,6,True,True,True,True,True,True,True,8,29,0.8333,matched_external_modality,no allergy records
case-000797,eligible_with_warning,no allergy records,real,A,real,hypertension|hypotension|myocardial_infarction_acs|shock,hematologic_coagulation|infectious|neurologic|pulmonary,8,285,0,439,7,True,True,True,True,True,True,True,17,36,0.94,matched_external_modality,no allergy records
case-000798,eligible_with_warning,no allergy records,real,A,real,atrial_fibrillation|heart_failure|hypotension|other_arrhythmia|shock|tachycardia,hematologic_coagulation|oncologic|pulmonary|renal,10,272,0,713,6,True,True,True,True,True,True,True,4,4,0.8993,matched_external_modality,no allergy records
case-000799,eligible_with_warning,no allergy records; no cardiac biomarker (troponin/BNP) recorded,real,A,real,cardiac_surgery|heart_failure|myocardial_infarction_acs|pci|shock,endocrine_metabolic|hematologic_coagulation|pulmonary|renal,9,203,0,482,6,True,True,True,True,True,True,True,31,58,0.9233,matched_external_modality,no allergy records;no cardiac biomarker (troponin/BNP) recorded
case-000800,eligible_with_warning,no allergy records; no cardiac biomarker (troponin/BNP) recorded,real,A,real,thromboembolic_cv,gastrointestinal|hematologic_coagulation|neurologic|pulmonary,5,148,0,175,6,True,True,True,True,True,True,True,4,4,0.8093,matched_external_modality,no allergy records;no cardiac biomarker (troponin/BNP) recorded
case-000801,eligible_with_warning,no allergy records,real,A,real,atrial_fibrillation|bradycardia|hypertension|other_arrhythmia|valvular_disease,endocrine_metabolic|gastrointestinal|hematologic_coagulation|neurologic,9,147,0,478,6,True,True,True,True,True,True,True,17,39,0.9233,matched_external_modality,no allergy records
case-000802,eligible_with_warning,no allergy records,real,A,real,cardiac_surgery|hypotension|shock,endocrine_metabolic|hematologic_coagulation|infectious|pulmonary,7,146,0,269,6,True,True,True,True,True,True,True,24,43,0.9233,matched_external_modality,no allergy records
case-000803,eligible_with_warning,no allergy records,real,A,real,atrial_fibrillation|hypotension|other_arrhythmia|shock,endocrine_metabolic|hematologic_coagulation|infectious|renal,8,143,0,452,6,True,True,True,True,True,True,True,23,39,0.9233,matched_external_modality,no allergy records
case-000804,eligible_with_warning,no allergy records; no cardiac biomarker (troponin/BNP) recorded,real,A,real,cardiac_surgery|hypertension|valvular_disease,endocrine_metabolic|hematologic_coagulation|other|pulmonary,7,139,0,83,5,True,True,True,True,True,True,True,18,44,0.9067,matched_external_modality,no allergy records;no cardiac biomarker (troponin/BNP) recorded
case-000805,eligible_with_warning,no allergy records; no cardiac biomarker (troponin/BNP) recorded,real,A,real,bradycardia|heart_block|hypertension|hypotension|myocardial_infarction_acs|other_arrhythmia|shock|thromboembolic_cv|valvular_disease,hematologic_coagulation|infectious|pulmonary|renal,13,128,0,178,6,True,True,True,True,True,True,True,12,25,0.9233,matched_external_modality,no allergy records;no cardiac biomarker (troponin/BNP) recorded
case-000806,eligible_with_warning,no allergy records,real,A,real,hypertension,endocrine_metabolic|infectious|pulmonary|renal,5,115,0,328,6,True,True,True,True,True,True,True,4,33,0.8333,matched_external_modality,no allergy records
case-000807,eligible_with_warning,no allergy records; no cardiac biomarker (troponin/BNP) recorded,real,A,real,cardiac_surgery|hypertension|myocardial_infarction_acs|pci|thromboembolic_cv,endocrine_metabolic|infectious|pulmonary|renal,9,107,0,551,6,True,True,True,True,True,True,True,29,41,0.9233,matched_external_modality,no allergy records;no cardiac biomarker (troponin/BNP) recorded
case-000808,eligible_with_warning,no allergy records; no cardiac biomarker (troponin/BNP) recorded,real,A,real,atrial_fibrillation|coronary_artery_disease|hypotension|myocardial_infarction_acs|other_arrhythmia|shock|thromboembolic_cv,gastrointestinal|hematologic_coagulation|infectious|pulmonary,11,104,0,273,6,True,True,True,True,True,True,True,26,45,0.9233,matched_external_modality,no allergy records;no cardiac biomarker (troponin/BNP) recorded
case-000809,eligible_with_warning,no allergy records; no cardiac biomarker (troponin/BNP) recorded,real,A,real,thromboembolic_cv,endocrine_metabolic|neurologic|obstetric|other,5,98,0,167,4,True,True,True,True,True,True,True,11,18,0.8,matched_external_modality,no allergy records;no cardiac biomarker (troponin/BNP) recorded
case-000810,eligible_with_warning,no allergy records,real,A,real,cardiac_arrest|hypertension|shock,hematologic_coagulation|neurologic|pulmonary|renal,7,96,0,272,5,True,True,True,True,True,True,True,9,25,0.9067,matched_external_modality,no allergy records
case-000811,eligible_with_warning,no allergy records,real,A,real,atrial_fibrillation|cardiac_arrest|other_arrhythmia,hematologic_coagulation|infectious|pulmonary|renal,7,86,0,112,6,True,True,True,True,True,True,True,5,21,0.9233,matched_external_modality,no allergy records
case-000812,eligible_with_warning,no allergy records,real,A,real,hypertension|hypotension|shock,gastrointestinal|hematologic_coagulation|hepatic|pulmonary,7,86,0,223,6,True,True,True,True,True,True,True,9,25,0.9233,matched_external_modality,no allergy records
case-000813,eligible_with_warning,no allergy records,real,A,real,hypertension|valvular_disease,endocrine_metabolic|hematologic_coagulation|musculoskeletal|neurologic,6,80,0,407,6,True,True,True,True,True,True,True,18,29,0.9233,matched_external_modality,no allergy records
case-000814,eligible_with_warning,no allergy records,real,A,real,hypertension|myocardial_infarction_acs|shock,hematologic_coagulation|infectious|pulmonary|renal,7,77,0,38,6,True,True,True,True,True,True,True,5,14,0.9233,matched_external_modality,no allergy records
case-000815,eligible_with_warning,no allergy records,real,A,real,hypertension|hypotension|myocardial_infarction_acs|shock|thromboembolic_cv,gastrointestinal|hematologic_coagulation|infectious|renal,9,63,0,97,6,True,True,True,True,True,True,True,11,24,0.9233,matched_external_modality,no allergy records
case-000816,eligible_with_warning,no allergy records,real,A,real,heart_block|heart_failure|hypertension|myocardial_infarction_acs,endocrine_metabolic|gastrointestinal|hematologic_coagulation|infectious,8,63,0,209,6,True,True,True,True,True,True,True,20,32,0.9233,matched_external_modality,no allergy records
case-000817,eligible_with_warning,no allergy records,real,A,real,myocardial_infarction_acs|shock,hematologic_coagulation|oncologic|pulmonary|renal,6,62,0,515,7,True,True,True,True,True,True,True,10,13,0.94,matched_external_modality,no allergy records
case-000818,eligible_with_warning,no allergy records,real,A,real,heart_failure|myocardial_infarction_acs,hematologic_coagulation|infectious|oncologic|pulmonary,6,61,0,206,6,True,True,True,True,True,True,True,19,33,0.9233,matched_external_modality,no allergy records
case-000819,eligible_with_warning,no allergy records,real,A,real,hypertension|thromboembolic_cv,endocrine_metabolic|gastrointestinal|hematologic_coagulation|neurologic,6,55,0,147,6,True,True,True,True,True,True,True,18,28,0.9233,matched_external_modality,no allergy records
case-000820,eligible_with_warning,no allergy records,real,A,real,atrial_fibrillation|other_arrhythmia|thromboembolic_cv,hematologic_coagulation|infectious|oncologic|renal,7,53,0,106,6,True,True,True,True,True,True,True,3,17,0.9233,matched_external_modality,no allergy records
case-000821,eligible_with_warning,no allergy records; no cardiac biomarker (troponin/BNP) recorded,real,A,real,hypotension|shock|thromboembolic_cv,hematologic_coagulation|infectious|oncologic|pulmonary,7,53,0,211,7,True,True,True,True,True,True,True,15,28,0.94,matched_external_modality,no allergy records;no cardiac biomarker (troponin/BNP) recorded
case-000822,eligible_with_warning,no allergy records; no cardiac biomarker (troponin/BNP) recorded,real,A,real,atrial_fibrillation|other_arrhythmia|valvular_disease,endocrine_metabolic|neurologic|pulmonary|renal,7,50,0,22,6,True,True,True,True,True,True,True,23,35,0.9233,matched_external_modality,no allergy records;no cardiac biomarker (troponin/BNP) recorded
case-000823,eligible_with_warning,no allergy records,real,A,real,cardiac_arrest|hypertension,endocrine_metabolic|hematologic_coagulation|neurologic|pulmonary,6,50,0,269,6,True,True,True,True,True,True,True,13,22,0.9233,matched_external_modality,no allergy records
case-000824,eligible_with_warning,no allergy records,real,A,real,heart_failure|hypotension|shock,endocrine_metabolic|hematologic_coagulation|infectious|pulmonary,7,50,0,218,6,True,True,True,True,True,True,True,24,32,0.9233,matched_external_modality,no allergy records
case-000825,eligible_with_warning,no allergy records,real,A,real,cardiac_arrest|cardiac_surgery|heart_failure|other_arrhythmia|tachycardia,endocrine_metabolic|oncologic|pulmonary|renal,9,49,0,140,6,True,True,True,True,True,True,True,12,20,0.9233,matched_external_modality,no allergy records
case-000826,eligible_with_warning,no allergy records; no cardiac biomarker (troponin/BNP) recorded,real,A,real,cardiac_surgery|hypertension|valvular_disease,infectious|other|pulmonary|renal,7,49,0,433,6,True,True,True,True,True,True,True,20,31,0.9233,matched_external_modality,no allergy records;no cardiac biomarker (troponin/BNP) recorded
case-000827,eligible_with_warning,no allergy records,real,A,real,atrial_fibrillation|heart_block|heart_failure|hypertension|myocardial_infarction_acs|other_arrhythmia|thromboembolic_cv,gastrointestinal|hematologic_coagulation|infectious|neurologic,11,49,0,99,6,True,True,True,True,True,True,True,19,41,0.9233,matched_external_modality,no allergy records
case-000828,eligible_with_warning,no allergy records,real,A,real,other_arrhythmia|tachycardia|valvular_disease,endocrine_metabolic|hematologic_coagulation|infectious|pulmonary,7,48,0,376,6,True,True,True,True,True,True,True,15,25,0.9233,matched_external_modality,no allergy records
case-000829,eligible_with_warning,no allergy records,real,A,real,hypertension,hematologic_coagulation|infectious|other|pulmonary,5,48,0,253,6,True,True,True,True,True,True,True,19,26,0.8333,matched_external_modality,no allergy records
case-000830,eligible_with_warning,no allergy records,real,A,real,hypertension,endocrine_metabolic|neurologic|pulmonary|renal,5,47,0,93,6,True,True,True,True,True,True,True,13,26,0.8333,matched_external_modality,no allergy records
case-000831,eligible_with_warning,no allergy records,real,A,real,hypertension,endocrine_metabolic|gastrointestinal|hematologic_coagulation|hepatic,5,45,0,140,6,True,True,True,True,True,True,True,5,23,0.8333,matched_external_modality,no allergy records
case-000832,eligible_with_warning,no allergy records; no cardiac biomarker (troponin/BNP) recorded,real,A,real,hypertension,endocrine_metabolic|gastrointestinal|hematologic_coagulation|neurologic,5,44,0,127,6,True,True,True,True,True,True,True,8,12,0.8333,matched_external_modality,no allergy records;no cardiac biomarker (troponin/BNP) recorded
case-000833,eligible_with_warning,no allergy records; no cardiac biomarker (troponin/BNP) recorded,real,A,real,hypertension,endocrine_metabolic|gastrointestinal|hematologic_coagulation|renal,5,43,0,33,6,True,True,True,True,True,True,True,3,8,0.8333,matched_external_modality,no allergy records;no cardiac biomarker (troponin/BNP) recorded
case-000834,eligible_with_warning,no allergy records,real,A,real,cardiac_surgery|heart_failure|hypertension|myocardial_infarction_acs,hematologic_coagulation|neurologic|oncologic|pulmonary,8,40,0,153,6,True,True,True,True,True,True,True,11,25,0.9233,matched_external_modality,no allergy records
case-000835,eligible_with_warning,no allergy records,real,A,real,cardiac_arrest|myocardial_infarction_acs|other_arrhythmia|pci|shock,hematologic_coagulation|neurologic|pulmonary|renal,9,39,0,335,7,True,True,True,True,True,True,True,24,28,0.94,matched_external_modality,no allergy records
case-000836,eligible_with_warning,no allergy records,real,A,real,atrial_fibrillation|hypertension|other_arrhythmia|thromboembolic_cv,gastrointestinal|hematologic_coagulation|oncologic|pulmonary,8,37,0,144,6,True,True,True,True,True,True,True,11,17,0.9233,matched_external_modality,no allergy records
case-000837,eligible_with_warning,no allergy records; no cardiac biomarker (troponin/BNP) recorded,real,A,real,thromboembolic_cv,endocrine_metabolic|obstetric|other|renal,5,34,0,77,4,True,True,True,True,True,True,True,2,8,0.8,matched_external_modality,no allergy records;no cardiac biomarker (troponin/BNP) recorded
case-000838,eligible_with_warning,no allergy records,real,A,real,heart_failure|hypertension|thromboembolic_cv,endocrine_metabolic|gastrointestinal|hematologic_coagulation|other,7,34,0,185,6,True,True,True,True,True,True,True,14,26,0.9233,matched_external_modality,no allergy records
case-000839,eligible_with_warning,no allergy records; no cardiac biomarker (troponin/BNP) recorded,real,A,real,cardiac_surgery|hypertension,endocrine_metabolic|hematologic_coagulation|infectious|pulmonary,6,33,0,115,6,True,True,True,True,True,True,True,10,25,0.9233,matched_external_modality,no allergy records;no cardiac biomarker (troponin/BNP) recorded
case-000840,eligible_with_warning,no allergy records,real,A,real,atrial_fibrillation|heart_failure|hypertension|other_arrhythmia,endocrine_metabolic|gastrointestinal|hematologic_coagulation|renal,8,31,0,251,6,True,True,True,True,True,True,True,2,4,0.8993,matched_external_modality,no allergy records
case-000841,eligible_with_warning,no allergy records,real,A,real,cardiac_surgery|heart_failure|hypertension|hypotension|shock,endocrine_metabolic|hematologic_coagulation|oncologic|renal,9,31,0,65,6,True,True,True,True,True,True,True,16,21,0.9233,matched_external_modality,no allergy records
case-000842,eligible_with_warning,no allergy records; no cardiac biomarker (troponin/BNP) recorded,real,A,real,hypertension,endocrine_metabolic|gastrointestinal|hematologic_coagulation|renal,5,31,0,55,6,True,True,True,True,True,True,True,3,8,0.8333,matched_external_modality,no allergy records;no cardiac biomarker (troponin/BNP) recorded
case-000843,eligible_with_warning,no allergy records,real,A,real,hypertension|thromboembolic_cv,gastrointestinal|hematologic_coagulation|neurologic|psychiatric,6,31,0,67,6,True,True,True,True,True,True,True,3,15,0.9233,matched_external_modality,no allergy records
case-000844,eligible_with_warning,no allergy records; no cardiac biomarker (troponin/BNP) recorded,real,A,real,atrial_fibrillation|cardiac_surgery|coronary_artery_disease|hypertension|myocardial_infarction_acs|other_arrhythmia|thromboembolic_cv,endocrine_metabolic|gastrointestinal|hematologic_coagulation|other,11,30,0,49,6,True,True,True,True,True,True,True,1,5,0.9233,matched_external_modality,no allergy records;no cardiac biomarker (troponin/BNP) recorded
case-000845,eligible_with_warning,no allergy records,real,A,real,cardiac_surgery|hypertension|myocardial_infarction_acs,endocrine_metabolic|neurologic|pulmonary|renal,7,29,0,196,6,True,True,True,True,True,True,True,13,20,0.9233,matched_external_modality,no allergy records
case-000846,eligible_with_warning,no allergy records,real,A,real,myocardial_infarction_acs|thromboembolic_cv,hematologic_coagulation|infectious|oncologic|pulmonary,6,28,0,161,6,True,True,True,True,True,True,True,8,16,0.9233,matched_external_modality,no allergy records
case-000847,eligible_with_warning,no allergy records,real,A,real,coronary_artery_disease|heart_block|heart_failure|hypertension|myocardial_infarction_acs,endocrine_metabolic|gastrointestinal|hematologic_coagulation|renal,9,27,0,46,6,True,True,True,True,True,True,True,2,17,0.9233,matched_external_modality,no allergy records
case-000848,eligible_with_warning,no allergy records,real,A,real,hypertension,endocrine_metabolic|hematologic_coagulation|infectious|pulmonary,5,27,0,70,5,True,True,True,True,True,True,True,12,21,0.8167,matched_external_modality,no allergy records
case-000849,eligible_with_warning,no allergy records; no cardiac biomarker (troponin/BNP) recorded,real,A,real,hypertension|hypotension|shock,endocrine_metabolic|gastrointestinal|hematologic_coagulation|infectious,7,27,0,55,6,True,True,True,True,True,True,True,10,23,0.9233,matched_external_modality,no allergy records;no cardiac biomarker (troponin/BNP) recorded
case-000850,eligible_with_warning,no allergy records,real,A,real,heart_failure|hypertension|myocardial_infarction_acs,endocrine_metabolic|hematologic_coagulation|pulmonary|renal,7,26,0,70,6,True,True,True,True,True,True,True,13,22,0.9233,matched_external_modality,no allergy records
case-000851,eligible_with_warning,no allergy records,real,A,real,atrial_fibrillation|other_arrhythmia|thromboembolic_cv,hematologic_coagulation|neurologic|oncologic|renal,7,25,0,94,6,True,True,True,True,True,True,True,2,2,0.8513,matched_external_modality,no allergy records
case-000852,eligible_with_warning,no allergy records,real,A,real,heart_failure|hypertension|hypotension|shock,endocrine_metabolic|hematologic_coagulation|infectious|pulmonary,8,25,0,299,5,True,True,True,True,True,True,True,5,13,0.9067,matched_external_modality,no allergy records
case-000853,eligible_with_warning,no allergy records; no cardiac biomarker (troponin/BNP) recorded,real,A,real,heart_failure|hypertension|thromboembolic_cv,endocrine_metabolic|gastrointestinal|hematologic_coagulation|renal,7,24,0,82,6,True,True,True,True,True,True,True,7,11,0.9233,matched_external_modality,no allergy records;no cardiac biomarker (troponin/BNP) recorded
case-000854,eligible_with_warning,no allergy records,real,A,real,atrial_fibrillation|hypertension|other_arrhythmia,endocrine_metabolic|gastrointestinal|hematologic_coagulation|pulmonary,7,24,0,40,6,True,True,True,True,True,True,True,4,16,0.9233,matched_external_modality,no allergy records
case-000855,eligible_with_warning,no allergy records; no cardiac biomarker (troponin/BNP) recorded,real,A,real,hypertension,gastrointestinal|hematologic_coagulation|infectious|psychiatric,5,23,0,99,6,True,True,True,True,True,True,True,8,18,0.8333,matched_external_modality,no allergy records;no cardiac biomarker (troponin/BNP) recorded
case-000856,eligible_with_warning,no allergy records,real,A,real,heart_failure|myocardial_infarction_acs,hematologic_coagulation|infectious|oncologic|pulmonary,6,22,0,102,6,True,True,True,True,True,True,True,15,22,0.9233,matched_external_modality,no allergy records
case-000857,eligible_with_warning,no allergy records; no_medication_label_evidence,real,A,real,thromboembolic_cv,hematologic_coagulation|infectious|neurologic|pulmonary,5,22,0,175,6,True,True,True,True,True,True,False,0,1,0.7373,matched_external_modality,no allergy records;no_medication_label_evidence
case-000858,eligible_with_warning,no allergy records,real,A,real,cardiac_arrest|hypertension,endocrine_metabolic|gastrointestinal|neurologic|pulmonary,6,22,0,202,6,True,True,True,True,True,True,True,7,12,0.9233,matched_external_modality,no allergy records
case-000859,eligible_with_warning,no allergy records,real,A,real,cardiac_surgery|coronary_artery_disease|heart_failure|hypertension|hypotension|myocardial_infarction_acs|shock|thromboembolic_cv,endocrine_metabolic|hematologic_coagulation|infectious|pulmonary,12,22,0,44,6,True,True,True,True,True,True,True,10,18,0.9233,matched_external_modality,no allergy records
case-000860,eligible_with_warning,no allergy records,real,A,real,cardiac_surgery|coronary_artery_disease|hypertension|myocardial_infarction_acs|thromboembolic_cv,endocrine_metabolic|gastrointestinal|hematologic_coagulation|other,9,22,0,74,6,True,True,True,True,True,True,True,4,16,0.9233,matched_external_modality,no allergy records
case-000861,eligible_with_warning,no allergy records; no cardiac biomarker (troponin/BNP) recorded,real,A,real,atrial_fibrillation|heart_block|hypertension|other_arrhythmia,endocrine_metabolic|hematologic_coagulation|neurologic|renal,8,21,0,165,6,True,True,True,True,True,True,True,9,16,0.9233,matched_external_modality,no allergy records;no cardiac biomarker (troponin/BNP) recorded
case-000862,eligible_with_warning,no allergy records,real,A,real,hypertension|myocardial_infarction_acs,endocrine_metabolic|gastrointestinal|hematologic_coagulation|renal,6,20,0,76,6,True,True,True,True,True,True,True,10,11,0.9233,matched_external_modality,no allergy records
case-000863,eligible_with_warning,no allergy records; no cardiac biomarker (troponin/BNP) recorded,real,A,real,hypotension|shock,gastrointestinal|hematologic_coagulation|hepatic|infectious,6,20,0,25,6,True,True,True,True,True,True,True,6,13,0.9233,matched_external_modality,no allergy records;no cardiac biomarker (troponin/BNP) recorded
case-000864,eligible_with_warning,no allergy records,real,A,real,atrial_fibrillation|other_arrhythmia|thromboembolic_cv,hematologic_coagulation|infectious|neurologic|pulmonary,7,18,0,62,6,True,True,True,True,True,True,True,6,9,0.9233,matched_external_modality,no allergy records
case-000865,eligible_with_warning,no allergy records; no cardiac biomarker (troponin/BNP) recorded,real,A,real,hypertension,gastrointestinal|hematologic_coagulation|oncologic|pulmonary,5,18,0,71,6,True,True,True,True,True,True,True,10,14,0.8333,matched_external_modality,no allergy records;no cardiac biomarker (troponin/BNP) recorded
case-000866,eligible_with_warning,no allergy records; no_medication_label_evidence,real,A,real,cardiac_surgery|hypertension|myocardial_infarction_acs,endocrine_metabolic|hematologic_coagulation|pulmonary|renal,7,17,0,241,5,True,True,True,True,True,True,False,0,2,0.8347,matched_external_modality,no allergy records;no_medication_label_evidence
case-000867,eligible_with_warning,no allergy records; no cardiac biomarker (troponin/BNP) recorded,real,A,real,heart_block|heart_failure|hypertension|thromboembolic_cv,endocrine_metabolic|hematologic_coagulation|pulmonary|renal,8,17,0,113,6,True,True,True,True,True,True,True,7,17,0.9233,matched_external_modality,no allergy records;no cardiac biomarker (troponin/BNP) recorded
case-000868,eligible_with_warning,no allergy records; no cardiac biomarker (troponin/BNP) recorded,real,A,real,hypotension|shock,gastrointestinal|hematologic_coagulation|hepatic|infectious,6,17,0,146,5,True,True,True,True,True,True,True,9,12,0.9067,matched_external_modality,no allergy records;no cardiac biomarker (troponin/BNP) recorded
case-000869,eligible_with_warning,no allergy records; no cardiac biomarker (troponin/BNP) recorded,real,A,real,hypertension|pci|thromboembolic_cv,endocrine_metabolic|gastrointestinal|hematologic_coagulation|neurologic,7,16,0,14,6,True,True,True,True,True,True,True,10,15,0.9233,matched_external_modality,no allergy records;no cardiac biomarker (troponin/BNP) recorded
case-000870,eligible_with_warning,no allergy records,real,A,real,hypertension,neurologic|other|psychiatric|pulmonary,5,15,0,80,6,True,True,True,True,True,True,True,7,13,0.8333,matched_external_modality,no allergy records
case-000871,eligible_with_warning,no allergy records; no cardiac biomarker (troponin/BNP) recorded,real,A,real,shock,endocrine_metabolic|hematologic_coagulation|pulmonary|renal,5,14,0,68,7,True,True,True,True,True,True,True,1,1,0.754,matched_external_modality,no allergy records;no cardiac biomarker (troponin/BNP) recorded
case-000872,eligible_with_warning,no allergy records,real,A,real,thromboembolic_cv,neurologic|other|psychiatric|pulmonary,5,14,0,38,6,True,True,True,True,True,True,True,7,9,0.8333,matched_external_modality,no allergy records
case-000873,eligible_with_warning,no allergy records; no cardiac biomarker (troponin/BNP) recorded,real,A,real,hypertension|hypotension|shock,hematologic_coagulation|infectious|pulmonary|renal,7,13,0,75,6,True,True,True,True,True,True,True,5,9,0.9233,matched_external_modality,no allergy records;no cardiac biomarker (troponin/BNP) recorded
case-000874,eligible_with_warning,no allergy records; no cardiac biomarker (troponin/BNP) recorded,real,A,real,hypertension|hypotension|shock,hematologic_coagulation|infectious|oncologic|renal,7,12,0,82,6,True,True,True,True,True,True,True,4,8,0.9233,matched_external_modality,no allergy records;no cardiac biomarker (troponin/BNP) recorded
case-000875,eligible_with_warning,no allergy records; no_medication_label_evidence,real,A,real,hypertension|myocardial_infarction_acs,endocrine_metabolic|gastrointestinal|hematologic_coagulation|infectious,6,12,0,62,6,True,True,True,True,True,True,False,0,1,0.8273,matched_external_modality,no allergy records;no_medication_label_evidence
case-000876,eligible_with_warning,no allergy records; no cardiac biomarker (troponin/BNP) recorded,real,A,real,thromboembolic_cv,hematologic_coagulation|neurologic|pulmonary|renal,5,11,0,132,6,True,True,True,True,True,True,True,1,1,0.7373,matched_external_modality,no allergy records;no cardiac biomarker (troponin/BNP) recorded
case-000877,eligible_with_warning,no allergy records; no cardiac biomarker (troponin/BNP) recorded,real,A,real,atrial_fibrillation|heart_failure|hypertension|other_arrhythmia|thromboembolic_cv|valvular_disease,gastrointestinal|hematologic_coagulation|neurologic|renal,10,11,0,58,6,True,True,True,True,True,True,True,3,8,0.9233,matched_external_modality,no allergy records;no cardiac biomarker (troponin/BNP) recorded
case-000878,eligible_with_warning,no allergy records,real,A,real,hypertension,endocrine_metabolic|gastrointestinal|hematologic_coagulation|hepatic,5,10,0,25,6,True,True,True,True,True,True,True,5,9,0.8333,matched_external_modality,no allergy records
case-000879,eligible_with_warning,no allergy records; no cardiac biomarker (troponin/BNP) recorded,real,A,real,bradycardia|cardiac_arrest|heart_block|hypertension|other_arrhythmia|shock,endocrine_metabolic|hepatic|infectious|neurologic,10,10,0,37,6,True,True,True,True,True,True,True,5,8,0.9233,matched_external_modality,no allergy records;no cardiac biomarker (troponin/BNP) recorded
case-000880,eligible_with_warning,no allergy records,real,A,real,heart_block|hypertension|other_arrhythmia|shock|tachycardia|valvular_disease,endocrine_metabolic|hematologic_coagulation|neurologic|renal,10,9,0,69,6,True,True,True,True,True,True,True,2,3,0.8753,matched_external_modality,no allergy records
case-000881,eligible_with_warning,no allergy records,real,A,real,atrial_fibrillation|hypertension|other_arrhythmia,hematologic_coagulation|infectious|oncologic|pulmonary,7,9,0,145,5,True,True,True,True,True,True,True,6,7,0.9067,matched_external_modality,no allergy records
case-000882,eligible_with_warning,no allergy records; no cardiac biomarker (troponin/BNP) recorded,real,A,real,thromboembolic_cv,gastrointestinal|hematologic_coagulation|musculoskeletal|neurologic,5,9,0,32,6,True,True,True,True,True,True,True,4,8,0.8333,matched_external_modality,no allergy records;no cardiac biomarker (troponin/BNP) recorded
case-000883,eligible_with_warning,no allergy records,real,A,real,cardiac_surgery|hypertension,endocrine_metabolic|gastrointestinal|hematologic_coagulation|neurologic,6,8,0,123,6,True,True,True,True,True,True,True,4,8,0.9233,matched_external_modality,no allergy records
case-000884,eligible_with_warning,no allergy records; no cardiac biomarker (troponin/BNP) recorded,real,A,real,hypertension,endocrine_metabolic|hematologic_coagulation|musculoskeletal|neurologic,5,8,0,38,6,True,True,True,True,True,True,True,4,6,0.8333,matched_external_modality,no allergy records;no cardiac biomarker (troponin/BNP) recorded
case-000885,eligible_with_warning,no allergy records; no cardiac biomarker (troponin/BNP) recorded,real,A,real,heart_block|hypertension,gastrointestinal|oncologic|other|renal,6,5,0,209,6,True,True,True,True,True,True,True,1,5,0.9233,matched_external_modality,no allergy records;no cardiac biomarker (troponin/BNP) recorded
case-000886,eligible_with_warning,no allergy records,real,A,real,hypertension|hypotension|shock,endocrine_metabolic|gastrointestinal|hematologic_coagulation|infectious,7,5,0,107,5,True,True,True,True,True,True,True,1,5,0.9067,matched_external_modality,no allergy records
case-000887,eligible_with_warning,no allergy records; no cardiac biomarker (troponin/BNP) recorded,real,A,real,hypotension|shock,gastrointestinal|hematologic_coagulation|pulmonary,5,723,0,563,6,True,True,True,True,True,True,True,2,10,0.9233,matched_external_modality,no allergy records;no cardiac biomarker (troponin/BNP) recorded
case-000888,eligible_with_warning,no allergy records; no cardiac biomarker (troponin/BNP) recorded,real,A,real,cardiac_arrest|cardiac_surgery|other_arrhythmia|shock,hematologic_coagulation|neurologic|pulmonary,7,427,0,317,6,True,True,True,True,True,True,True,35,55,0.9233,matched_external_modality,no allergy records;no cardiac biomarker (troponin/BNP) recorded
case-000889,eligible_with_warning,no allergy records,real,A,real,cardiac_arrest|heart_failure|shock,hematologic_coagulation|pulmonary|renal,6,356,0,257,6,True,True,True,True,True,True,True,16,35,0.9233,matched_external_modality,no allergy records
case-000890,eligible_with_warning,no allergy records,real,A,real,cardiac_arrest|other_arrhythmia,hematologic_coagulation|neurologic|pulmonary,5,310,0,215,6,True,True,True,True,True,True,True,23,31,0.9233,matched_external_modality,no allergy records
case-000891,eligible_with_warning,no allergy records,real,A,real,heart_failure|hypotension|myocardial_infarction_acs|other_arrhythmia|shock,hematologic_coagulation|pulmonary|renal,8,301,0,184,6,True,True,True,True,True,True,True,2,5,0.9233,matched_external_modality,no allergy records
case-000892,eligible_with_warning,no allergy records,real,A,real,cardiac_surgery|heart_block|heart_failure|hypertension|myocardial_infarction_acs|shock,other|pulmonary|renal,9,230,0,352,7,True,True,True,True,True,True,True,32,45,0.94,matched_external_modality,no allergy records
case-000893,eligible_with_warning,no allergy records; no cardiac biomarker (troponin/BNP) recorded,real,A,real,hypertension|myocardial_infarction_acs|thromboembolic_cv,hematologic_coagulation|infectious|pulmonary,6,220,0,345,6,True,True,True,True,True,True,True,32,44,0.9233,matched_external_modality,no allergy records;no cardiac biomarker (troponin/BNP) recorded
case-000894,eligible_with_warning,no allergy records,real,A,real,hypertension,hematologic_coagulation|neurologic|pulmonary,4,158,0,287,6,True,True,True,True,True,True,True,20,40,0.8333,matched_external_modality,no allergy records
case-000895,eligible_with_warning,no allergy records,real,A,real,hypertension|myocardial_infarction_acs|other_arrhythmia|valvular_disease,hematologic_coagulation|neurologic|pulmonary,7,112,0,242,6,True,True,True,True,True,True,True,9,24,0.9233,matched_external_modality,no allergy records
case-000896,eligible_with_warning,no allergy records,real,A,real,cardiac_surgery|myocardial_infarction_acs|pci,endocrine_metabolic|hematologic_coagulation|pulmonary,6,103,0,221,6,True,True,True,True,True,True,True,30,51,0.9233,matched_external_modality,no allergy records
case-000897,eligible_with_warning,no allergy records,real,A,real,atrial_fibrillation|hypertension|hypotension|other_arrhythmia|shock,hematologic_coagulation|infectious|renal,8,102,0,97,6,True,True,True,True,True,True,True,13,25,0.9233,matched_external_modality,no allergy records
case-000898,eligible_with_warning,no allergy records,real,A,real,cardiac_surgery|myocardial_infarction_acs|shock|valvular_disease,endocrine_metabolic|hematologic_coagulation|pulmonary,7,95,0,201,6,True,True,True,True,True,True,True,33,50,0.9233,matched_external_modality,no allergy records
case-000899,eligible_with_warning,no allergy records,real,A,real,cardiac_arrest|cardiac_surgery|hypertension|shock|valvular_disease,hematologic_coagulation|pulmonary|renal,8,85,0,964,6,True,True,True,True,True,True,True,23,37,0.9233,matched_external_modality,no allergy records
case-000900,eligible_with_warning,no allergy records,real,A,real,hypertension,hematologic_coagulation|infectious|pulmonary,4,81,0,115,6,True,True,True,True,True,True,True,20,34,0.8333,matched_external_modality,no allergy records
case-000901,eligible_with_warning,no allergy records,real,A,real,heart_failure|valvular_disease,endocrine_metabolic|hematologic_coagulation|pulmonary,5,64,0,101,6,True,True,True,True,True,True,True,20,36,0.9233,matched_external_modality,no allergy records
case-000902,eligible_with_warning,no allergy records,real,A,real,cardiac_arrest|hypertension|other_arrhythmia,hematologic_coagulation|neurologic|pulmonary,6,61,0,92,6,True,True,True,True,True,True,True,17,30,0.9233,matched_external_modality,no allergy records
case-000903,eligible_with_warning,no allergy records,real,A,real,hypertension|shock,hematologic_coagulation|musculoskeletal|renal,5,58,0,179,6,True,True,True,True,True,True,True,15,31,0.9233,matched_external_modality,no allergy records
case-000904,eligible_with_warning,no allergy records; no cardiac biomarker (troponin/BNP) recorded,real,A,real,heart_failure|hypertension|myocardial_infarction_acs,endocrine_metabolic|hematologic_coagulation|pulmonary,6,52,0,105,6,True,True,True,True,True,True,True,8,14,0.9233,matched_external_modality,no allergy records;no cardiac biomarker (troponin/BNP) recorded
case-000905,eligible_with_warning,no allergy records; no cardiac biomarker (troponin/BNP) recorded,real,A,real,hypertension,endocrine_metabolic|hematologic_coagulation|renal,4,49,0,485,6,True,True,True,True,True,True,True,16,26,0.8333,matched_external_modality,no allergy records;no cardiac biomarker (troponin/BNP) recorded
case-000906,eligible_with_warning,no allergy records,real,A,real,heart_failure|hypertension|myocardial_infarction_acs,endocrine_metabolic|hematologic_coagulation|pulmonary,6,47,0,99,6,True,True,True,True,True,True,True,12,21,0.9233,matched_external_modality,no allergy records
case-000907,eligible_with_warning,no allergy records,real,A,real,hypertension|thromboembolic_cv,endocrine_metabolic|gastrointestinal|hematologic_coagulation,5,47,0,459,6,True,True,True,True,True,True,True,11,25,0.9233,matched_external_modality,no allergy records
case-000908,eligible_with_warning,no allergy records,real,A,real,heart_block|hypotension|myocardial_infarction_acs|shock,hematologic_coagulation|infectious|pulmonary,7,45,0,107,6,True,True,True,True,True,True,True,13,23,0.9233,matched_external_modality,no allergy records
case-000909,eligible_with_warning,no allergy records; no cardiac biomarker (troponin/BNP) recorded,real,A,real,hypertension,hematologic_coagulation|oncologic|pulmonary,4,43,0,43,5,True,True,True,True,True,True,True,17,30,0.8167,matched_external_modality,no allergy records;no cardiac biomarker (troponin/BNP) recorded
case-000910,eligible_with_warning,no allergy records,real,A,real,hypertension|hypotension|shock,infectious|pulmonary|renal,6,41,0,47,6,True,True,True,True,True,True,True,8,16,0.9233,matched_external_modality,no allergy records
case-000911,eligible_with_warning,no allergy records; no cardiac biomarker (troponin/BNP) recorded,real,A,real,heart_failure,endocrine_metabolic|neurologic|renal,4,39,0,105,6,True,True,True,True,True,True,True,17,37,0.8333,matched_external_modality,no allergy records;no cardiac biomarker (troponin/BNP) recorded
case-000912,eligible_with_warning,no allergy records,real,A,real,cardiomyopathy|coronary_artery_disease|heart_failure|hypertension,endocrine_metabolic|hematologic_coagulation|musculoskeletal,7,38,0,54,6,True,True,True,True,True,True,True,15,23,0.9233,matched_external_modality,no allergy records
case-000913,eligible_with_warning,no allergy records; no cardiac biomarker (troponin/BNP) recorded,real,A,real,hypertension,endocrine_metabolic|gastrointestinal|other,4,38,0,70,6,True,True,True,True,True,True,True,13,20,0.8333,matched_external_modality,no allergy records;no cardiac biomarker (troponin/BNP) recorded
case-000914,eligible_with_warning,no allergy records,real,A,real,hypertension|myocardial_infarction_acs,endocrine_metabolic|hematologic_coagulation|pulmonary,5,37,0,41,6,True,True,True,True,True,True,True,18,31,0.9233,matched_external_modality,no allergy records
case-000915,eligible_with_warning,no allergy records; no cardiac biomarker (troponin/BNP) recorded,real,A,real,heart_failure,hematologic_coagulation|neurologic|pulmonary,4,37,0,466,6,True,True,True,True,True,True,True,11,15,0.8333,matched_external_modality,no allergy records;no cardiac biomarker (troponin/BNP) recorded
case-000916,eligible_with_warning,no allergy records; no cardiac biomarker (troponin/BNP) recorded,real,A,real,hypertension,endocrine_metabolic|hematologic_coagulation|renal,4,34,0,89,6,True,True,True,True,True,True,True,6,8,0.8333,matched_external_modality,no allergy records;no cardiac biomarker (troponin/BNP) recorded
case-000917,eligible_with_warning,no allergy records; no cardiac biomarker (troponin/BNP) recorded,real,A,real,cardiac_surgery|coronary_artery_disease|hypertension|myocardial_infarction_acs|pci,endocrine_metabolic|gastrointestinal|pulmonary,8,34,0,237,7,True,True,True,True,True,True,True,13,23,0.94,matched_external_modality,no allergy records;no cardiac biomarker (troponin/BNP) recorded
case-000918,eligible_with_warning,no allergy records; no cardiac biomarker (troponin/BNP) recorded,real,A,real,cardiac_surgery|hypertension|shock|valvular_disease,other|pulmonary|renal,7,33,0,238,7,True,True,True,True,True,True,True,7,8,0.94,matched_external_modality,no allergy records;no cardiac biomarker (troponin/BNP) recorded
case-000919,eligible_with_warning,no allergy records,real,A,real,atrial_fibrillation|cardiac_surgery|hypertension|other_arrhythmia,endocrine_metabolic|oncologic|pulmonary,7,33,0,211,6,True,True,True,True,True,True,True,17,18,0.9233,matched_external_modality,no allergy records
case-000920,eligible_with_warning,no allergy records; no cardiac biomarker (troponin/BNP) recorded,real,A,real,heart_failure|hypertension,hematologic_coagulation|pulmonary|renal,5,32,0,39,6,True,True,True,True,True,True,True,14,23,0.9233,matched_external_modality,no allergy records;no cardiac biomarker (troponin/BNP) recorded
case-000921,eligible_with_warning,no allergy records,real,A,real,atrial_fibrillation|heart_failure|hypertension|myocardial_infarction_acs|other_arrhythmia,endocrine_metabolic|hematologic_coagulation|oncologic,8,32,0,74,6,True,True,True,True,True,True,True,11,29,0.9233,matched_external_modality,no allergy records
case-000922,eligible_with_warning,no allergy records,real,A,real,cardiac_arrest|heart_failure|hypertension|thromboembolic_cv,hematologic_coagulation|other|pulmonary,7,31,0,113,6,True,True,True,True,True,True,True,10,17,0.9233,matched_external_modality,no allergy records
case-000923,eligible_with_warning,no allergy records; no cardiac biomarker (troponin/BNP) recorded,real,A,real,cardiac_surgery|heart_failure|hypertension|myocardial_infarction_acs|pci,endocrine_metabolic|neurologic|pulmonary,8,31,0,260,7,True,True,True,True,True,True,True,7,8,0.94,matched_external_modality,no allergy records;no cardiac biomarker (troponin/BNP) recorded
case-000924,eligible_with_warning,no allergy records,real,A,real,cardiac_arrest|coronary_artery_disease|myocardial_infarction_acs|other_arrhythmia|thromboembolic_cv,hematologic_coagulation|neurologic|pulmonary,8,30,0,99,6,True,True,True,True,True,True,True,2,2,0.8513,matched_external_modality,no allergy records
case-000925,eligible_with_warning,no allergy records,real,A,real,myocardial_infarction_acs,endocrine_metabolic|hematologic_coagulation|pulmonary,4,28,0,35,6,True,True,True,True,True,True,True,5,7,0.8333,matched_external_modality,no allergy records
case-000926,eligible_with_warning,no allergy records,real,A,real,cardiac_surgery|coronary_artery_disease|hypertension|myocardial_infarction_acs,endocrine_metabolic|gastrointestinal|hematologic_coagulation,7,27,0,65,6,True,True,True,True,True,True,True,9,12,0.9233,matched_external_modality,no allergy records
case-000927,eligible_with_warning,no allergy records,real,A,real,heart_failure|hypertension,hematologic_coagulation|neurologic|pulmonary,5,25,0,80,6,True,True,True,True,True,True,True,2,18,0.9233,matched_external_modality,no allergy records
case-000928,eligible_with_warning,no allergy records; no cardiac biomarker (troponin/BNP) recorded,real,A,real,thromboembolic_cv,endocrine_metabolic|gastrointestinal|hematologic_coagulation,4,23,0,99,6,True,True,True,True,True,True,True,8,11,0.8333,matched_external_modality,no allergy records;no cardiac biomarker (troponin/BNP) recorded
case-000929,eligible_with_warning,no allergy records; no cardiac biomarker (troponin/BNP) recorded,real,A,real,hypertension|thromboembolic_cv,gastrointestinal|hematologic_coagulation|neurologic,5,22,0,79,5,True,True,True,True,True,True,True,10,16,0.9067,matched_external_modality,no allergy records;no cardiac biomarker (troponin/BNP) recorded
case-000930,eligible_with_warning,no allergy records,real,A,real,atrial_fibrillation|heart_failure|hypertension|other_arrhythmia,gastrointestinal|hematologic_coagulation|pulmonary,7,20,0,52,6,True,True,True,True,True,True,True,4,13,0.9233,matched_external_modality,no allergy records
case-000931,eligible_with_warning,no allergy records; no cardiac biomarker (troponin/BNP) recorded,real,A,real,atrial_fibrillation|other_arrhythmia,endocrine_metabolic|gastrointestinal|hematologic_coagulation,5,20,0,39,6,True,True,True,True,True,True,True,5,5,0.9233,matched_external_modality,no allergy records;no cardiac biomarker (troponin/BNP) recorded
case-000932,eligible_with_warning,no allergy records,real,A,real,hypertension|myocardial_infarction_acs,endocrine_metabolic|hematologic_coagulation|pulmonary,5,18,0,40,6,True,True,True,True,True,True,True,9,15,0.9233,matched_external_modality,no allergy records
case-000933,eligible_with_warning,no allergy records; no cardiac biomarker (troponin/BNP) recorded,real,A,real,coronary_artery_disease|hypertension|thromboembolic_cv,endocrine_metabolic|gastrointestinal|hematologic_coagulation,6,17,0,59,6,True,True,True,True,True,True,True,6,12,0.9233,matched_external_modality,no allergy records;no cardiac biomarker (troponin/BNP) recorded
case-000934,eligible_with_warning,no allergy records; no cardiac biomarker (troponin/BNP) recorded,real,A,real,hypotension|shock,infectious|pulmonary|renal,5,15,0,39,6,True,True,True,True,True,True,True,7,11,0.9233,matched_external_modality,no allergy records;no cardiac biomarker (troponin/BNP) recorded
case-000935,eligible_with_warning,no allergy records; no cardiac biomarker (troponin/BNP) recorded; no_medication_label_evidence,real,A,real,cardiac_arrest|heart_failure,hematologic_coagulation|pulmonary|renal,5,14,0,44,6,True,True,True,True,True,True,False,0,1,0.8273,matched_external_modality,no allergy records;no cardiac biomarker (troponin/BNP) recorded;no_medication_label_evidence
case-000936,eligible_with_warning,no allergy records; no cardiac biomarker (troponin/BNP) recorded,real,A,real,cardiomyopathy|heart_failure|hypertension|myocardial_infarction_acs|other_arrhythmia|tachycardia|valvular_disease,endocrine_metabolic|musculoskeletal|renal,10,14,0,71,7,True,True,True,True,True,True,True,3,4,0.916,matched_external_modality,no allergy records;no cardiac biomarker (troponin/BNP) recorded
case-000937,eligible_with_warning,no allergy records,real,A,real,hypertension|thromboembolic_cv,gastrointestinal|hematologic_coagulation|pulmonary,5,14,0,162,6,True,True,True,True,True,True,True,5,7,0.9233,matched_external_modality,no allergy records
case-000938,eligible_with_warning,no allergy records,real,A,real,hypertension|myocardial_infarction_acs,hematologic_coagulation|infectious|pulmonary,5,14,0,49,6,True,True,True,True,True,True,True,8,13,0.9233,matched_external_modality,no allergy records
case-000939,eligible_with_warning,no allergy records,real,A,real,hypertension|thromboembolic_cv,gastrointestinal|hematologic_coagulation|pulmonary,5,14,0,71,6,True,True,True,True,True,True,True,2,14,0.9233,matched_external_modality,no allergy records
case-000940,eligible_with_warning,no allergy records,real,A,real,hypertension|myocardial_infarction_acs,gastrointestinal|hematologic_coagulation|pulmonary,5,13,0,37,6,True,True,True,True,True,True,True,7,10,0.9233,matched_external_modality,no allergy records
case-000941,eligible_with_warning,no allergy records,real,A,real,heart_failure|valvular_disease,endocrine_metabolic|hematologic_coagulation|pulmonary,5,13,0,52,6,True,True,True,True,True,True,True,3,10,0.9233,matched_external_modality,no allergy records
case-000942,eligible_with_warning,no allergy records,real,A,real,atrial_fibrillation|heart_failure|hypotension|other_arrhythmia|shock,endocrine_metabolic|gastrointestinal|hematologic_coagulation,8,13,0,101,6,True,True,True,True,True,True,True,7,9,0.9233,matched_external_modality,no allergy records
case-000943,eligible_with_warning,no allergy records; no_medication_label_evidence,real,A,real,atrial_fibrillation|hypertension|other_arrhythmia,hematologic_coagulation|pulmonary|renal,6,11,0,70,6,True,True,True,True,True,True,False,0,6,0.9233,matched_external_modality,no allergy records;no_medication_label_evidence
case-000944,eligible_with_warning,no allergy records; no cardiac biomarker (troponin/BNP) recorded,real,A,real,thromboembolic_cv,endocrine_metabolic|infectious|pulmonary,4,10,0,143,6,True,True,True,True,True,True,True,5,8,0.8333,matched_external_modality,no allergy records;no cardiac biomarker (troponin/BNP) recorded
case-000945,eligible_with_warning,no allergy records,real,A,real,atrial_fibrillation|hypertension|other_arrhythmia,hematologic_coagulation|neurologic|oncologic,6,10,0,60,6,True,True,True,True,True,True,True,9,10,0.9233,matched_external_modality,no allergy records
case-000946,eligible_with_warning,no allergy records; no cardiac biomarker (troponin/BNP) recorded,real,A,real,thromboembolic_cv,gastrointestinal|hematologic_coagulation|neurologic,4,10,0,64,6,True,True,True,True,True,True,True,5,7,0.8333,matched_external_modality,no allergy records;no cardiac biomarker (troponin/BNP) recorded
case-000947,eligible_with_warning,no allergy records; no cardiac biomarker (troponin/BNP) recorded,real,A,real,atrial_fibrillation|hypertension|other_arrhythmia,hematologic_coagulation|other|renal,6,9,0,28,6,True,True,True,True,True,True,True,1,1,0.8273,matched_external_modality,no allergy records;no cardiac biomarker (troponin/BNP) recorded
case-000948,eligible_with_warning,no allergy records,real,A,real,coronary_artery_disease|hypertension|myocardial_infarction_acs,endocrine_metabolic|hematologic_coagulation|pulmonary,6,8,0,59,5,True,True,True,True,True,True,True,3,8,0.9067,matched_external_modality,no allergy records
case-000949,eligible_with_warning,no allergy records,real,A,real,heart_block|hypertension|myocardial_infarction_acs,endocrine_metabolic|hematologic_coagulation|neurologic,6,8,0,31,4,True,True,True,True,True,True,True,4,8,0.89,matched_external_modality,no allergy records
case-000950,eligible_with_warning,no allergy records; no cardiac biomarker (troponin/BNP) recorded,real,A,real,hypertension,hematologic_coagulation|musculoskeletal|neurologic,4,7,0,22,6,True,True,True,True,True,True,True,7,7,0.8333,matched_external_modality,no allergy records;no cardiac biomarker (troponin/BNP) recorded
case-000951,eligible_with_warning,no allergy records,real,A,real,atrial_fibrillation|hypertension|hypotension|other_arrhythmia|shock,hematologic_coagulation|musculoskeletal|neurologic,8,6,0,33,6,True,True,True,True,True,True,True,3,4,0.8993,matched_external_modality,no allergy records
case-000952,eligible_with_warning,no allergy records; no cardiac biomarker (troponin/BNP) recorded,real,A,real,atrial_fibrillation|myocardial_infarction_acs|other_arrhythmia,gastrointestinal|hematologic_coagulation|renal,6,5,0,35,6,True,True,True,True,True,True,True,1,4,0.8993,matched_external_modality,no allergy records;no cardiac biomarker (troponin/BNP) recorded
case-000953,eligible_with_warning,no allergy records; no cardiac biomarker (troponin/BNP) recorded; no_medication_label_evidence,real,A,real,hypertension,endocrine_metabolic|other|pulmonary,4,5,0,21,6,True,True,True,True,True,True,False,0,5,0.8333,matched_external_modality,no allergy records;no cardiac biomarker (troponin/BNP) recorded;no_medication_label_evidence
case-000954,eligible_with_warning,no allergy records; no cardiac biomarker (troponin/BNP) recorded,real,A,real,hypertension|myocardial_infarction_acs|thromboembolic_cv|valvular_disease,gastrointestinal|hematologic_coagulation|oncologic,7,5,0,38,6,True,True,True,True,True,True,True,2,3,0.8753,matched_external_modality,no allergy records;no cardiac biomarker (troponin/BNP) recorded
case-000955,eligible,,real,A,real,hypertension,hematologic_coagulation|other|pulmonary,4,3,3,45,6,True,True,True,True,True,True,True,2,3,0.8453,matched_external_modality,
case-000956,eligible,,real,A,real,atrial_fibrillation|hypertension|hypotension|other_arrhythmia|shock,gastrointestinal|hematologic_coagulation|neurologic|oncologic|other|pulmonary|renal,12,72,3,496,6,True,True,True,True,True,True,True,4,29,0.9367,matched_external_modality,
case-000957,eligible_with_warning,no cardiac biomarker (troponin/BNP) recorded,real,A,real,cardiac_surgery|coronary_artery_disease|hypertension,endocrine_metabolic|gastrointestinal|hematologic_coagulation|pulmonary|renal,8,25,1,134,6,True,True,True,True,True,True,True,8,12,0.9367,matched_external_modality,no cardiac biomarker (troponin/BNP) recorded
case-000958,eligible_with_warning,no cardiac biomarker (troponin/BNP) recorded,real,A,real,hypertension,infectious|neurologic|other|psychiatric|pulmonary,6,13,4,22,6,True,True,True,True,True,True,True,2,11,0.8467,matched_external_modality,no cardiac biomarker (troponin/BNP) recorded
case-000959,eligible_with_warning,no cardiac biomarker (troponin/BNP) recorded,real,A,real,cardiac_surgery,endocrine_metabolic|hematologic_coagulation|other|renal,5,59,1,245,6,True,True,True,True,True,True,True,17,35,0.8467,matched_external_modality,no cardiac biomarker (troponin/BNP) recorded
case-000960,eligible_with_warning,no cardiac biomarker (troponin/BNP) recorded,real,A,real,heart_block,endocrine_metabolic|hematologic_coagulation|neurologic|oncologic,5,42,2,55,5,True,True,True,True,True,True,True,8,23,0.83,matched_external_modality,no cardiac biomarker (troponin/BNP) recorded
case-000961,eligible_with_warning,no cardiac biomarker (troponin/BNP) recorded,real,A,real,cardiac_surgery|heart_failure|hypertension|thromboembolic_cv,endocrine_metabolic|neurologic|pulmonary|renal,8,37,8,82,6,True,True,True,True,True,True,True,5,28,0.9367,matched_external_modality,no cardiac biomarker (troponin/BNP) recorded
case-000962,eligible,,real,A,real,heart_failure|hypertension,neurologic|other|pulmonary|renal,6,28,1,34,5,True,True,True,True,True,True,True,13,20,0.92,matched_external_modality,
case-000963,eligible,,real,A,real,heart_failure|hypertension,endocrine_metabolic|hematologic_coagulation|infectious|pulmonary,6,27,1,82,6,True,True,True,True,True,True,True,5,18,0.9367,matched_external_modality,
case-000964,eligible,,real,A,real,atrial_fibrillation|heart_failure|other_arrhythmia,endocrine_metabolic|hematologic_coagulation|oncologic|pulmonary,7,21,2,72,6,True,True,True,True,True,True,True,3,18,0.9367,matched_external_modality,
case-000965,eligible,,real,A,real,atrial_fibrillation|hypertension|other_arrhythmia|thromboembolic_cv,endocrine_metabolic|gastrointestinal|hematologic_coagulation|pulmonary,8,20,1,41,5,True,True,True,True,True,True,True,10,15,0.92,matched_external_modality,
case-000966,eligible_with_warning,no cardiac biomarker (troponin/BNP) recorded,real,A,real,cardiac_arrest|hypertension,endocrine_metabolic|hepatic|neurologic|pulmonary,6,17,3,40,6,True,True,True,True,True,True,True,9,11,0.9367,matched_external_modality,no cardiac biomarker (troponin/BNP) recorded
case-000967,eligible_with_warning,no cardiac biomarker (troponin/BNP) recorded,real,A,real,shock,neurologic|other|psychiatric|pulmonary,5,10,1,34,6,True,True,True,True,True,True,True,7,10,0.8467,matched_external_modality,no cardiac biomarker (troponin/BNP) recorded
case-000968,eligible_with_warning,no cardiac biomarker (troponin/BNP) recorded,real,A,real,hypotension|shock,infectious|neurologic|pulmonary|renal,6,9,2,44,6,True,True,True,True,True,True,True,5,8,0.9367,matched_external_modality,no cardiac biomarker (troponin/BNP) recorded
case-000969,eligible_with_warning,no cardiac biomarker (troponin/BNP) recorded,real,A,real,heart_failure|hypertension|hypotension|shock,hematologic_coagulation|infectious|oncologic|pulmonary,8,8,4,28,6,True,True,True,True,True,True,True,5,6,0.9367,matched_external_modality,no cardiac biomarker (troponin/BNP) recorded
case-000970,eligible_with_warning,no cardiac biomarker (troponin/BNP) recorded,real,A,real,cardiac_surgery,allergy_immunologic|musculoskeletal|pulmonary,4,105,1,182,6,True,True,True,True,True,True,True,19,60,0.8467,matched_external_modality,no cardiac biomarker (troponin/BNP) recorded
case-000971,eligible,,real,A,real,cardiac_surgery|hypertension|myocardial_infarction_acs,neurologic|other|pulmonary,6,94,4,125,6,True,True,True,True,True,True,True,15,44,0.9367,matched_external_modality,
case-000972,eligible_with_warning,no cardiac biomarker (troponin/BNP) recorded,real,A,real,thromboembolic_cv,musculoskeletal|neurologic|pulmonary,4,50,4,180,6,True,True,True,True,True,True,True,17,28,0.8467,matched_external_modality,no cardiac biomarker (troponin/BNP) recorded
case-000973,eligible,,real,A,real,cardiac_arrest|heart_failure,neurologic|other|pulmonary,5,45,1,64,6,True,True,True,True,True,True,True,11,17,0.9367,matched_external_modality,
case-000974,eligible_with_warning,no cardiac biomarker (troponin/BNP) recorded,real,A,real,hypertension,gastrointestinal|neurologic|psychiatric,4,38,1,72,6,True,True,True,True,True,True,True,4,9,0.8467,matched_external_modality,no cardiac biomarker (troponin/BNP) recorded
case-000975,eligible_with_warning,no cardiac biomarker (troponin/BNP) recorded,real,A,real,atrial_fibrillation|other_arrhythmia,endocrine_metabolic|gastrointestinal|neurologic,5,36,3,33,6,True,True,True,True,True,True,True,15,25,0.9367,matched_external_modality,no cardiac biomarker (troponin/BNP) recorded
case-000976,eligible,,real,A,real,heart_block|heart_failure|hypertension|myocardial_infarction_acs,endocrine_metabolic|hematologic_coagulation|other,7,31,1,216,6,True,True,True,True,True,True,True,13,21,0.9367,matched_external_modality,
case-000977,eligible_with_warning,no cardiac biomarker (troponin/BNP) recorded,real,A,real,hypertension,gastrointestinal|hematologic_coagulation|oncologic,4,25,2,40,6,True,True,True,True,True,True,True,4,19,0.8467,matched_external_modality,no cardiac biomarker (troponin/BNP) recorded
case-000978,eligible_with_warning,no cardiac biomarker (troponin/BNP) recorded,real,A,real,hypertension,endocrine_metabolic|gastrointestinal|renal,4,23,1,101,5,True,True,True,True,True,True,True,10,16,0.83,matched_external_modality,no cardiac biomarker (troponin/BNP) recorded
case-000979,eligible,,real,A,real,heart_failure|hypertension|thromboembolic_cv,hematologic_coagulation|infectious|pulmonary,6,20,1,106,6,True,True,True,True,True,True,True,2,13,0.9367,matched_external_modality,
case-000980,eligible,,real,A,real,cardiac_arrest|hypertension,endocrine_metabolic|hematologic_coagulation|pulmonary,5,15,2,62,6,True,True,True,True,True,True,True,7,11,0.9367,matched_external_modality,
case-000981,eligible_with_warning,no cardiac biomarker (troponin/BNP) recorded,real,A,real,hypotension|shock,endocrine_metabolic|hematologic_coagulation|renal,5,8,6,37,6,True,True,True,True,True,True,True,3,7,0.9367,matched_external_modality,no cardiac biomarker (troponin/BNP) recorded
case-000982,eligible,,real,A,real,cardiac_surgery|shock,pulmonary|renal,4,115,1,240,6,True,True,True,True,True,True,True,28,46,0.9333,matched_external_modality,
case-000983,eligible,,real,A,real,hypertension,endocrine_metabolic|gastrointestinal,3,89,2,215,6,True,True,True,True,True,True,True,9,28,0.8433,matched_external_modality,
case-000984,eligible,,real,A,real,coronary_artery_disease|hypertension|myocardial_infarction_acs|pci,endocrine_metabolic|hematologic_coagulation,6,82,2,183,6,True,True,True,True,True,True,True,22,41,0.9333,matched_external_modality,
case-000985,eligible,,real,A,real,hypertension|myocardial_infarction_acs,endocrine_metabolic|hematologic_coagulation,4,52,1,156,6,True,True,True,True,True,True,True,23,37,0.9333,matched_external_modality,
case-000986,eligible_with_warning,no cardiac biomarker (troponin/BNP) recorded,real,A,real,hypertension,gastrointestinal|hematologic_coagulation,3,48,16,108,6,True,True,True,True,True,True,True,13,23,0.8433,matched_external_modality,no cardiac biomarker (troponin/BNP) recorded
case-000987,eligible,,real,A,real,cardiac_surgery|hypertension,endocrine_metabolic|neurologic,4,46,3,320,6,True,True,True,True,True,True,True,15,28,0.9333,matched_external_modality,
case-000988,eligible,,real,A,real,atrial_fibrillation|heart_block|hypertension|other_arrhythmia,neurologic|pulmonary,6,42,2,109,6,True,True,True,True,True,True,True,13,22,0.9333,matched_external_modality,
case-000989,eligible,,real,A,real,atrial_fibrillation|hypertension|other_arrhythmia,gastrointestinal|neurologic,5,40,8,240,6,True,True,True,True,True,True,True,13,21,0.9333,matched_external_modality,
case-000990,eligible,,real,A,real,hypertension|myocardial_infarction_acs,endocrine_metabolic|hematologic_coagulation,4,38,2,246,6,True,True,True,True,True,True,True,14,28,0.9333,matched_external_modality,
case-000991,eligible,,real,A,real,hypertension|thromboembolic_cv,hematologic_coagulation|pulmonary,4,31,2,44,6,True,True,True,True,True,True,True,9,17,0.9333,matched_external_modality,
case-000992,eligible,,real,A,real,myocardial_infarction_acs,endocrine_metabolic|hematologic_coagulation,3,30,10,53,6,True,True,True,True,True,True,True,11,19,0.8433,matched_external_modality,
case-000993,eligible,,real,A,real,heart_failure|hypertension,neurologic|renal,4,29,1,31,5,True,True,True,True,True,True,True,13,20,0.9167,matched_external_modality,
case-000994,eligible,,real,A,real,heart_block|heart_failure|hypertension|other_arrhythmia,neurologic|pulmonary,6,29,9,112,6,True,True,True,True,True,True,True,7,20,0.9333,matched_external_modality,
case-000995,eligible,,real,A,real,hypertension|myocardial_infarction_acs,hematologic_coagulation|oncologic,4,27,2,28,5,True,True,True,True,True,True,True,10,14,0.9167,matched_external_modality,
case-000996,eligible,,real,A,real,hypertension|myocardial_infarction_acs|other_arrhythmia,endocrine_metabolic|hematologic_coagulation,5,26,1,132,5,True,True,True,True,True,True,True,14,19,0.9167,matched_external_modality,
case-000997,eligible,,real,A,real,heart_failure|hypertension|other_arrhythmia,neurologic|renal,5,25,1,29,5,True,True,True,True,True,True,True,12,18,0.9167,matched_external_modality,
case-000998,eligible,,real,A,real,thromboembolic_cv,hematologic_coagulation|pulmonary,3,23,1,22,6,True,True,True,True,True,True,True,3,14,0.8433,matched_external_modality,
case-000999,eligible_with_warning,no cardiac biomarker (troponin/BNP) recorded,real,A,real,atrial_fibrillation|cardiac_surgery|heart_failure|hypertension|other_arrhythmia|shock,endocrine_metabolic|pulmonary,8,23,1,81,6,True,True,True,True,True,True,True,3,7,0.9333,matched_external_modality,no cardiac biomarker (troponin/BNP) recorded
case-001000,eligible_with_warning,no cardiac biomarker (troponin/BNP) recorded,real,A,real,hypertension|thromboembolic_cv,hematologic_coagulation|pulmonary,4,22,4,41,6,True,True,True,True,True,True,True,6,21,0.9333,matched_external_modality,no cardiac biomarker (troponin/BNP) recorded
