case_id,age,sex_female,icu_los_days,n_cv_categories,n_noncardiac_organs,n_medications,n_labs,died_in_hospital,ecg_assigned,ecg_superclass,overall_completeness_score,organ_renal,organ_hepatic,organ_pulmonary,organ_endocrine_metabolic,organ_neurologic,organ_hematologic_coagulation,organ_infectious,organ_oncologic,organ_gastrointestinal,organ_musculoskeletal,organ_psychiatric,organ_obstetric,organ_allergy_immunologic,organ_other,cv_heart_failure,cv_cardiomyopathy,cv_myocardial_infarction_acs,cv_coronary_artery_disease,cv_atrial_fibrillation,cv_other_arrhythmia,cv_bradycardia,cv_tachycardia,cv_heart_block,cv_hypertension,cv_hypotension,cv_shock,cv_cardiac_arrest,cv_valvular_disease,cv_cardiac_surgery,cv_pci,cv_thromboembolic_cv,lab_Troponin_I,lab_Troponin_T,lab_BNP,lab_Creatinine,lab_Potassium,lab_Sodium,lab_Lactate,lab_INR,lab_AST,lab_ALT,mean_hr,mean_sbp,mean_spo2
case-000001,72,1,6.23,2,11,233,26,0,1,CD,0.9833,1,0,1,1,1,1,1,0,1,1,1,0,1,1,0,0,0,0,0,1,0,1,0,0,0,0,0,0,0,0,0,1,0,1,1,1,1,1,0,0,0,86.29,99.96,96.44
case-000002,37,0,11.6,5,10,143,33,0,1,HYP,0.9833,1,1,1,1,1,1,1,0,1,0,1,0,0,1,0,0,0,0,0,0,0,0,0,1,1,1,1,0,0,0,1,0,0,0,1,1,1,1,1,1,1,84.34,109.93,93.83
case-000003,42,1,1.68,4,10,135,23,0,1,HYP,0.9833,1,0,1,1,1,1,1,0,1,0,1,0,1,1,0,0,1,0,0,0,0,0,0,1,0,0,0,1,0,0,1,0,0,0,1,1,1,0,0,0,0,82.43,113.4,95.33
case-000004,79,1,16.92,6,10,116,34,0,1,HYP,0.9833,1,0,1,1,1,1,1,1,1,0,1,0,0,1,1,0,0,0,0,0,0,0,0,1,1,1,0,1,0,0,1,1,0,1,1,1,1,1,1,1,1,77.93,143.13,97.48
case-000005,30,0,1.26,2,10,37,27,0,1,CD,0.9833,1,1,1,1,1,1,1,0,1,0,1,0,0,1,0,0,0,0,0,1,0,0,0,0,0,0,0,0,0,0,1,0,0,0,1,1,1,0,1,1,1,58.33,136.64,95.76
case-000006,54,1,6.69,2,10,8,32,0,1,CD,0.9833,1,1,1,1,1,1,1,1,1,0,0,0,0,1,0,0,1,0,0,0,0,0,0,0,0,0,1,0,0,0,0,0,0,0,1,1,1,1,1,1,1,85.4,148.02,97.27
case-000007,74,1,3.4,6,9,216,16,0,1,HYP,0.9833,1,0,1,1,1,1,0,1,1,1,0,0,1,0,0,0,0,0,0,1,0,1,0,1,1,1,0,0,0,0,1,0,0,0,1,1,1,0,0,0,0,86.28,116.92,92.35
case-000008,87,1,3.7,1,9,103,33,0,1,HYP,0.8933,1,0,1,1,1,1,0,0,1,1,0,0,1,1,0,0,0,0,0,0,0,0,0,1,0,0,0,0,0,0,0,1,0,0,1,1,1,0,1,1,1,82.24,157.49,96.08
case-000009,68,1,2.7,2,9,99,32,0,1,CD,0.9833,1,0,1,1,0,1,1,1,1,0,0,0,1,1,0,0,0,0,0,0,0,0,1,1,0,0,0,0,0,0,0,1,0,0,1,1,1,0,0,1,1,83.5,115.02,96.08
case-000010,62,0,8.09,2,9,81,33,0,1,STTC,0.9833,1,1,1,1,1,1,1,0,1,0,0,0,0,1,0,0,0,0,0,0,0,0,0,0,0,0,1,0,0,0,1,0,0,1,1,1,1,0,1,1,1,69.39,118.73,94.84
case-000011,68,1,2.09,4,9,49,26,0,1,NONE,0.9833,1,0,1,1,0,1,1,1,1,0,0,0,1,1,0,0,0,0,1,1,0,0,1,1,0,0,0,0,0,0,0,0,0,1,1,1,1,0,0,1,1,78.03,113.31,95.95
case-000012,70,1,0.98,4,9,44,23,0,1,HYP,1.0,1,0,1,1,1,1,1,0,1,1,1,0,0,0,0,0,1,0,0,0,0,0,0,1,1,1,0,0,0,0,0,1,0,0,1,1,1,1,1,0,0,88.52,111.04,95.92
case-000013,87,1,1.31,1,9,37,26,0,1,HYP,0.8933,1,0,1,1,1,1,0,0,1,1,0,0,1,1,0,0,0,0,0,0,0,0,0,1,0,0,0,0,0,0,0,1,0,1,1,1,1,0,1,0,0,74.7,135.93,96.08
case-000014,39,0,9.11,2,9,28,21,0,1,MI,0.9667,1,0,1,1,1,1,1,0,1,0,1,0,0,1,1,0,0,0,0,0,0,0,0,0,0,0,0,0,0,0,1,0,0,0,1,1,1,0,0,0,0,106.78,119.14,97.62
case-000015,74,0,5.03,7,9,27,30,1,1,CD,0.9833,1,1,1,0,1,1,1,1,1,1,0,0,0,0,1,0,0,0,1,1,0,0,0,1,1,1,1,0,0,0,0,1,0,0,1,1,1,1,0,1,1,88.83,105.96,98.31
case-000016,57,0,0.67,2,9,20,28,0,1,HYP,0.9833,1,1,1,1,1,1,1,0,1,0,0,0,0,1,0,0,0,0,0,0,0,0,0,1,0,0,0,0,0,0,1,0,0,0,1,1,1,0,1,1,1,81.29,119.88,99.57
case-000017,67,0,0.33,6,9,20,30,0,1,CD,0.9833,1,0,1,1,1,1,1,1,1,1,0,0,0,0,0,0,1,0,1,1,0,0,0,0,1,1,0,0,0,0,1,0,0,0,1,1,1,1,1,1,1,120.59,96.76,91.29
case-000018,69,0,3.06,9,9,15,27,0,1,CD,0.9833,1,0,1,0,1,1,0,1,1,1,1,0,0,1,1,1,0,0,1,1,0,0,1,0,1,1,0,1,0,0,1,1,0,0,1,1,1,1,1,1,1,95.94,85.4,97.65
case-000019,86,1,0.94,2,9,13,21,0,1,HYP,0.9833,1,0,1,1,1,1,1,0,1,0,1,0,0,1,0,0,0,0,0,0,0,0,0,1,0,0,0,0,0,0,1,0,0,0,1,1,1,0,0,1,1,76.1,113.96,95.75
case-000020,82,1,2.13,4,9,11,26,0,1,CD,0.9833,1,0,1,1,1,1,1,0,1,1,0,0,0,1,0,0,0,0,1,1,0,0,0,1,0,0,0,0,0,0,1,0,0,0,1,1,1,0,1,1,1,64.74,106.61,97.35
case-000021,55,1,0.25,4,9,11,30,0,1,MI,0.9833,0,1,1,0,1,1,1,1,1,0,1,0,0,1,0,0,1,0,0,0,0,0,0,0,1,1,0,0,0,0,1,0,0,0,1,1,1,1,1,1,1,136.14,112.14,94.02
case-000022,82,0,4.24,7,9,10,23,0,1,CD,0.9667,1,0,1,1,1,1,1,0,1,0,1,0,0,1,1,0,0,1,1,1,0,0,0,1,0,0,0,0,1,0,1,1,0,1,1,1,1,0,0,1,1,92.44,149.46,96.96
case-000023,69,1,9.75,7,9,10,29,0,1,CD,1.0,1,0,1,1,1,1,1,0,1,1,0,0,1,0,0,0,1,0,1,1,0,0,0,1,1,1,0,0,0,0,1,0,0,1,1,1,1,1,0,1,1,86.55,115.54,93.78
case-000024,26,0,1.24,6,9,5,29,0,1,MI,0.928,1,0,1,1,1,1,1,0,1,0,1,0,0,1,0,0,1,0,0,1,0,1,0,0,1,1,0,0,0,0,1,0,0,1,1,1,1,0,0,1,1,103.27,118.52,94.61
case-000025,39,0,4.2,3,9,5,25,0,1,STTC,0.9667,1,0,1,1,1,1,1,0,1,0,1,0,0,1,0,0,0,0,0,0,0,0,0,0,1,1,0,0,0,0,1,0,0,0,1,1,1,1,1,1,1,91.21,104.28,97.86
case-000026,63,1,3.93,2,8,155,26,0,1,NORM,0.9833,1,0,1,1,1,1,1,0,1,1,0,0,0,0,0,1,0,0,0,0,0,0,0,1,0,0,0,0,0,0,0,1,0,0,1,1,1,1,1,1,1,89.67,112.31,94.62
case-000027,87,0,13.99,8,8,134,34,0,1,CD,0.9833,1,0,1,1,1,1,1,1,1,0,0,0,0,0,1,0,1,0,1,1,0,0,0,1,1,1,0,0,0,0,1,1,0,0,1,1,1,1,1,1,1,106.47,145.82,96.65
case-000028,70,1,3.51,6,8,118,28,0,1,STTC,0.9833,1,1,0,1,1,1,1,0,0,1,0,0,1,0,0,0,0,0,1,1,0,0,0,1,1,1,1,0,0,0,0,1,0,0,1,1,1,0,1,1,1,90.32,124.96,98.57
case-000029,75,1,2.92,8,8,116,32,0,1,CD,0.9833,1,0,1,1,1,1,1,0,0,1,0,0,1,0,1,0,1,0,1,1,0,1,0,1,1,1,0,0,0,0,0,1,0,1,1,1,1,1,1,1,1,101.47,119.85,93.89
case-000030,63,1,4.87,3,8,89,33,1,1,HYP,0.9833,1,1,1,1,1,1,0,0,0,1,0,0,0,1,0,0,1,0,0,0,0,0,0,1,0,0,1,0,0,0,0,1,0,0,1,1,1,1,1,1,1,99.81,113.7,95.94
case-000031,87,1,1.49,2,8,68,31,0,1,STTC,0.9833,1,0,1,1,1,1,0,0,1,1,0,0,1,0,1,0,0,0,0,0,0,0,0,1,0,0,0,0,0,0,0,1,0,1,1,1,1,1,0,1,1,91.5,149.27,95.53
case-000032,81,0,0.16,9,8,68,28,1,1,MI,0.9833,1,0,1,1,1,1,1,0,1,0,0,0,0,1,1,0,1,1,0,1,0,1,0,1,0,1,1,0,1,0,0,1,0,0,1,1,1,1,1,0,0,76.15,138.28,84.78
case-000033,82,1,2.18,3,8,61,29,0,1,STTC,0.9833,1,0,1,1,0,1,1,0,1,1,0,0,1,0,0,0,0,0,0,0,0,0,0,0,1,1,0,0,0,0,1,1,0,0,1,1,1,1,1,1,1,84.29,111.66,96.4
case-000034,81,1,1.21,3,8,57,27,0,1,CD,0.9833,1,1,1,1,0,1,0,1,1,0,0,0,1,0,0,0,0,0,1,1,0,0,0,1,0,0,0,0,0,0,0,0,0,0,1,1,1,0,1,1,1,80.53,121.11,99.25
case-000035,66,0,2.43,1,8,56,29,0,1,HYP,0.8933,1,0,1,1,1,1,1,0,1,0,0,0,0,1,0,0,0,0,0,0,0,0,0,1,0,0,0,0,0,0,0,0,1,0,1,1,1,0,1,1,1,76.52,109.6,95.42
case-000036,63,1,3.03,4,8,53,32,0,1,HYP,0.9833,1,1,1,1,1,1,1,0,1,0,0,0,0,0,0,0,0,0,0,0,0,0,0,1,1,1,1,0,0,0,0,0,0,0,1,1,1,1,1,1,1,92.29,118.92,96.58
case-000037,74,1,0.78,5,8,53,26,0,1,CD,0.9833,1,0,1,1,1,1,1,0,1,0,0,0,0,1,0,0,0,0,1,1,0,0,0,1,1,1,0,0,0,0,0,1,0,0,1,1,1,1,1,1,1,74.41,141.95,96.79
case-000038,82,0,4.2,7,8,51,33,0,1,CD,0.9833,1,0,1,1,1,1,1,0,1,0,0,0,0,1,1,0,0,0,0,0,0,0,1,1,0,1,0,1,1,0,1,1,0,1,1,1,1,0,1,1,1,70.6,123.11,94.8
case-000039,82,0,1.64,12,8,47,33,0,1,CD,0.9833,1,0,1,1,1,1,1,0,1,1,0,0,0,0,1,1,1,0,1,1,1,1,0,1,0,1,1,0,1,0,1,1,0,0,1,1,1,0,1,1,1,66.49,94.52,98.36
case-000040,64,0,2.99,3,8,46,27,0,1,HYP,0.9833,0,0,1,1,1,1,1,0,1,0,0,0,1,1,0,0,0,0,0,0,0,0,0,1,1,1,0,0,0,0,0,0,0,0,1,1,1,0,0,1,1,102.17,147.12,98.28
case-000041,82,0,4.61,9,8,39,32,0,1,CD,0.9833,1,0,1,1,1,1,0,0,1,1,0,0,0,1,1,1,1,0,1,1,1,1,0,1,0,0,0,0,1,0,0,1,0,0,1,1,1,0,1,1,1,72.5,163.31,97.56
case-000042,35,0,1.05,2,8,36,27,0,1,CD,0.9833,1,0,1,1,1,1,1,0,0,1,0,0,0,1,0,0,0,0,1,1,0,0,0,0,0,0,0,0,0,0,0,0,0,0,1,1,1,0,1,1,1,99.98,121.07,97.76
case-000043,57,1,0.95,6,8,33,34,0,1,NORM,0.9833,0,0,1,1,1,1,1,0,1,1,0,0,0,1,1,1,0,0,0,1,0,0,1,1,0,0,0,0,0,0,1,1,0,0,1,1,1,1,1,1,1,82.9,111.0,99.23
case-000044,85,1,0.3,1,8,32,25,1,1,STTC,0.91,1,1,1,1,1,1,0,1,1,0,0,0,0,0,0,0,0,0,0,0,0,0,0,0,0,1,0,0,0,0,0,0,0,0,1,1,1,1,1,1,1,99.13,91.43,98.47
case-000045,62,0,4.19,4,8,26,27,0,1,CD,0.9833,1,0,1,1,1,1,0,0,0,1,0,0,1,1,0,0,1,0,1,1,0,0,0,1,0,0,0,0,0,0,0,0,0,1,1,1,1,0,1,1,1,107.43,112.79,94.38
case-000046,81,0,1.11,2,8,26,31,0,1,HYP,0.9833,1,0,1,1,1,1,1,1,1,0,0,0,0,0,0,0,0,0,0,0,0,0,0,1,0,0,0,0,0,0,1,0,0,0,1,1,1,0,1,1,1,66.28,156.69,95.21
case-000047,62,0,2.94,4,8,24,28,1,1,HYP,0.9833,1,0,1,1,1,1,1,1,0,0,0,0,1,0,0,0,0,0,0,0,0,0,0,1,1,1,0,0,0,0,1,1,0,0,1,1,1,1,1,1,1,67.49,115.43,94.44
case-000048,47,0,2.2,4,8,21,18,0,1,MI,0.952,1,0,1,1,0,1,1,0,1,1,0,0,0,1,0,1,0,0,0,0,0,0,0,0,0,1,0,0,1,0,1,0,0,0,1,1,1,0,1,0,0,69.78,107.57,97.38
case-000049,89,1,0.96,4,8,18,27,0,1,CD,0.9833,1,1,1,0,1,1,1,0,0,1,1,0,0,0,0,0,0,0,1,1,0,0,0,0,1,1,0,0,0,0,0,1,0,0,1,1,1,0,1,1,1,57.81,90.35,94.28
case-000050,66,0,1.47,4,8,18,25,0,1,CD,0.9833,1,0,1,1,1,1,1,0,1,0,0,0,0,1,0,0,0,0,1,1,0,0,0,1,0,0,0,0,0,0,1,0,0,0,1,1,1,0,0,1,1,98.41,152.87,95.96
case-000051,79,0,2.77,3,8,17,26,0,1,HYP,0.9833,1,0,1,1,1,1,0,0,1,1,0,0,0,1,0,0,0,0,0,1,0,0,0,1,0,0,0,0,0,0,1,0,0,0,1,1,1,0,1,1,1,70.82,117.38,96.04
case-000052,83,1,4.62,5,8,15,28,0,1,CD,0.9833,1,0,1,1,1,1,1,1,1,0,0,0,0,0,0,0,1,0,1,1,0,0,0,1,0,0,0,0,0,0,1,1,0,0,1,1,1,1,1,1,1,73.18,121.3,97.8
case-000053,86,0,1.95,3,8,13,28,0,1,HYP,0.9833,0,1,1,1,0,1,1,1,1,0,0,0,0,1,0,0,0,0,0,0,0,0,0,1,0,0,0,0,1,0,1,0,0,0,1,1,1,0,1,1,1,89.85,109.65,96.47
case-000054,47,1,2.34,1,8,13,25,0,1,NORM,0.8933,0,0,1,1,1,1,1,1,1,0,1,0,0,0,1,0,0,0,0,0,0,0,0,0,0,0,0,0,0,0,0,1,0,0,1,1,1,0,1,1,1,73.07,119.21,93.5
case-000055,56,0,3.12,3,8,12,31,1,1,MI,1.0,1,1,1,0,1,1,0,0,1,1,0,0,0,1,0,0,1,1,0,0,0,0,0,0,0,0,1,0,0,0,0,1,0,1,1,1,1,1,1,1,1,83.48,122.33,96.05
case-000056,88,0,1.95,4,8,12,32,0,1,HYP,1.0,1,0,1,1,1,1,1,1,1,0,0,0,0,0,0,0,0,0,0,0,0,0,0,1,1,1,0,0,0,0,1,1,0,0,1,1,1,1,1,1,1,63.66,111.94,97.98
case-000057,69,0,7.6,2,8,12,28,0,1,STTC,0.9833,0,0,1,1,1,1,1,1,1,0,0,0,0,1,0,0,0,0,0,0,0,0,0,0,0,0,0,0,1,0,1,0,0,0,1,1,1,1,1,1,1,96.09,122.51,94.92
case-000058,63,0,3.13,5,8,11,20,0,1,NORM,0.9833,1,0,1,1,1,1,1,0,1,1,0,0,0,0,1,0,1,0,0,1,0,0,0,1,0,0,0,0,0,0,1,0,0,0,1,1,1,0,0,0,0,111.04,118.35,95.64
case-000059,73,0,1.08,4,8,10,31,0,1,HYP,1.0,1,0,1,1,0,1,1,1,1,0,0,0,0,1,0,0,0,0,0,0,0,0,0,1,1,1,0,0,1,0,0,0,0,0,1,1,1,0,1,1,1,78.3,128.14,99.0
case-000060,74,1,1.65,2,8,9,27,0,1,MI,0.9833,1,1,1,0,1,1,1,1,1,0,0,0,0,0,0,0,1,0,0,0,0,0,0,0,0,0,0,0,0,0,1,1,0,0,1,1,1,1,1,1,1,103.72,127.74,97.83
case-000061,65,0,1.9,5,8,9,27,0,1,CD,0.9833,1,0,1,1,1,1,1,0,1,1,0,0,0,0,1,0,0,0,1,1,0,0,0,1,0,0,0,0,0,0,1,0,0,0,1,1,1,1,1,1,1,70.88,105.58,93.12
case-000062,70,0,2.22,6,8,8,21,0,1,MI,0.9667,1,0,1,1,1,1,1,0,1,1,0,0,0,0,0,0,0,1,0,0,0,0,0,1,1,1,0,0,1,0,1,0,0,0,1,1,1,0,0,1,1,101.17,115.63,94.75
case-000063,75,0,2.4,5,8,8,34,0,1,STTC,0.9833,1,0,1,1,0,1,1,0,1,1,0,0,0,1,1,1,0,0,0,0,0,0,0,0,0,1,0,1,1,0,0,0,0,0,1,1,1,1,1,1,1,87.0,80.36,97.7
case-000064,69,1,1.94,5,8,7,23,0,1,MI,0.9833,1,0,1,1,1,1,1,0,1,0,0,0,0,1,1,0,1,1,0,0,0,0,0,1,0,0,0,0,0,0,1,0,0,0,1,1,1,0,0,1,1,83.38,138.29,97.43
case-000065,34,0,0.58,2,8,6,24,0,1,HYP,0.9667,1,0,1,1,1,1,0,0,1,0,1,0,0,1,0,0,0,0,0,0,0,0,0,1,0,0,0,0,0,0,1,0,0,0,1,1,1,0,0,1,1,65.24,128.39,99.83
case-000066,69,0,7.74,7,7,649,32,1,1,MI,0.9833,1,0,1,1,1,1,1,0,1,0,0,0,0,0,0,0,0,1,0,0,0,0,1,1,1,1,0,0,1,0,1,1,0,0,1,1,1,0,1,1,1,79.34,120.04,97.98
case-000067,66,0,3.25,4,7,472,35,1,1,MI,1.0,1,0,1,1,1,1,1,0,1,0,0,0,0,0,0,0,1,0,0,0,0,0,0,0,1,1,0,0,0,0,1,1,0,0,1,1,1,1,1,1,1,86.96,105.07,97.93
case-000068,69,0,1.71,7,7,277,33,1,1,MI,0.9833,1,0,1,1,1,1,1,0,1,0,0,0,0,0,0,0,0,1,0,0,0,0,1,1,1,1,0,0,1,0,1,1,0,0,1,1,1,0,1,1,1,74.05,115.05,97.35
case-000069,57,0,2.15,2,7,195,31,1,1,STTC,1.0,1,0,1,1,1,1,1,0,1,0,0,0,0,0,0,0,0,0,0,0,0,0,0,0,1,1,0,0,0,0,0,0,0,0,1,1,1,1,1,1,1,104.14,90.77,96.76
case-000070,86,1,12.39,3,7,162,34,0,1,CD,0.9833,0,1,1,1,0,1,0,1,1,0,0,0,0,1,0,0,0,0,1,1,0,0,0,1,0,0,0,0,0,0,0,0,0,1,1,1,1,1,1,1,1,95.52,129.4,98.48
case-000071,57,0,2.34,4,7,140,34,0,1,HYP,0.9833,1,0,1,1,1,1,1,0,1,0,0,0,0,0,0,0,0,0,0,0,0,0,0,1,1,1,1,0,0,0,0,1,0,0,1,1,1,1,1,1,1,98.49,92.23,97.35
case-000072,79,1,2.1,4,7,109,21,0,1,HYP,0.9833,1,0,1,1,1,1,1,0,1,0,0,0,0,0,0,0,0,0,0,0,0,0,0,1,1,1,0,0,0,0,1,0,0,0,1,1,1,0,1,0,0,80.86,126.7,98.01
case-000073,72,1,2.7,3,7,100,26,0,1,STTC,0.9833,1,0,1,1,1,1,1,1,0,0,0,0,0,0,1,0,1,0,0,0,0,0,0,1,0,0,0,0,0,0,0,0,0,0,1,1,1,0,1,1,1,64.46,134.15,98.09
case-000074,62,1,3.75,2,7,88,29,0,1,HYP,0.9833,1,0,1,1,0,1,1,0,1,0,0,0,0,1,0,0,0,0,0,0,0,0,0,1,0,0,0,0,0,0,1,0,0,0,1,1,1,0,0,1,1,109.36,135.99,95.11
case-000075,53,0,2.41,2,7,87,24,0,1,HYP,0.9833,0,1,1,0,1,1,0,0,1,0,1,0,0,1,0,0,0,0,0,0,0,0,0,1,0,0,0,0,0,0,1,0,0,0,1,1,1,0,1,1,1,74.78,134.0,97.02
case-000076,81,0,1.16,3,7,62,33,0,1,STTC,1.0,1,0,1,1,0,1,0,1,1,0,0,0,0,1,0,0,0,0,0,0,0,0,0,0,1,1,0,0,0,0,1,1,0,0,1,1,1,1,1,1,1,77.83,97.38,98.62
case-000077,63,1,2.89,3,7,61,29,0,1,STTC,0.9833,0,0,1,0,1,1,1,1,1,0,0,0,0,1,1,0,0,0,0,0,0,0,0,1,0,0,0,0,0,0,1,1,0,0,1,1,1,0,1,1,1,95.94,98.17,98.26
case-000078,43,0,3.18,2,7,58,18,1,1,NORM,0.9833,1,1,1,0,1,1,1,0,1,0,0,0,0,0,1,0,0,0,0,0,0,0,0,1,0,0,0,0,0,0,0,0,0,0,1,1,1,1,0,0,0,83.08,129.2,94.51
case-000079,83,0,1.58,8,7,57,36,1,1,CD,0.9833,1,0,1,1,1,1,0,0,1,0,0,0,0,1,1,0,0,0,1,1,0,0,1,1,0,1,0,1,1,0,0,1,0,1,1,1,1,1,1,1,1,92.32,75.76,96.08
case-000080,79,1,1.08,4,7,56,18,0,1,HYP,0.9833,1,0,1,1,1,1,1,0,1,0,0,0,0,0,0,0,0,0,0,0,0,0,0,1,1,1,0,0,0,0,1,0,0,0,1,1,1,0,0,0,0,78.01,151.5,97.77
case-000081,64,0,8.3,2,7,55,33,0,1,STTC,0.9833,1,0,1,1,1,0,1,0,1,0,0,0,0,1,0,0,0,0,0,0,0,0,0,0,1,1,0,0,0,0,0,1,0,0,1,1,1,1,1,1,1,90.19,109.24,89.87
case-000082,87,1,13.77,3,7,53,29,0,1,NORM,0.9833,1,0,1,0,1,1,1,0,1,0,0,0,0,1,1,0,0,0,0,1,0,0,0,0,0,0,1,0,0,0,0,1,0,1,1,1,1,1,0,1,1,77.35,107.56,91.63
case-000083,74,1,0.97,6,7,51,33,0,1,CD,0.9833,1,0,1,1,1,1,1,0,1,0,0,0,0,0,0,0,0,0,1,1,0,0,0,1,1,1,0,0,0,0,1,1,0,1,1,1,1,1,1,1,1,92.66,133.32,98.08
case-000084,34,0,5.49,2,7,51,22,0,1,STTC,0.9833,1,0,1,0,1,1,1,0,1,0,0,0,0,1,0,0,0,0,0,0,0,0,0,0,1,1,0,0,0,0,0,0,0,0,1,1,1,0,1,0,0,87.87,92.89,99.68
case-000085,35,1,1.6,1,7,48,26,0,1,STTC,0.8933,0,0,1,1,1,1,1,1,1,0,0,0,0,0,0,0,0,0,0,0,0,0,0,0,0,0,0,0,1,0,0,1,0,0,1,1,1,0,1,1,1,109.79,111.89,95.86
case-000086,22,0,4.33,2,7,45,31,0,1,MI,0.9833,0,0,1,1,1,1,1,0,1,0,0,0,0,1,0,0,1,0,0,0,0,0,0,0,0,0,0,0,0,0,1,0,0,0,1,1,1,1,1,1,1,99.91,103.74,98.81
case-000087,68,1,0.92,2,7,45,24,0,1,HYP,0.9833,0,0,1,1,1,1,0,0,1,0,1,0,0,1,0,0,0,0,0,0,0,0,0,1,0,0,0,0,0,0,1,0,0,0,1,1,1,0,0,1,1,77.95,143.19,95.01
case-000088,63,0,0.66,8,7,42,30,0,1,CD,0.9833,1,1,1,1,1,1,0,0,1,0,0,0,0,0,0,0,1,1,1,1,1,0,0,1,1,1,0,0,0,0,0,0,0,1,1,1,1,0,1,1,1,56.81,89.61,96.41
case-000089,57,0,1.48,2,7,41,34,0,1,HYP,0.9833,1,0,1,1,1,1,0,0,1,0,0,0,0,1,0,0,0,0,0,0,0,0,0,1,0,0,0,0,0,0,1,1,0,0,1,1,1,1,1,1,1,100.78,107.75,97.71
case-000090,63,1,3.92,7,7,40,25,0,1,CD,1.0,1,0,1,1,0,1,1,0,1,0,0,0,0,1,1,0,0,0,1,1,0,0,1,0,1,1,0,0,1,0,0,0,0,0,1,1,1,1,0,0,0,71.43,104.39,95.07
case-000091,53,1,5.71,1,7,37,33,0,1,HYP,0.8933,0,0,1,0,1,1,1,0,1,0,1,0,0,1,0,0,0,0,0,0,0,0,0,1,0,0,0,0,0,0,0,0,0,0,1,1,1,1,1,1,1,95.28,126.01,96.88
case-000092,86,1,0.61,5,7,35,15,0,1,MI,0.9833,1,0,1,1,1,1,0,1,1,0,0,0,0,0,0,0,1,1,0,1,0,0,0,1,0,0,0,0,0,0,1,0,0,0,1,1,1,0,0,0,0,77.5,130.87,97.54
case-000093,55,1,3.88,4,7,34,25,0,1,NORM,0.9833,1,0,1,1,0,1,1,0,1,0,0,0,0,1,1,0,1,0,0,0,0,0,0,1,0,0,0,0,0,0,1,0,0,1,1,1,1,1,0,0,0,101.98,121.23,92.59
case-000094,77,1,32.99,4,7,34,30,0,1,HYP,0.9667,1,0,1,0,1,1,1,0,1,0,0,0,0,1,0,0,0,0,0,1,0,0,0,1,0,1,0,0,0,0,1,0,0,1,1,1,1,0,1,1,1,88.15,131.08,96.08
case-000095,90,1,1.33,4,7,34,28,0,1,NORM,0.9833,1,0,1,1,1,1,1,0,1,0,0,0,0,0,1,0,1,0,0,0,0,0,0,1,0,0,0,0,0,0,1,0,0,0,1,1,1,0,0,1,1,78.7,122.04,94.9
case-000096,72,1,1.21,8,7,34,22,0,1,CD,0.9833,1,0,1,1,1,1,1,1,0,0,0,0,0,0,1,0,1,0,1,1,0,0,0,1,1,1,0,0,0,0,1,0,0,0,1,1,1,0,0,1,1,70.09,137.48,95.79
case-000097,87,0,2.02,6,7,33,24,0,1,CD,0.9833,1,0,0,0,1,1,1,0,1,1,0,0,1,0,1,0,0,0,0,1,0,0,1,1,0,0,0,0,1,0,1,0,0,0,1,1,1,0,1,1,1,70.62,163.0,94.25
case-000098,84,1,1.58,3,7,32,32,0,1,CD,0.9833,1,0,1,1,1,1,0,0,1,0,0,0,0,1,0,0,0,0,1,1,0,0,0,1,0,0,0,0,0,0,0,0,0,0,1,1,1,0,1,1,1,90.19,110.11,96.06
case-000099,65,0,1.21,1,7,30,24,0,1,STTC,0.8933,1,0,1,0,1,1,0,1,1,0,0,0,0,1,0,0,0,0,0,0,0,0,0,0,0,0,0,0,0,0,1,0,0,0,1,1,1,1,0,0,0,77.11,119.84,97.2
case-000100,67,0,1.07,3,7,28,23,1,1,HYP,0.9833,1,0,1,0,1,1,1,1,1,0,0,0,0,0,0,0,1,0,0,0,0,0,0,1,0,0,0,0,0,0,1,0,0,0,1,1,1,1,1,0,0,97.31,106.45,95.68
case-000101,26,0,1.51,1,7,28,29,0,1,STTC,0.8933,1,0,0,1,1,1,1,0,1,0,1,0,0,0,0,0,0,0,0,0,0,0,0,0,0,0,0,0,0,0,1,0,0,0,1,1,1,1,0,1,1,85.59,107.4,97.29
case-000102,61,0,2.76,6,7,27,28,0,1,HYP,0.9833,1,0,1,1,1,1,1,0,1,0,0,0,0,0,0,0,1,0,0,1,0,1,0,0,1,1,0,0,0,0,1,0,0,0,1,1,1,1,0,1,1,93.64,111.73,92.38
case-000103,59,0,0.66,1,7,21,27,0,1,STTC,0.8933,0,0,1,0,1,1,1,0,1,0,1,0,0,1,0,0,0,0,0,0,0,0,0,0,0,0,0,0,0,0,1,1,0,0,1,1,1,0,0,1,1,79.47,125.21,99.29
case-000104,69,0,1.88,6,7,20,32,0,1,HYP,1.0,1,0,1,0,1,1,1,1,1,0,0,0,0,0,0,0,1,0,0,0,0,0,0,1,1,1,0,0,1,0,1,1,0,0,1,1,1,1,1,1,1,83.42,125.37,94.1
case-000105,82,1,3.55,3,7,20,27,0,1,CD,0.9833,1,0,1,1,1,1,0,0,1,0,0,0,0,1,0,0,0,1,0,0,0,0,0,1,0,0,0,0,0,0,1,0,0,0,1,1,1,0,1,1,1,67.09,149.11,99.0
case-000106,71,0,2.12,3,7,16,24,0,1,HYP,0.9833,1,0,1,1,1,1,0,0,1,0,0,0,0,1,0,0,1,0,0,0,0,0,0,1,0,0,0,1,0,0,0,0,0,0,1,1,1,0,1,1,1,87.19,111.35,96.44
case-000107,36,1,1.2,3,7,16,24,0,1,HYP,0.9833,1,0,1,1,1,1,0,0,1,0,0,0,0,1,0,0,0,0,0,1,0,0,0,1,0,0,0,0,0,0,1,0,0,0,1,1,1,0,0,1,1,87.51,143.17,98.78
case-000108,75,0,2.48,6,7,16,22,0,1,CD,0.9833,1,0,0,1,1,1,1,1,1,0,0,0,0,0,0,0,0,0,1,1,0,0,0,1,1,1,0,1,0,0,0,1,0,0,1,1,1,1,1,0,0,63.9,97.28,97.98
case-000109,84,0,5.25,3,7,15,7,0,1,CD,0.9683,1,0,1,1,1,1,1,0,1,0,0,0,0,0,0,0,0,1,1,1,0,0,0,0,0,0,0,0,0,0,0,0,0,1,0,0,0,0,0,1,1,80.51,132.11,95.24
case-000110,74,0,11.63,5,7,15,27,0,1,HYP,0.8947,1,0,1,1,0,1,1,1,1,0,0,0,0,0,0,0,1,0,1,1,0,0,0,1,0,0,0,0,0,0,1,0,0,0,1,1,1,1,1,1,1,79.8,154.32,98.04
case-000111,58,1,0.8,1,7,14,21,0,1,STTC,0.8933,0,0,1,1,1,1,1,0,1,0,0,0,0,1,0,0,0,0,0,0,0,0,0,0,0,0,0,0,0,0,1,0,0,1,1,1,1,0,1,0,0,95.26,105.82,96.5
case-000112,74,1,0.38,1,7,14,23,0,1,HYP,0.8933,0,0,1,1,1,1,0,1,1,0,0,0,1,0,0,0,0,0,0,0,0,0,0,1,0,0,0,0,0,0,0,0,0,0,1,1,1,0,0,1,1,73.72,142.5,97.57
case-000113,83,1,1.48,5,7,13,27,0,1,CD,0.9833,1,0,1,1,1,1,1,1,0,0,0,0,0,0,0,0,1,0,1,1,0,0,0,1,0,0,0,0,0,0,1,1,0,0,1,1,1,1,1,1,1,49.05,105.74,99.37
case-000114,90,1,0.55,4,7,11,23,0,1,CD,0.9833,1,0,0,1,1,1,0,0,1,1,0,0,0,1,0,0,0,0,0,1,0,0,0,0,1,1,0,0,0,0,1,0,0,0,1,1,1,0,0,1,1,92.81,105.0,96.92
case-000115,85,0,1.23,2,7,10,31,0,1,HYP,0.9833,1,0,1,1,1,1,0,1,1,0,0,0,0,0,0,0,0,0,0,1,0,0,0,1,0,0,0,0,0,0,0,1,0,0,1,1,1,0,1,1,1,98.16,136.12,95.3
case-000116,73,1,1.41,5,7,10,26,0,1,HYP,0.9833,1,0,1,1,1,1,1,0,1,0,0,0,0,0,0,0,1,0,0,1,0,0,0,1,0,0,0,0,1,0,1,1,0,0,1,1,1,1,0,1,1,89.66,136.27,97.01
case-000117,61,0,1.65,3,7,10,26,0,1,CD,0.9833,0,0,1,1,1,1,1,0,1,0,0,0,0,1,0,0,1,1,0,0,0,0,0,0,0,0,0,0,0,0,1,0,0,0,1,1,1,0,0,1,1,105.47,112.83,95.41
case-000118,21,0,1.32,2,7,8,19,0,1,STTC,0.9833,1,1,1,1,1,1,0,0,0,0,0,0,0,1,0,0,0,0,0,0,0,0,0,0,0,0,1,0,0,0,1,0,0,0,1,1,1,0,0,1,1,77.21,117.92,95.93
case-000119,63,0,1.09,2,7,7,24,0,1,HYP,0.9833,0,1,1,0,1,1,1,1,1,0,0,0,0,0,0,0,0,0,0,0,0,0,0,1,0,0,0,0,0,0,1,0,0,1,1,1,1,0,1,1,1,91.9,111.57,97.42
case-000120,55,1,5.75,4,7,6,30,0,1,HYP,0.9833,0,0,1,1,1,1,1,0,1,0,0,0,0,1,0,0,1,0,0,1,0,0,0,1,0,0,0,0,0,0,1,1,0,0,1,1,1,0,0,1,1,79.78,145.94,94.86
case-000121,49,0,0.67,2,7,5,15,0,1,HYP,0.9833,1,0,1,1,1,1,1,0,1,0,0,0,0,0,0,0,0,0,0,0,0,0,0,1,0,0,0,0,0,0,1,0,0,0,1,1,1,0,0,0,0,102.7,165.0,96.79
case-000122,88,1,11.85,7,7,5,31,0,1,CD,1.0,1,0,1,1,0,1,1,1,1,0,0,0,0,0,0,0,0,0,1,1,0,0,0,1,0,1,0,1,1,0,1,0,0,0,1,1,1,0,1,1,1,85.61,126.05,96.94
case-000123,76,1,4.14,5,6,304,29,0,1,CD,0.9833,0,0,1,0,0,0,1,0,1,1,0,0,1,1,1,0,1,0,1,1,0,0,0,1,0,0,0,0,0,0,0,0,0,0,1,1,1,1,1,1,1,94.15,119.83,96.93
case-000124,41,1,19.45,3,6,198,31,0,1,HYP,0.9833,1,0,1,0,1,1,0,0,1,0,0,0,0,1,0,0,0,0,0,1,0,0,0,1,0,0,0,0,0,0,1,0,0,0,1,1,1,0,1,1,1,90.07,102.78,99.18
case-000125,64,0,8.16,2,6,195,34,0,1,STTC,0.9833,1,0,1,1,1,0,1,0,0,0,0,0,0,1,0,0,0,0,0,0,0,0,0,0,1,1,0,0,0,0,0,1,0,0,1,1,1,1,1,1,1,76.72,125.78,99.34
case-000126,60,1,4.03,2,6,185,31,0,1,HYP,0.9833,1,0,1,0,0,1,1,1,1,0,0,0,0,0,0,0,1,0,0,0,0,0,0,1,0,0,0,0,0,0,0,1,0,0,1,1,1,1,1,1,1,103.77,116.95,99.36
case-000127,77,1,6.38,3,6,125,24,0,1,NORM,0.9667,1,0,1,1,0,1,1,0,1,0,0,0,0,0,1,0,0,0,0,0,0,0,0,0,1,1,0,0,0,0,0,1,0,1,1,1,1,1,1,0,0,75.68,105.03,97.61
case-000128,87,0,3.18,7,6,120,33,1,1,CD,0.9833,0,0,1,1,1,1,1,0,0,0,0,0,0,1,1,0,1,0,1,1,0,0,0,1,1,1,0,0,0,0,0,1,0,0,1,1,1,1,1,1,1,74.39,119.95,92.27
case-000129,53,0,1.78,2,6,108,29,0,1,HYP,0.9833,1,0,1,1,1,1,0,0,1,0,0,0,0,0,0,0,0,0,0,0,0,0,0,1,0,0,0,0,1,0,0,0,1,0,1,1,1,0,1,1,1,71.43,112.63,96.06
case-000130,84,1,0.59,6,6,105,28,0,1,CD,0.9833,1,0,1,0,1,1,1,0,1,0,0,0,0,0,1,0,1,0,1,1,0,0,0,1,0,0,0,1,0,0,0,0,0,0,1,1,1,1,1,1,1,64.3,106.68,98.51
case-000131,79,0,18.41,4,6,99,32,1,1,HYP,0.9833,1,0,1,1,0,1,1,1,0,0,0,0,0,0,0,0,0,0,0,1,0,0,0,1,0,1,0,0,0,0,1,0,0,0,1,1,1,1,1,1,1,89.43,117.22,94.17
case-000132,49,1,2.99,4,6,96,35,0,1,NORM,0.9833,1,0,1,1,0,1,1,0,1,0,0,0,0,0,1,0,0,0,0,1,0,0,0,1,0,0,0,0,1,0,0,1,0,1,1,1,1,1,1,1,1,88.63,153.47,97.4
case-000133,84,1,0.57,6,6,86,29,1,1,CD,0.9833,1,0,1,0,1,1,1,0,1,0,0,0,0,0,1,0,1,0,1,1,0,0,0,1,0,0,0,0,0,0,1,1,0,1,1,1,1,0,1,1,1,101.59,88.23,91.93
case-000134,71,1,2.44,4,6,80,31,0,1,MI,1.0,0,0,1,1,1,1,1,0,1,0,0,0,0,0,0,0,1,0,0,0,0,0,0,0,1,1,0,0,0,0,1,1,0,1,1,1,1,1,0,1,1,78.2,131.45,96.07
case-000135,59,0,2.02,3,6,80,32,0,1,NORM,1.0,0,0,1,0,1,1,1,0,1,0,0,0,0,1,0,0,0,0,0,0,0,0,0,0,0,0,0,1,1,0,1,0,0,0,1,1,1,0,1,1,1,81.41,128.87,97.83
case-000136,76,0,7.28,5,6,79,31,0,1,MI,0.9833,1,0,1,1,0,1,1,0,1,0,0,0,0,0,1,0,1,0,0,0,0,0,0,1,0,0,0,0,1,0,1,1,0,1,1,1,1,1,1,1,1,65.72,113.01,94.73
case-000137,58,1,2.31,2,6,68,29,0,1,HYP,0.9833,0,1,1,0,1,0,0,0,1,1,0,0,1,0,0,0,1,0,0,0,0,0,0,1,0,0,0,0,0,0,0,1,0,0,1,1,1,1,0,1,1,97.14,134.83,97.74
case-000138,52,0,3.21,3,6,65,27,0,1,HYP,0.9833,1,0,1,1,1,1,1,0,0,0,0,0,0,0,0,0,0,0,0,0,0,0,0,1,1,1,0,0,0,0,0,0,0,0,1,1,1,1,0,1,1,105.13,144.71,98.87
case-000139,67,1,1.82,3,6,62,25,0,1,STTC,0.9833,0,0,1,1,0,1,1,0,1,0,0,0,0,1,0,0,0,0,0,0,0,0,0,0,1,1,0,1,0,0,0,1,0,1,1,1,1,0,1,1,1,75.89,86.11,97.69
case-000140,90,0,6.44,5,6,59,34,1,1,CD,0.9667,1,0,1,0,1,1,1,1,0,0,0,0,0,0,1,0,1,0,0,0,0,0,0,0,1,1,0,0,1,0,0,1,0,1,1,1,1,0,1,1,1,89.01,116.53,95.51
case-000141,82,1,3.72,4,6,56,29,0,1,CD,0.9833,1,0,1,1,0,1,1,0,1,0,0,0,0,0,0,0,1,0,1,1,0,0,0,1,0,0,0,0,0,0,0,0,1,0,1,1,1,1,1,1,1,72.25,108.74,93.49
case-000142,61,1,2.07,3,6,52,27,0,1,NORM,0.9833,0,0,1,1,1,1,0,1,1,0,0,0,0,0,1,0,1,0,0,0,0,0,0,1,0,0,0,0,0,0,0,0,1,0,1,1,1,0,1,1,1,93.21,110.71,95.05
case-000143,59,0,1.1,7,6,51,29,0,1,MI,1.0,0,0,1,1,1,1,1,0,0,0,0,0,0,1,0,0,1,1,0,0,0,0,0,1,0,1,0,0,1,1,1,0,0,1,1,1,1,0,1,1,1,89.46,103.68,99.2
case-000144,89,0,1.14,4,6,48,28,0,1,STTC,0.9833,1,0,1,1,1,1,0,0,1,0,0,0,0,0,0,0,0,0,0,1,0,0,1,1,0,0,0,0,0,0,1,1,0,1,1,1,1,0,1,1,1,69.35,141.78,97.48
case-000145,79,1,1.02,6,6,47,31,0,1,STTC,0.9833,1,1,0,1,1,0,0,0,1,1,0,0,0,0,1,1,1,1,0,0,0,0,0,0,1,1,0,0,0,0,0,1,0,1,1,1,1,1,0,1,1,78.44,90.2,97.35
case-000146,83,0,2.82,3,6,47,29,1,1,HYP,0.9833,1,0,1,1,1,1,1,0,0,0,0,0,0,0,0,0,1,0,0,0,0,0,0,0,1,1,0,0,0,0,0,1,0,0,1,1,1,0,1,1,1,93.03,129.34,94.51
case-000147,80,1,0.89,1,6,43,35,1,1,HYP,0.8933,0,0,1,0,1,1,1,1,1,0,0,0,0,0,0,0,0,0,0,0,0,0,0,1,0,0,0,0,0,0,0,1,0,1,1,1,1,1,1,1,1,91.47,101.48,99.08
case-000148,60,1,9.7,6,6,40,33,0,1,CD,0.9833,1,0,1,1,0,1,1,0,0,0,0,0,0,1,0,0,0,0,1,1,0,0,0,1,0,0,0,1,1,0,1,1,0,0,1,1,1,1,1,1,1,100.81,109.12,99.48
case-000149,67,0,2.17,3,6,38,25,0,1,NORM,0.9833,0,1,1,1,1,1,0,0,0,0,0,0,0,1,1,0,0,0,0,0,0,0,0,1,0,0,1,0,0,0,0,1,0,0,1,1,1,0,1,1,1,82.54,111.22,97.37
case-000150,89,0,1.74,2,6,36,28,0,1,HYP,0.9833,1,0,1,1,0,1,1,0,1,0,0,0,0,0,0,0,0,0,0,0,0,0,0,1,0,0,0,0,0,0,1,1,0,0,1,1,1,0,1,1,1,74.67,121.84,93.68
case-000151,69,1,4.4,3,6,36,20,0,1,NORM,0.9833,0,0,1,1,0,1,1,0,0,1,0,0,0,1,0,1,0,0,0,0,0,0,0,1,0,1,0,0,0,0,0,0,0,1,1,1,1,0,1,0,0,97.08,143.85,95.92
case-000152,90,1,2.99,3,6,35,31,0,1,CD,0.9833,1,0,1,1,1,1,0,0,1,0,0,0,0,0,1,0,0,0,0,1,0,0,0,1,0,0,0,0,0,0,0,1,0,0,1,1,1,0,1,1,1,74.39,118.05,95.3
case-000153,76,0,1.17,1,6,34,33,0,1,HYP,0.8933,0,0,1,0,0,1,1,1,1,1,0,0,0,0,0,0,0,0,0,0,0,0,0,1,0,0,0,0,0,0,0,0,0,0,1,1,1,1,1,1,1,88.66,126.0,98.24
case-000154,53,1,0.72,2,6,33,29,0,1,HYP,0.9833,0,0,1,1,1,1,0,0,0,1,0,0,1,0,0,0,0,0,0,0,0,0,0,1,0,0,0,0,0,0,1,1,0,0,1,1,1,0,1,1,1,89.06,127.9,95.79
case-000155,36,1,3.89,2,6,32,23,0,1,HYP,0.9833,1,0,1,1,1,1,0,0,1,0,0,0,0,0,0,0,0,0,0,1,0,0,0,1,0,0,0,0,0,0,0,0,0,0,1,1,1,0,0,1,1,78.13,153.71,98.45
case-000156,48,0,2.73,1,6,29,31,0,1,STTC,0.8933,1,0,1,1,1,1,0,0,1,0,0,0,0,0,0,0,0,0,0,0,0,0,0,0,0,0,0,0,0,0,1,0,0,0,1,1,1,1,1,1,1,105.71,149.54,99.52
case-000157,43,1,2.13,3,6,28,33,0,1,NORM,0.9833,0,0,1,0,0,1,1,0,0,1,0,1,0,1,0,1,1,0,0,0,0,0,0,0,0,0,0,0,0,0,1,1,0,0,1,1,1,1,1,1,1,112.68,122.36,96.11
case-000158,74,0,0.94,7,6,27,17,1,1,CD,0.9833,1,1,1,0,1,1,0,1,0,0,0,0,0,0,0,0,1,0,1,1,0,1,1,1,0,0,0,0,1,0,0,1,0,0,1,1,1,0,0,0,0,70.56,117.48,95.77
case-000159,71,0,1.6,5,6,26,28,0,1,CD,0.9833,1,0,1,1,1,1,0,0,1,0,0,0,0,0,1,0,0,1,1,1,0,0,0,1,0,0,0,0,0,0,0,1,0,1,1,1,1,0,0,1,1,65.11,145.57,94.89
case-000160,81,0,0.43,4,6,26,26,0,1,CD,0.9833,1,0,0,1,0,1,1,0,1,1,0,0,0,0,0,0,0,0,1,1,0,0,1,1,0,0,0,0,0,0,0,0,1,0,1,1,1,0,1,1,1,88.04,100.53,97.0
case-000161,81,0,0.29,5,6,26,24,0,1,CD,0.9833,0,0,1,1,1,1,1,0,1,0,0,0,0,0,1,0,1,1,0,0,0,0,0,1,0,0,0,0,0,0,1,1,0,1,1,1,1,1,0,1,1,100.04,107.71,92.33
case-000162,54,0,0.51,6,6,24,27,0,1,NONE,0.9833,1,0,1,1,0,1,0,0,1,0,0,0,0,1,0,0,0,0,1,1,1,0,0,1,1,1,0,0,0,0,0,1,0,0,1,1,1,0,1,0,0,62.26,112.61,97.36
case-000163,58,0,2.26,2,6,24,20,0,1,HYP,0.9833,0,0,1,1,1,0,1,1,0,0,0,0,0,1,0,0,1,0,0,0,0,0,0,1,0,0,0,0,0,0,0,0,0,0,1,1,1,0,1,0,0,76.47,124.64,94.88
case-000164,45,0,0.58,2,6,21,20,0,1,STTC,0.9833,1,0,1,1,1,1,0,0,1,0,0,0,0,0,0,0,0,0,0,0,0,0,0,0,0,0,1,0,0,0,1,1,0,0,1,1,1,0,1,0,0,99.83,126.36,94.64
case-000165,81,0,4.08,4,6,18,29,0,1,CD,0.9833,1,0,1,1,1,1,0,0,1,0,0,0,0,0,1,0,1,0,1,1,0,0,0,0,0,0,0,0,0,0,0,0,0,1,1,1,1,0,1,1,1,105.7,117.73,94.77
case-000166,80,1,1.44,1,6,18,32,0,1,HYP,0.8933,1,0,1,1,1,1,0,0,1,0,0,0,0,0,0,0,0,0,0,0,0,0,0,1,0,0,0,0,0,0,0,0,0,1,1,1,1,0,1,1,1,91.53,112.14,95.45
case-000167,81,1,3.27,1,6,18,34,0,1,HYP,0.8933,1,0,1,1,1,1,1,0,0,0,0,0,0,0,0,0,0,0,0,0,0,0,0,1,0,0,0,0,0,0,0,1,0,1,1,1,1,0,1,1,1,73.17,132.59,98.1
case-000168,86,1,4.18,3,6,18,20,1,1,HYP,0.9667,0,0,1,1,1,1,1,0,0,0,1,0,0,0,0,0,0,0,0,0,0,0,0,1,0,0,0,1,0,0,1,0,0,0,1,1,1,1,0,0,0,97.31,114.42,94.76
case-000169,80,1,1.85,3,6,18,23,0,1,HYP,0.9833,0,0,1,1,0,1,1,0,1,0,0,0,0,1,0,0,0,1,0,0,0,0,0,0,0,0,0,0,1,0,1,0,0,0,1,1,1,0,1,1,1,91.09,115.17,96.38
case-000170,87,1,1.08,7,6,17,28,0,1,STTC,0.9833,1,0,1,1,1,1,1,0,0,0,0,0,0,0,1,0,1,0,1,1,0,1,0,0,1,1,0,0,0,0,0,1,0,1,1,1,1,1,0,1,1,98.43,119.0,94.94
case-000171,65,1,2.65,2,6,17,27,0,1,STTC,0.9833,1,0,1,1,1,1,0,0,0,1,0,0,0,0,1,0,0,0,0,0,0,0,0,1,0,0,0,0,0,0,0,0,0,0,1,1,1,1,1,1,1,94.11,117.75,94.4
case-000172,82,1,1.08,3,6,17,16,0,1,HYP,0.9833,1,0,1,1,1,1,0,1,0,0,0,0,0,0,0,0,1,0,0,0,0,0,0,1,0,0,0,0,1,0,0,0,0,0,1,1,1,0,1,1,1,92.71,138.71,97.89
case-000173,76,1,3.95,1,6,16,25,0,1,STTC,0.8933,1,0,1,1,0,1,1,1,0,0,0,0,0,0,0,0,0,0,0,0,0,0,0,0,0,1,0,0,0,0,0,0,0,0,1,1,1,0,0,1,1,105.44,110.32,98.87
case-000174,62,0,2.64,1,6,15,23,0,1,STTC,0.8933,1,0,1,1,1,1,0,0,1,0,0,0,0,0,0,0,0,0,0,0,0,0,0,0,0,0,0,0,0,0,1,0,0,0,1,1,1,1,0,0,0,79.11,96.25,95.76
case-000175,86,1,0.91,5,6,15,25,0,1,STTC,0.9833,1,0,0,1,1,1,0,1,1,0,0,0,0,0,0,0,0,0,0,1,1,0,0,1,0,1,0,0,0,0,1,1,0,0,1,1,1,0,1,1,1,57.98,130.64,98.76
case-000176,53,1,0.76,1,6,15,23,0,1,STTC,0.8933,0,1,1,0,1,1,1,0,1,0,0,0,0,0,0,0,0,0,0,0,0,0,0,0,0,0,0,0,0,0,1,1,0,0,1,1,1,0,0,1,1,89.5,115.98,97.98
case-000177,75,0,0.96,7,6,14,25,0,1,CD,0.95,1,0,0,1,1,1,0,0,1,1,0,0,0,0,1,1,0,0,0,1,0,1,1,1,0,0,0,0,1,0,0,1,0,0,1,1,1,0,1,1,1,87.69,,95.37
case-000178,58,0,4.74,4,6,14,15,0,1,NORM,0.95,0,0,1,0,1,1,1,0,1,0,1,0,0,0,1,0,0,0,0,1,0,0,0,1,0,0,0,0,0,0,1,1,0,0,1,1,1,0,0,1,0,86.13,,95.38
case-000179,75,0,2.18,3,6,13,34,1,1,HYP,1.0,1,0,1,1,1,1,1,0,0,0,0,0,0,0,0,0,0,0,0,0,0,0,1,0,0,1,0,0,1,0,0,1,0,0,1,1,1,1,1,1,1,85.93,85.87,98.09
case-000180,55,1,1.91,5,6,12,25,0,1,HYP,0.9833,1,0,1,1,0,1,1,0,1,0,0,0,0,0,0,0,1,0,0,0,0,0,0,1,1,1,0,0,0,0,1,1,0,0,1,1,1,1,1,1,1,87.38,98.87,95.83
case-000181,64,1,5.72,2,6,12,34,0,1,HYP,0.9833,1,0,1,1,0,1,1,0,0,0,0,0,0,1,0,0,1,0,0,0,0,0,0,1,0,0,0,0,0,0,0,1,0,0,1,1,1,1,1,1,1,75.37,149.11,94.9
case-000182,53,1,1.59,3,6,12,32,0,1,MI,1.0,1,0,1,1,1,1,1,0,0,0,0,0,0,0,0,0,1,0,0,0,0,0,0,0,0,1,1,0,0,0,0,1,0,0,1,1,1,0,1,1,1,100.06,49.45,89.3
case-000183,52,1,2.02,4,6,11,18,0,1,HYP,0.9833,0,0,1,1,0,1,1,0,1,0,0,0,0,1,0,0,0,0,0,0,0,0,0,1,1,1,0,0,0,0,1,0,0,0,1,1,1,1,0,1,1,77.2,96.4,96.22
case-000184,75,0,2.4,6,6,10,32,0,1,MI,0.9833,1,0,1,1,1,1,0,0,0,1,0,0,0,0,1,1,0,0,0,1,0,1,0,0,0,1,0,1,0,0,0,0,0,0,1,1,1,1,1,1,1,79.73,95.0,96.66
case-000185,63,1,0.81,6,6,10,21,0,1,CD,0.9833,0,0,1,0,1,0,1,0,1,0,1,0,0,1,0,0,1,0,1,1,0,0,0,1,1,1,0,0,0,0,0,0,0,0,1,1,1,0,0,0,0,70.01,158.0,99.93
case-000186,69,0,3.01,2,6,9,23,0,1,MI,0.9667,1,1,1,0,0,1,1,1,0,0,0,0,0,0,0,0,1,0,0,0,0,0,0,0,0,0,0,0,0,0,1,0,0,0,1,1,1,1,0,1,1,86.03,105.72,99.26
case-000187,83,1,0.21,6,6,9,28,0,1,CD,0.9833,1,0,1,1,0,1,1,1,0,0,0,0,0,0,0,0,0,0,1,1,0,0,0,1,1,1,0,0,0,0,1,1,0,0,1,1,1,1,1,1,1,54.75,104.21,98.56
case-000188,63,1,2.95,2,6,8,23,0,1,HYP,0.9427,1,0,1,1,0,1,1,0,1,0,0,0,0,0,0,0,0,0,0,0,0,0,0,1,0,0,0,0,0,0,1,1,0,0,1,1,1,0,0,1,1,102.98,132.31,93.0
case-000189,72,1,2.02,1,6,8,19,0,1,CD,0.8933,1,0,1,1,1,1,0,0,1,0,0,0,0,0,0,0,0,1,0,0,0,0,0,0,0,0,0,0,0,0,0,1,0,1,1,1,1,0,1,0,0,68.32,112.57,97.54
case-000190,55,1,3.23,3,6,7,29,0,1,HYP,0.9833,0,0,1,1,1,1,1,0,1,0,0,0,0,0,0,0,1,0,0,0,0,0,0,1,0,0,0,0,0,0,1,1,0,0,1,1,1,1,0,1,1,70.23,147.67,93.32
case-000191,40,0,0.83,2,6,7,24,0,1,CD,0.9833,0,0,1,1,1,1,0,0,1,0,0,0,0,1,0,0,0,0,0,1,0,0,0,0,0,0,0,0,0,0,1,0,0,0,1,1,1,0,1,1,1,79.96,100.77,97.62
case-000192,80,0,0.96,2,6,7,18,0,1,HYP,0.9833,0,0,1,1,1,1,1,0,1,0,0,0,0,0,0,0,0,0,0,0,0,0,0,1,0,0,0,0,0,0,1,0,0,0,1,1,1,0,0,0,0,66.81,119.1,97.85
case-000193,39,0,0.7,1,6,6,28,0,1,STTC,0.8453,1,0,1,0,1,0,0,0,1,0,1,0,0,1,0,0,0,0,0,0,0,0,0,0,0,0,1,0,0,0,0,1,0,0,1,1,1,0,0,1,1,91.24,113.32,97.22
case-000194,46,0,5.87,1,6,6,32,0,1,HYP,0.8933,0,1,0,1,1,1,1,0,1,0,0,0,0,0,0,0,0,0,0,0,0,0,0,1,0,0,0,0,0,0,0,1,0,0,1,1,1,1,1,1,1,100.62,107.15,96.71
case-000195,63,1,0.2,3,6,5,24,1,1,HYP,0.9833,1,0,1,1,1,1,0,0,1,0,0,0,0,0,0,0,1,0,0,0,0,0,0,1,0,0,0,0,0,0,1,1,0,1,1,1,1,0,0,1,1,83.75,87.62,98.45
case-000196,66,1,2.01,2,6,5,31,1,1,HYP,1.0,1,0,1,1,1,1,0,0,0,1,0,0,0,0,0,0,0,0,0,0,0,0,0,1,0,0,0,0,0,0,1,0,0,0,1,1,1,1,1,1,1,93.57,160.42,97.62
case-000197,75,0,11.12,1,5,258,31,0,1,STTC,0.8933,0,0,1,1,0,1,1,0,0,0,0,0,0,1,0,0,0,0,0,0,0,0,0,0,0,0,0,0,1,0,0,0,0,1,1,1,1,0,1,1,1,102.23,135.73,95.8
case-000198,74,0,5.82,5,5,217,35,0,1,MI,0.9833,1,0,1,1,0,1,0,0,0,1,0,0,0,0,1,1,1,0,0,0,0,0,0,1,0,1,0,0,0,0,0,1,0,1,1,1,1,1,1,1,1,79.11,120.16,94.89
case-000199,77,1,10.11,4,5,207,31,1,1,NORM,0.9833,1,0,1,1,0,1,1,0,0,0,0,0,0,0,1,0,0,0,0,0,0,0,0,1,1,1,0,0,0,0,0,0,0,0,1,1,1,0,1,1,1,94.62,102.84,98.71
case-000200,64,1,7.01,3,5,178,35,0,1,HYP,1.0,1,0,1,1,1,1,0,0,0,0,0,0,0,0,0,0,0,0,0,0,0,0,0,1,0,1,1,0,0,0,0,1,0,0,1,1,1,1,1,1,1,63.61,125.19,98.15
case-000201,76,1,3.94,3,5,173,26,0,1,NORM,0.9833,0,0,1,0,0,0,0,0,1,1,0,0,1,1,1,0,1,0,0,0,0,0,0,1,0,0,0,0,0,0,0,0,0,0,1,1,1,0,0,1,1,95.35,110.05,97.66
case-000202,73,0,4.58,3,5,171,31,0,1,HYP,0.9667,1,0,1,0,1,1,1,0,0,0,0,0,0,0,0,0,1,0,0,0,0,0,0,1,0,1,0,0,0,0,0,1,0,0,1,1,1,1,1,1,1,86.54,108.82,99.7
case-000203,69,0,2.75,6,5,123,30,0,1,CD,0.9833,1,0,1,1,1,1,0,0,0,0,0,0,0,0,1,0,0,0,1,1,0,0,1,0,0,0,1,0,0,0,1,1,0,0,1,1,1,1,1,1,1,81.63,146.76,97.42
case-000204,69,0,1.02,7,5,97,26,0,1,NORM,0.9833,1,0,1,1,0,1,0,0,1,0,0,0,0,0,1,0,1,0,0,0,0,0,1,1,0,0,0,1,1,0,1,1,0,0,1,1,1,0,1,0,0,71.06,110.91,99.5
case-000205,60,1,4.0,6,5,87,26,0,1,CD,0.8873,1,0,1,1,0,1,1,0,0,0,0,0,0,0,0,0,0,0,1,1,0,0,0,1,1,1,0,0,0,0,1,1,0,0,1,1,1,0,1,1,1,107.1,110.91,95.45
case-000206,70,1,3.21,3,5,85,26,0,1,STTC,0.9833,1,0,1,1,0,0,1,0,1,0,0,0,0,0,0,0,0,0,0,1,1,0,0,1,0,0,0,0,0,0,0,1,0,0,1,1,1,0,1,1,1,57.76,142.43,96.04
case-000207,70,0,2.2,4,5,75,32,0,1,CD,0.9833,0,0,0,1,1,1,1,0,0,0,0,0,0,1,0,0,1,0,1,1,0,0,0,1,0,0,0,0,0,0,0,1,0,1,1,1,1,1,1,1,1,101.93,126.77,97.69
case-000208,68,0,17.26,2,5,74,28,0,1,HYP,0.9833,0,0,1,1,1,1,0,0,0,1,0,0,0,0,0,0,0,0,0,0,0,0,0,1,0,0,0,0,1,0,0,0,1,0,1,1,1,1,0,1,1,72.17,108.76,97.46
case-000209,77,0,3.98,4,5,74,28,1,1,CD,0.9833,0,0,1,0,1,1,0,0,1,0,0,0,0,1,0,0,0,0,1,1,0,0,0,1,0,0,0,0,0,0,1,0,0,1,1,1,1,0,1,1,1,84.48,135.84,93.52
case-000210,84,1,1.56,3,5,60,26,0,1,HYP,0.9833,1,0,1,1,0,1,0,0,1,0,0,0,0,0,0,0,0,0,1,1,0,0,0,1,0,0,0,0,0,0,0,0,0,0,1,1,1,0,1,1,1,87.07,138.32,97.79
case-000211,68,0,2.78,5,5,58,23,0,1,NORM,0.9833,0,0,1,1,0,1,1,0,1,0,0,0,0,0,1,0,0,0,0,0,0,0,0,1,1,1,0,0,0,0,1,0,0,0,1,1,1,0,1,1,1,63.9,130.9,95.08
case-000212,78,1,0.59,4,5,54,21,0,1,MI,0.9667,1,0,1,0,0,1,1,0,1,0,0,0,0,0,0,0,1,1,0,1,0,0,0,1,0,0,0,0,0,0,0,1,0,0,1,1,1,0,1,1,1,61.3,102.33,99.72
case-000213,67,0,1.79,2,5,54,34,0,1,NORM,0.9833,1,0,1,1,1,1,0,0,0,0,0,0,0,0,1,0,0,0,0,0,0,0,0,1,0,0,0,0,0,0,0,1,0,1,1,1,1,0,1,1,1,81.37,123.23,96.32
case-000214,43,0,0.82,1,5,54,26,0,1,HYP,0.8933,1,0,1,1,0,1,1,0,0,0,0,0,0,0,0,0,0,0,0,0,0,0,0,1,0,0,0,0,0,0,0,0,0,0,1,1,1,0,1,1,1,81.56,128.1,95.76
case-000215,77,0,1.32,1,5,46,22,0,1,CD,0.8933,0,0,1,1,0,1,1,0,1,0,0,0,0,0,1,0,0,0,0,0,0,0,0,0,0,0,0,0,0,0,0,0,1,0,1,1,1,0,1,0,0,74.48,128.89,93.66
case-000216,68,1,1.84,6,5,44,35,0,1,HYP,1.0,1,0,1,1,0,0,1,0,0,0,0,0,0,1,0,0,0,1,0,0,0,0,0,1,0,1,0,1,1,0,1,1,0,1,1,1,1,1,1,1,1,91.84,112.11,97.47
case-000217,81,1,2.34,3,5,44,22,0,1,HYP,0.9833,1,0,0,1,1,1,0,1,0,0,0,0,0,0,0,0,0,0,1,1,0,0,0,1,0,0,0,0,0,0,0,0,0,0,1,1,1,1,0,1,1,87.42,156.25,95.63
case-000218,69,0,3.76,6,5,43,30,0,1,NORM,0.9833,1,0,1,1,0,1,0,0,0,1,0,0,0,0,1,1,0,0,0,1,0,0,0,1,1,1,0,0,0,0,0,1,0,1,1,1,1,1,1,1,1,94.87,132.97,96.49
case-000219,78,0,3.15,2,5,43,30,0,1,HYP,0.9833,1,0,1,1,0,1,1,0,0,0,0,0,0,0,0,0,0,0,0,1,0,0,0,1,0,0,0,0,0,0,0,1,0,0,1,1,1,0,1,1,1,89.76,116.42,94.18
case-000220,81,1,1.15,6,5,42,18,0,1,CD,0.9833,1,0,1,0,0,1,1,0,1,0,0,0,0,0,0,0,1,0,1,1,0,0,0,0,1,1,0,0,0,0,1,1,0,0,1,1,1,1,1,0,0,127.08,88.28,94.46
case-000221,68,0,1.2,5,5,42,25,0,1,NORM,0.9833,0,0,1,1,0,1,1,0,1,0,0,0,0,0,1,0,0,0,0,0,0,0,0,1,1,1,0,0,0,0,1,1,0,0,1,1,1,0,1,1,1,87.16,91.65,95.76
case-000222,74,1,3.72,2,5,42,25,0,1,HYP,0.9833,0,0,0,1,1,1,0,1,1,0,0,0,0,0,0,0,0,0,0,0,0,0,0,1,0,0,0,0,0,0,1,0,0,0,1,1,1,1,1,1,1,116.01,130.73,96.38
case-000223,54,1,0.82,1,5,39,22,0,1,HYP,0.8767,1,0,0,1,1,1,0,0,1,0,0,0,0,0,0,0,0,0,0,0,0,0,0,1,0,0,0,0,0,0,0,1,0,0,1,1,1,0,0,1,1,65.39,131.27,98.72
case-000224,68,0,0.95,2,5,37,27,0,1,MI,0.9833,1,0,1,1,0,1,1,0,0,0,0,0,0,0,0,0,1,0,0,0,0,0,0,0,0,1,0,0,0,0,0,1,0,0,1,1,1,0,1,1,1,81.83,95.16,94.94
case-000225,74,1,1.41,2,5,36,33,0,1,NORM,0.9833,1,0,0,1,1,1,1,0,0,0,0,0,0,0,1,0,1,0,0,0,0,0,0,0,0,0,0,0,0,0,0,0,0,1,1,1,1,1,1,1,1,81.93,98.24,99.5
case-000226,60,0,6.31,4,5,35,33,0,1,CD,1.0,0,0,1,0,1,1,1,0,1,0,0,0,0,0,1,0,1,0,1,1,0,0,0,0,0,0,0,0,0,0,0,1,0,0,1,1,1,1,1,1,1,92.0,122.98,97.06
case-000227,76,0,2.06,1,5,31,23,0,1,HYP,0.8933,1,0,0,1,1,1,0,0,1,0,0,0,0,0,0,0,0,0,0,0,0,0,0,1,0,0,0,0,0,0,0,0,0,0,1,1,1,0,1,1,1,74.97,164.27,93.35
case-000228,63,1,1.81,1,5,30,28,0,1,MI,0.8933,1,0,1,1,1,1,0,0,0,0,0,0,0,0,0,0,1,0,0,0,0,0,0,0,0,0,0,0,0,0,0,1,0,0,1,1,1,1,0,1,1,90.63,123.72,97.5
case-000229,27,1,0.85,2,5,28,21,0,1,NORM,0.9667,1,0,0,0,1,1,1,0,0,0,0,0,1,0,1,0,0,0,0,0,0,0,0,1,0,0,0,0,0,0,0,0,0,0,1,1,1,1,0,1,1,101.44,142.92,96.58
case-000230,63,1,1.99,5,5,27,21,0,1,NONE,1.0,1,0,1,1,0,1,1,0,0,0,0,0,0,0,1,0,0,0,0,0,0,0,0,1,1,1,0,0,0,0,1,1,0,0,1,1,1,1,1,0,0,64.07,111.49,95.8
case-000231,89,1,1.2,3,5,27,29,0,1,MI,0.9833,0,1,0,1,1,1,0,1,0,0,0,0,0,0,0,0,0,1,0,0,0,0,0,1,0,0,1,0,0,0,0,0,0,0,1,1,1,0,1,1,1,71.38,136.57,95.65
case-000232,85,1,2.6,6,5,26,28,0,1,CD,0.9833,0,0,1,0,1,1,1,0,1,0,0,0,0,0,0,0,0,0,1,1,0,0,0,1,1,1,0,0,0,0,1,1,0,0,1,1,1,1,1,1,1,89.84,124.87,94.29
case-000233,83,1,1.5,2,5,25,26,0,1,HYP,0.9833,1,0,1,0,1,1,0,1,0,0,0,0,0,0,0,0,0,0,0,0,0,0,0,1,0,0,0,0,0,0,1,1,0,0,1,1,1,0,1,1,1,66.71,128.51,94.16
case-000234,77,0,1.42,2,5,24,28,0,1,HYP,0.9833,0,0,1,0,1,1,1,0,1,0,0,0,0,0,0,0,0,0,0,0,0,0,0,1,0,0,0,0,0,0,1,0,0,0,1,1,1,0,0,1,1,100.38,130.49,94.61
case-000235,65,1,1.63,3,5,23,33,0,1,HYP,0.9833,0,1,1,1,1,1,0,0,0,0,0,0,0,0,0,0,0,0,0,0,0,0,0,1,0,0,1,0,0,0,1,1,0,0,1,1,1,1,1,1,1,68.93,107.69,96.31
case-000236,60,0,2.82,4,5,23,32,0,1,CD,0.9833,0,0,1,0,1,1,1,0,1,0,0,0,0,0,0,0,1,0,0,0,0,0,0,0,1,1,0,0,0,0,1,0,0,0,1,1,1,1,1,1,1,90.28,120.97,94.03
case-000237,35,0,0.65,5,5,21,19,0,1,CD,0.9833,1,0,0,1,0,1,1,0,0,0,0,0,0,1,0,0,0,0,1,1,0,0,0,0,1,1,0,0,0,0,1,0,0,0,1,1,1,1,0,0,0,83.67,130.5,94.73
case-000238,86,1,1.77,4,5,21,25,0,1,STTC,0.9833,0,0,0,1,1,1,0,0,1,0,0,0,0,1,0,0,0,0,1,1,0,0,0,1,0,0,0,0,0,0,1,1,0,0,1,1,1,0,1,1,1,69.32,125.24,95.1
case-000239,87,1,2.08,5,5,21,26,0,1,STTC,0.9353,0,0,0,1,1,1,1,0,1,0,0,0,0,0,0,0,0,0,0,1,1,0,1,0,1,1,0,0,0,0,0,0,0,0,1,1,1,1,1,1,1,74.32,110.86,96.77
case-000240,70,0,5.07,1,5,19,28,0,1,STTC,0.8933,0,0,1,1,1,1,0,0,1,0,0,0,0,0,0,0,0,0,0,0,0,0,0,0,0,0,0,0,0,0,1,0,0,0,1,1,1,0,1,1,1,104.87,141.81,97.0
case-000241,77,0,2.11,4,5,18,24,0,1,STTC,0.9833,1,0,1,1,0,1,1,0,0,0,0,0,0,0,0,0,1,0,1,1,0,0,0,1,0,0,0,0,0,0,0,1,0,1,1,1,1,1,0,1,1,108.11,115.2,96.03
case-000242,58,0,1.14,4,5,18,22,0,1,NONE,0.9833,0,0,1,1,0,1,1,0,1,0,0,0,0,0,1,0,1,0,0,1,0,1,0,0,0,0,0,0,0,0,0,1,0,0,1,1,1,0,1,1,1,70.51,112.85,96.87
case-000243,89,0,0.98,5,5,18,19,0,1,HYP,1.0,0,0,1,0,1,1,1,0,1,0,0,0,0,0,0,0,0,0,0,0,0,0,0,1,1,1,0,0,1,0,1,0,0,0,1,1,1,1,0,0,1,50.49,109.2,92.26
case-000244,82,1,0.58,4,5,17,23,0,1,HYP,0.9833,1,0,1,1,1,1,0,0,0,0,0,0,0,0,0,0,1,0,0,0,0,0,0,1,0,0,0,0,1,0,1,0,0,0,1,1,1,0,1,1,1,86.4,138.18,97.32
case-000245,74,0,1.08,8,5,17,27,0,1,CD,0.9833,0,1,1,0,0,1,1,1,0,0,0,0,0,0,1,0,1,1,1,1,0,1,0,1,0,0,0,0,1,0,0,1,0,0,1,1,1,1,0,1,1,92.09,129.21,94.44
case-000246,74,0,1.3,6,5,17,21,0,1,CD,0.9833,0,0,1,1,0,1,0,1,0,0,0,0,0,1,1,0,1,0,0,1,0,1,1,1,0,0,0,0,0,0,0,1,0,0,1,1,1,0,0,1,1,72.57,110.68,94.87
case-000247,62,0,0.93,3,5,17,20,0,1,CD,0.9833,0,0,1,0,1,1,1,0,1,0,0,0,0,0,0,0,1,1,0,0,0,0,0,0,0,0,0,0,0,0,1,0,0,0,1,1,1,1,0,0,0,101.56,102.2,93.59
case-000248,56,1,0.87,3,5,16,28,0,1,NORM,0.9833,0,0,1,1,1,0,1,0,1,0,0,0,0,0,1,0,0,0,0,0,0,0,0,1,0,0,0,0,1,0,0,1,0,0,1,1,1,1,0,1,1,105.58,113.22,94.73
case-000249,87,1,1.58,6,5,15,28,0,1,NORM,0.9833,1,0,1,1,0,1,0,0,1,0,0,0,0,0,1,0,0,0,0,0,0,0,0,1,1,1,0,1,0,0,1,1,0,1,1,1,1,0,0,1,1,73.61,121.74,95.88
case-000250,56,0,1.32,2,5,15,32,0,1,NONE,0.9833,1,0,1,1,1,1,0,0,0,0,0,0,0,0,1,0,0,0,0,0,0,0,0,1,0,0,0,0,0,0,0,1,0,0,1,1,1,0,1,1,1,77.69,97.72,96.22
case-000251,69,0,4.38,7,5,15,27,0,1,CD,0.9833,1,0,1,0,0,1,0,1,0,1,0,0,0,0,1,1,0,0,1,1,0,0,1,0,0,1,0,1,0,0,0,0,0,0,1,1,1,0,1,1,1,75.91,88.29,97.83
case-000252,74,0,1.12,5,5,15,15,0,1,HYP,0.9833,0,0,0,1,1,1,1,0,0,0,0,0,0,1,0,0,1,1,0,0,0,0,0,1,0,0,0,0,1,1,0,0,0,0,1,1,1,0,0,0,0,66.93,116.89,93.26
case-000253,49,0,2.93,2,5,13,30,0,1,CD,0.9833,1,0,1,0,1,1,0,0,1,0,0,0,0,0,0,0,0,0,0,1,0,0,0,0,0,0,0,0,0,0,1,0,0,0,1,1,1,0,1,1,1,75.72,128.95,94.23
case-000254,78,1,1.67,1,5,13,29,1,1,NORM,0.8933,1,0,1,0,0,1,0,1,1,0,0,0,0,0,1,0,0,0,0,0,0,0,0,0,0,0,0,0,0,0,0,0,0,0,1,1,1,1,0,1,1,107.18,129.78,97.15
case-000255,86,1,1.57,3,5,13,15,0,1,CD,0.9833,0,0,1,0,1,1,0,1,1,0,0,0,0,0,1,0,0,0,1,1,0,0,0,0,0,0,0,0,0,0,0,0,0,0,1,1,1,0,0,0,0,78.95,115.17,98.51
case-000256,79,0,1.07,5,5,12,25,0,1,CD,0.9833,1,0,1,1,0,1,1,0,0,0,0,0,0,0,1,0,1,1,0,0,0,0,0,0,0,0,0,0,1,0,1,0,0,1,1,1,1,0,1,1,1,87.55,104.44,95.58
case-000257,72,1,1.72,1,5,12,27,0,1,HYP,0.8933,0,1,0,0,0,1,1,1,1,0,0,0,0,0,0,0,0,0,0,0,0,0,0,1,0,0,0,0,0,0,0,0,0,0,1,1,1,1,1,1,1,78.13,111.07,96.47
case-000258,79,0,1.41,5,5,11,26,1,1,CD,0.9833,1,0,1,1,0,1,1,0,0,0,0,0,0,0,1,0,0,0,1,1,0,0,0,1,0,0,0,0,0,0,1,1,0,1,1,1,1,0,1,1,1,98.57,129.58,95.73
case-000259,86,0,5.96,8,5,11,29,0,1,CD,0.9833,1,0,1,0,1,1,1,0,0,0,0,0,0,0,1,0,1,0,1,1,0,0,0,1,1,1,0,0,1,0,0,1,0,0,1,1,1,1,1,1,1,68.21,116.29,94.67
case-000260,61,1,0.6,3,5,11,23,0,1,CD,0.9833,0,0,1,1,1,1,0,0,0,0,1,0,0,0,0,0,0,1,0,0,0,0,0,1,0,0,0,0,1,0,0,1,0,0,1,1,1,0,1,1,1,57.59,133.54,96.38
case-000261,84,0,0.98,5,5,10,28,0,1,STTC,0.9833,0,0,1,1,1,1,0,1,0,0,0,0,0,0,0,0,0,0,1,1,1,0,0,1,0,0,0,0,0,0,1,0,0,0,1,1,1,0,1,1,1,77.95,107.87,97.86
case-000262,79,0,1.72,4,5,7,17,0,1,CD,0.9833,1,0,1,1,1,1,0,0,0,0,0,0,0,0,0,0,0,0,0,1,0,0,1,1,0,0,0,0,1,0,0,1,0,0,1,1,1,0,0,0,0,57.37,128.99,93.55
case-000263,68,1,0.6,3,5,7,27,0,1,STTC,0.9593,1,0,1,0,0,1,1,0,1,0,0,0,0,0,0,0,0,0,0,0,0,0,0,0,1,1,0,0,0,0,1,0,0,0,1,1,1,0,0,1,1,97.72,109.53,95.73
case-000264,39,0,3.47,1,5,6,18,0,1,STTC,0.8287,0,0,1,0,0,1,1,0,1,0,0,0,0,1,0,0,0,0,0,0,0,0,0,0,0,0,0,0,0,0,1,0,0,0,1,1,1,0,0,0,0,75.99,109.29,96.7
case-000265,80,0,1.18,1,5,6,18,0,1,HYP,0.8933,0,0,0,1,1,1,1,0,0,0,0,0,0,1,0,0,0,0,0,0,0,0,0,1,0,0,0,0,0,0,0,0,0,0,1,1,1,0,0,0,0,68.79,141.5,94.98
case-000266,78,1,2.45,7,4,185,32,1,1,CD,0.9833,1,0,1,0,0,1,0,1,0,0,0,0,0,0,1,0,0,0,1,1,0,0,1,1,1,1,0,0,0,0,0,0,0,0,1,1,1,1,1,1,1,91.31,116.6,98.21
case-000267,54,1,4.54,3,4,185,35,0,1,CD,0.9833,0,0,1,0,1,0,1,0,0,0,0,0,0,1,0,0,0,0,0,1,0,0,0,0,1,1,0,0,0,0,0,1,0,1,1,1,1,1,1,1,1,90.42,120.7,97.84
case-000268,73,0,5.79,3,4,164,20,0,1,HYP,0.9833,1,0,1,1,0,1,0,0,0,0,0,0,0,0,0,0,1,0,0,0,0,0,0,1,0,0,0,0,0,0,1,0,0,0,1,1,1,0,0,0,0,84.14,125.51,94.2
case-000269,54,1,0.91,1,4,153,21,0,1,HYP,0.8933,0,0,1,0,0,1,1,0,0,0,0,0,0,1,0,0,0,0,0,0,0,0,0,1,0,0,0,0,0,0,0,1,0,0,1,1,1,1,0,0,0,64.55,138.2,100.0
case-000270,67,1,0.67,5,4,139,33,0,1,MI,0.9833,0,0,1,0,1,1,1,0,0,0,0,0,0,0,1,0,1,1,0,0,0,0,0,1,0,0,0,0,1,0,0,0,1,0,1,1,1,1,1,1,1,96.89,110.77,97.23
case-000271,75,0,5.97,6,4,135,34,0,1,NORM,0.9833,1,0,1,0,0,1,0,0,0,1,0,0,0,0,1,1,1,0,0,1,0,0,0,0,0,1,0,0,1,0,0,1,0,1,1,1,1,0,1,1,1,87.05,122.71,96.12
case-000272,77,0,3.85,4,4,118,29,0,1,CD,0.9833,0,0,0,0,1,1,0,1,1,0,0,0,0,0,0,0,0,0,1,1,0,0,0,1,0,0,0,1,0,0,0,0,0,0,1,1,1,1,1,1,1,72.14,119.86,96.23
case-000273,79,0,3.81,5,4,106,31,0,1,CD,1.0,0,0,1,1,0,1,0,0,0,0,0,0,0,1,1,0,1,0,1,1,0,0,0,1,0,0,0,0,0,0,0,0,0,1,1,1,1,1,1,1,1,106.35,105.39,94.1
case-000274,89,1,3.37,3,4,98,34,0,1,NORM,0.9833,0,0,1,1,0,1,0,0,0,0,0,0,0,1,1,0,0,0,0,0,0,0,0,1,0,0,0,1,0,0,0,1,0,1,1,1,1,1,1,1,1,102.17,138.83,97.47
case-000275,76,0,2.84,2,4,89,26,0,1,CD,0.9833,1,0,0,1,0,1,0,0,0,0,0,0,0,1,0,0,0,0,0,0,0,0,1,0,0,0,0,0,1,0,0,0,0,0,1,1,1,0,1,1,1,69.84,119.18,95.57
case-000276,69,0,7.14,1,4,83,28,0,1,STTC,0.8933,0,0,1,1,1,0,1,0,0,0,0,0,0,0,0,0,0,0,0,0,0,0,0,0,0,0,0,0,1,0,0,0,1,0,1,1,1,1,1,1,1,73.82,110.94,96.63
case-000277,64,1,4.41,3,4,79,26,0,1,NORM,0.9833,0,0,1,0,0,1,1,1,0,0,0,0,0,0,1,0,1,0,0,0,0,0,0,1,0,0,0,0,0,0,0,1,0,0,1,1,1,0,0,1,1,73.23,119.85,94.86
case-000278,68,0,0.84,4,4,75,30,0,1,CD,0.9833,1,0,1,1,0,0,1,0,0,0,0,0,0,0,0,0,1,0,1,1,0,0,0,0,0,1,0,0,0,0,0,0,1,0,1,1,1,0,1,1,1,100.98,93.4,97.72
case-000279,52,0,1.05,5,4,73,24,0,1,MI,0.9833,0,0,1,1,0,1,0,1,0,0,0,0,0,0,0,0,0,1,0,1,0,0,0,1,0,0,0,1,1,0,0,1,0,0,1,1,1,0,0,0,0,80.8,120.33,97.93
case-000280,85,0,2.52,4,4,69,25,0,1,HYP,0.9833,1,0,0,1,0,1,1,0,0,0,0,0,0,0,0,0,1,0,0,0,0,0,0,1,1,1,0,0,0,0,0,0,1,0,1,1,1,0,1,1,1,85.35,125.31,99.43
case-000281,61,0,1.33,4,4,66,31,0,1,HYP,0.9833,1,0,1,1,0,1,0,0,0,0,0,0,0,0,0,0,0,0,0,0,0,0,0,1,1,1,0,0,0,0,1,0,0,0,1,1,1,0,1,1,1,94.53,131.01,96.91
case-000282,71,0,1.22,1,4,66,28,0,1,HYP,0.8933,1,0,1,1,0,0,0,0,0,0,0,0,0,1,0,0,0,0,0,0,0,0,0,1,0,0,0,0,0,0,0,0,0,0,1,1,1,0,1,1,1,87.07,136.23,95.7
case-000283,53,0,2.11,2,4,66,26,0,1,HYP,0.9833,0,0,1,0,1,0,0,0,0,0,1,0,0,1,0,0,0,0,0,0,0,0,0,1,0,0,0,0,0,0,1,0,0,1,1,1,1,0,1,1,1,72.09,125.06,94.42
case-000284,76,1,6.38,3,4,60,26,0,1,CD,0.9833,1,0,0,0,1,1,0,0,0,1,0,0,0,0,0,0,0,1,0,0,0,0,0,0,0,1,0,0,0,0,1,1,0,0,1,1,1,0,1,1,1,100.65,140.48,98.46
case-000285,21,1,1.87,2,4,59,29,0,1,HYP,0.9833,0,0,1,1,0,1,0,0,1,0,0,0,0,0,0,0,0,0,0,0,0,0,0,1,0,0,0,0,0,0,1,0,0,0,1,1,1,0,0,1,1,78.47,96.32,99.21
case-000286,72,0,3.65,3,4,58,34,0,1,CD,1.0,1,0,1,0,0,1,1,0,0,0,0,0,0,0,0,0,0,0,1,1,0,0,0,1,0,0,0,0,0,0,0,1,0,0,1,1,1,1,1,1,1,74.43,121.46,99.6
case-000287,73,0,13.91,6,4,56,31,0,1,STTC,0.9833,1,0,1,0,0,1,0,0,0,1,0,0,0,0,1,0,0,0,1,1,0,0,1,0,1,1,0,0,0,0,0,1,0,1,1,1,1,0,0,1,1,70.47,127.87,95.6
case-000288,87,1,2.21,4,4,55,35,0,1,CD,0.9833,0,0,1,1,1,1,0,0,0,0,0,0,0,0,0,0,0,0,1,1,0,0,0,1,0,0,1,0,0,0,0,1,0,1,1,1,1,1,1,1,1,105.01,126.34,94.24
case-000289,65,1,2.82,2,4,48,24,0,1,HYP,0.9833,0,0,1,1,0,1,0,0,1,0,0,0,0,0,0,0,0,0,0,0,0,0,0,1,0,0,0,0,0,0,1,0,1,0,1,1,1,1,1,0,0,93.17,116.79,98.02
case-000290,76,1,2.15,6,4,48,24,0,1,CD,0.9833,0,0,0,0,0,1,1,0,1,0,0,0,0,1,0,0,0,0,1,1,0,0,0,1,1,1,0,0,0,0,1,0,0,0,1,1,1,0,1,1,1,69.36,123.28,96.32
case-000291,60,1,1.43,1,4,47,25,0,1,STTC,0.8767,0,0,0,1,1,1,0,0,1,0,0,0,0,0,0,0,0,0,0,0,0,0,0,0,0,0,0,0,0,0,1,1,0,0,1,1,1,0,0,1,1,79.25,129.09,98.38
case-000292,34,1,1.02,1,4,41,23,0,1,STTC,0.8933,0,0,1,1,0,1,0,0,1,0,0,0,0,0,0,0,0,0,0,0,0,0,0,0,0,0,0,0,0,0,1,1,0,0,1,1,1,0,0,1,1,80.56,106.57,96.12
case-000293,74,0,2.05,2,4,38,29,0,1,HYP,0.9833,1,0,1,1,0,1,0,0,0,0,0,0,0,0,0,0,1,0,0,0,0,0,0,1,0,0,0,0,0,0,0,1,0,1,1,1,1,1,1,1,1,85.93,109.97,97.5
case-000294,26,1,0.65,4,4,38,22,0,1,CD,0.9667,1,0,0,0,1,1,0,0,1,0,0,0,0,0,1,0,0,0,1,1,0,0,0,1,0,0,0,0,0,0,0,1,0,0,1,1,1,0,1,1,1,114.93,179.89,99.0
case-000295,26,1,2.88,1,4,37,21,0,1,HYP,0.8767,1,0,1,0,1,0,0,0,0,0,0,0,1,0,0,0,0,0,0,0,0,0,0,1,0,0,0,0,0,0,0,1,0,1,1,1,1,0,1,0,0,95.88,137.64,97.97
case-000296,67,0,1.51,3,4,37,25,0,1,HYP,0.9833,1,0,0,1,0,1,1,0,0,0,0,0,0,0,0,0,0,0,0,0,0,0,0,1,1,1,0,0,0,0,0,0,0,0,1,1,1,1,1,1,1,92.44,94.38,94.38
case-000297,71,0,1.32,1,4,35,16,0,1,HYP,0.8933,0,0,1,0,0,1,0,1,1,0,0,0,0,0,0,0,0,0,0,0,0,0,0,1,0,0,0,0,0,0,0,0,0,0,1,1,1,0,0,0,0,79.11,129.62,98.93
case-000298,55,1,1.35,1,4,35,14,0,1,HYP,0.8933,0,0,1,0,1,1,0,1,0,0,0,0,0,0,0,0,0,0,0,0,0,0,0,1,0,0,0,0,0,0,0,0,0,0,1,1,1,0,0,0,0,68.11,95.05,97.96
case-000299,80,0,1.06,2,4,33,18,0,1,HYP,0.9833,1,0,1,1,1,0,0,0,0,0,0,0,0,0,0,0,0,0,0,0,0,0,0,1,0,0,0,0,0,0,1,0,0,0,1,1,1,0,0,0,0,79.11,118.96,95.22
case-000300,75,1,4.15,1,4,33,31,0,1,HYP,0.91,0,1,1,0,1,0,0,0,1,0,0,0,0,0,0,0,0,0,0,0,0,0,0,1,0,0,0,0,0,0,0,0,0,0,1,1,1,1,1,1,1,77.83,147.35,97.26
case-000301,47,0,1.76,4,4,32,23,0,1,HYP,0.9833,0,0,0,1,0,1,1,1,0,0,0,0,0,0,0,0,1,0,0,0,0,0,0,1,1,1,0,0,0,0,0,0,0,0,1,1,1,1,1,1,1,85.54,125.78,96.88
case-000302,73,0,0.68,4,4,29,25,0,1,NONE,0.9833,1,0,1,0,0,1,0,0,0,1,0,0,0,0,1,0,0,0,1,1,0,0,1,0,0,0,0,0,0,0,0,1,0,0,1,1,1,1,1,0,0,69.92,103.88,95.65
case-000303,80,1,1.77,1,4,29,29,0,1,HYP,0.8933,1,0,0,1,0,1,0,1,0,0,0,0,0,0,0,0,0,0,0,0,0,0,0,1,0,0,0,0,0,0,0,0,0,0,1,1,1,1,1,1,1,110.83,113.36,99.43
case-000304,60,1,1.23,1,4,29,24,0,1,HYP,0.8933,1,0,0,0,0,1,1,0,1,0,0,0,0,0,0,0,0,0,0,0,0,0,0,1,0,0,0,0,0,0,0,0,0,0,1,1,1,0,1,1,1,120.24,109.58,96.04
case-000305,90,1,0.88,3,4,29,32,0,1,CD,0.9833,0,0,1,1,1,1,0,0,0,0,0,0,0,0,1,0,0,0,0,0,0,0,0,1,0,0,0,0,0,0,1,1,0,0,1,1,1,0,1,1,1,81.98,125.58,95.81
case-000306,64,0,1.24,4,4,27,30,0,1,CD,0.9833,0,0,1,0,1,1,1,0,0,0,0,0,0,0,1,0,0,0,1,1,0,0,0,0,0,0,0,0,0,0,1,1,0,0,1,1,1,1,1,1,1,82.75,150.91,97.82
case-000307,61,1,4.26,5,4,26,34,0,1,CD,0.9833,0,0,1,0,0,1,1,0,1,0,0,0,0,0,0,0,0,0,1,1,0,0,0,0,1,1,0,0,0,0,1,1,0,0,1,1,1,1,1,1,1,106.35,104.22,93.18
case-000308,71,0,2.3,1,4,26,14,0,1,HYP,0.8767,0,0,1,0,0,1,0,1,1,0,0,0,0,0,0,0,0,0,0,0,0,0,0,1,0,0,0,0,0,0,0,0,0,0,1,1,1,0,0,0,0,73.95,140.0,
case-000309,65,0,0.67,3,4,25,19,0,1,HYP,0.9833,0,0,1,1,1,1,0,0,0,0,0,0,0,0,0,0,0,0,0,0,0,0,0,1,0,0,0,1,1,0,0,0,0,0,1,1,1,0,1,0,0,85.52,164.95,93.85
case-000310,53,1,0.94,1,4,25,23,0,1,HYP,0.8933,0,0,1,1,1,1,0,0,0,0,0,0,0,0,0,0,0,0,0,0,0,0,0,1,0,0,0,0,0,0,0,0,0,0,1,1,1,0,0,1,1,83.85,138.1,96.4
case-000311,52,0,0.67,2,4,24,33,0,1,HYP,0.9833,0,0,1,1,0,1,1,0,0,0,0,0,0,0,0,0,0,0,0,0,0,0,0,1,0,0,0,0,0,0,1,0,1,1,1,1,1,1,1,1,1,97.71,121.36,96.5
case-000312,86,0,1.85,3,4,23,19,0,1,HYP,0.9833,1,0,0,1,0,1,1,0,0,0,0,0,0,0,0,0,1,0,0,0,0,0,0,1,0,0,0,0,0,0,1,0,0,0,1,1,1,1,0,0,0,78.81,101.6,95.94
case-000313,58,1,1.19,5,4,23,26,0,1,HYP,0.9833,1,0,0,1,0,1,1,0,0,0,0,0,0,0,0,0,0,0,0,1,0,1,0,1,1,1,0,0,0,0,0,0,0,0,1,1,1,1,1,1,1,99.03,113.66,93.56
case-000314,66,0,2.14,5,4,21,20,1,1,STTC,0.9833,0,0,1,1,0,1,0,0,1,0,0,0,0,0,0,0,1,0,1,1,0,0,0,1,0,0,0,0,0,0,1,0,0,0,1,1,1,0,1,0,0,104.65,117.75,98.13
case-000315,80,1,0.52,2,4,20,22,0,1,HYP,0.9667,0,0,0,0,1,1,0,1,1,0,0,0,0,0,0,0,0,0,0,1,0,0,0,1,0,0,0,0,0,0,0,1,0,0,1,1,1,1,0,1,1,96.05,112.79,98.3
case-000316,61,0,2.99,2,4,18,28,0,1,NORM,0.9833,0,1,0,0,0,1,1,0,1,0,0,0,0,0,0,0,0,0,0,0,0,0,0,0,1,1,0,0,0,0,0,1,0,0,1,1,1,1,1,1,1,97.63,96.44,96.74
case-000317,50,0,1.54,3,4,18,23,0,1,MI,0.9833,0,0,0,1,1,1,0,0,1,0,0,0,0,0,0,0,0,1,0,0,0,0,0,1,0,0,0,0,0,0,1,0,1,0,1,1,1,0,0,1,1,68.89,132.39,96.4
case-000318,81,0,1.17,2,4,16,26,0,1,HYP,0.9833,1,0,0,1,0,1,1,0,0,0,0,0,0,0,0,0,0,0,0,0,0,0,0,1,0,0,0,0,0,0,1,0,0,0,1,1,1,0,1,1,1,76.65,102.38,97.11
case-000319,54,1,0.53,1,4,15,15,0,1,STTC,0.8933,0,1,0,1,1,1,0,0,0,0,0,0,0,0,0,0,0,0,0,0,0,0,0,0,0,0,1,0,0,0,0,0,0,0,1,1,1,0,0,0,0,64.26,100.63,97.53
case-000320,81,0,0.21,2,4,15,17,0,1,HYP,0.95,0,0,1,1,0,1,0,0,1,0,0,0,0,0,0,0,1,0,0,0,0,0,0,1,0,0,0,0,0,0,0,0,0,0,1,1,1,0,0,0,0,90.05,,96.65
case-000321,77,0,3.73,6,4,14,32,0,1,MI,0.9833,1,0,1,1,0,1,0,0,0,0,0,0,0,0,1,0,1,0,0,0,0,0,0,1,0,1,1,0,1,0,0,1,0,0,1,1,1,1,1,1,1,68.83,111.61,94.13
case-000322,59,0,2.3,4,4,13,21,0,1,MI,1.0,0,0,1,1,0,1,0,0,1,0,0,0,0,0,0,0,1,1,0,0,0,0,0,1,0,0,0,0,1,0,0,0,0,0,1,1,1,0,0,0,0,93.83,129.62,94.06
case-000323,77,1,0.83,4,4,12,13,0,1,MI,0.9833,0,0,1,0,1,1,0,0,1,0,0,0,0,0,0,0,0,1,0,1,0,0,0,1,0,0,0,1,0,0,0,1,0,0,1,1,1,0,0,0,0,60.08,120.36,97.87
case-000324,67,1,1.67,2,4,12,30,0,1,STTC,0.9833,0,0,1,1,0,1,1,0,0,0,0,0,0,0,0,0,0,0,0,0,0,0,0,0,1,1,0,0,0,0,0,0,0,0,1,1,1,1,0,1,1,105.21,140.39,99.13
case-000325,75,0,3.37,7,4,10,33,0,1,STTC,0.9833,1,0,1,0,1,1,0,0,0,0,0,0,0,0,1,0,0,0,1,1,0,0,0,1,0,1,0,1,1,0,0,0,0,0,1,1,1,1,1,1,1,87.08,78.88,97.62
case-000326,79,0,0.58,5,4,10,22,1,1,STTC,0.9833,0,0,1,0,0,1,1,0,1,0,0,0,0,0,1,0,1,0,1,1,0,0,0,1,0,0,0,0,0,0,0,0,0,1,1,1,1,0,0,1,1,94.41,118.85,95.84
case-000327,87,1,1.61,3,4,9,33,0,1,CD,0.9833,1,0,1,1,0,0,0,0,1,0,0,0,0,0,1,0,0,0,0,0,0,0,0,1,0,0,0,1,0,0,0,1,0,1,1,1,1,1,1,1,1,65.5,132.34,97.5
case-000328,73,1,1.92,1,4,9,20,0,1,STTC,0.8933,0,0,1,0,1,1,1,0,0,0,0,0,0,0,1,0,0,0,0,0,0,0,0,0,0,0,0,0,0,0,0,1,0,1,1,1,1,0,0,0,0,84.67,129.05,92.56
case-000329,71,1,0.56,4,4,8,25,0,1,HYP,0.9833,0,0,1,0,1,1,1,0,0,0,0,0,0,0,0,0,1,0,0,1,0,0,0,1,0,0,0,0,0,0,1,1,0,1,1,1,1,1,1,1,1,94.64,121.95,93.83
case-000330,55,1,0.69,2,4,6,28,0,1,HYP,0.9833,0,0,1,0,1,1,0,0,1,0,0,0,0,0,0,0,0,0,0,0,0,0,0,1,0,0,0,0,0,0,1,1,0,0,1,1,1,1,0,1,1,89.76,111.0,93.32
case-000331,71,0,1.03,2,4,6,15,0,1,HYP,0.9833,0,0,1,1,1,0,0,0,0,0,0,0,0,1,0,0,0,0,0,0,0,0,0,1,0,0,0,0,1,0,0,0,0,0,1,1,1,0,0,0,0,82.98,145.82,98.15
case-000332,41,1,16.13,3,3,422,33,0,1,NORM,0.9833,0,0,1,0,1,0,0,0,0,0,0,0,0,1,1,0,0,0,0,0,0,0,0,1,0,0,1,0,0,0,0,0,0,0,1,1,1,1,1,1,1,92.16,105.54,98.49
case-000333,84,1,4.03,3,3,345,35,0,1,HYP,1.0,0,0,1,0,1,1,0,0,0,0,0,0,0,0,0,0,1,0,0,0,0,0,0,1,0,0,0,0,0,0,1,1,0,1,1,1,1,1,1,1,1,70.35,149.29,98.56
case-000334,83,0,7.93,4,3,253,21,0,1,HYP,0.9833,0,0,1,0,0,1,1,0,0,0,0,0,0,0,0,0,1,0,0,0,0,0,0,1,1,1,0,0,0,0,0,0,1,0,1,1,1,1,0,0,0,101.93,124.94,93.65
case-000335,73,0,3.27,4,3,244,34,0,1,CD,0.9833,0,0,1,0,0,1,0,0,1,0,0,0,0,0,0,0,0,0,1,1,0,0,0,0,1,1,0,0,0,0,0,1,0,0,1,1,1,1,1,1,1,95.87,134.39,99.12
case-000336,76,1,6.93,1,3,128,31,0,1,HYP,0.8767,0,0,1,0,0,1,0,1,0,0,0,0,0,0,0,0,0,0,0,0,0,0,0,1,0,0,0,0,0,0,0,1,0,1,1,1,1,1,1,1,1,100.73,137.39,94.69
case-000337,52,0,10.52,3,3,127,31,0,1,HYP,0.9833,0,0,1,0,1,0,1,0,0,0,0,0,0,0,0,0,0,0,0,0,0,0,0,1,1,1,0,0,0,0,0,0,0,1,1,1,1,1,1,1,1,106.16,150.46,98.15
case-000338,65,1,7.84,1,3,105,29,0,1,HYP,0.8933,0,0,1,0,0,1,1,0,0,0,0,0,0,0,0,0,0,0,0,0,0,0,0,1,0,0,0,0,0,0,0,0,1,0,1,1,1,1,1,1,1,84.45,127.88,95.43
case-000339,47,0,2.35,2,3,96,31,0,1,CD,0.9833,1,0,1,0,0,1,0,0,0,0,0,0,0,0,0,0,1,0,0,0,0,0,0,0,0,1,0,0,0,0,0,0,1,0,1,1,1,0,1,1,1,57.97,98.49,98.53
case-000340,83,1,2.52,2,3,96,35,0,1,HYP,0.9833,0,0,1,0,0,1,0,1,0,0,0,0,0,0,0,0,0,0,0,0,0,0,0,1,0,0,0,0,0,0,1,1,0,1,1,1,1,1,1,1,1,84.29,117.57,98.45
case-000341,76,0,7.01,1,3,89,33,0,1,HYP,0.8933,0,0,0,0,0,1,0,1,1,0,0,0,0,0,0,0,0,0,0,0,0,0,0,1,0,0,0,0,0,0,0,1,0,0,1,1,1,1,1,1,1,89.34,116.44,98.06
case-000342,52,1,3.15,4,3,79,29,0,1,NORM,0.9833,0,0,1,0,0,1,0,0,1,0,0,0,0,0,1,0,1,0,0,0,0,0,0,1,0,0,0,0,0,0,1,1,0,1,1,1,1,1,1,0,0,88.96,136.32,98.63
case-000343,67,0,3.55,2,3,79,25,0,1,HYP,0.9833,0,0,0,0,0,1,0,0,1,0,0,0,0,1,0,0,1,0,0,0,0,0,0,1,0,0,0,0,0,0,0,0,0,0,1,1,1,0,1,1,1,88.03,146.1,94.85
case-000344,78,1,1.8,2,3,78,34,0,1,STTC,0.9833,0,0,1,0,1,0,1,0,0,0,0,0,0,0,0,0,0,0,0,0,0,0,0,0,1,1,0,0,0,0,0,1,0,1,1,1,1,1,1,1,1,83.88,108.63,97.23
case-000345,78,1,3.19,2,3,76,33,0,1,STTC,0.9833,0,0,1,0,1,0,1,0,0,0,0,0,0,0,0,0,0,0,0,0,0,0,0,0,1,1,0,0,0,0,0,1,0,0,1,1,1,1,1,1,1,72.36,113.45,96.68
case-000346,52,1,0.88,2,3,66,33,1,1,MI,0.9833,0,0,1,0,1,0,1,0,0,0,0,0,0,0,0,0,1,0,0,0,0,0,0,0,0,1,0,0,0,0,0,1,0,0,1,1,1,1,1,1,1,126.93,107.69,95.92
case-000347,70,0,1.95,6,3,61,21,0,1,CD,0.9833,0,0,0,1,0,1,0,0,1,0,0,0,0,0,1,0,0,0,1,1,0,0,0,1,0,0,0,1,1,0,0,0,0,0,1,1,1,1,1,0,1,114.87,131.91,98.77
case-000348,85,1,3.34,3,3,56,36,0,1,CD,0.9833,0,0,1,0,1,1,0,0,0,0,0,0,0,0,1,0,1,0,0,0,0,0,0,1,0,0,0,0,0,0,0,1,0,1,1,1,1,1,1,1,1,96.81,126.11,96.08
case-000349,82,1,1.16,2,3,56,26,0,1,HYP,0.9833,0,0,1,0,1,1,0,0,0,0,0,0,0,0,0,0,0,0,0,0,0,0,0,1,0,0,0,0,0,0,1,0,0,0,1,1,1,0,1,1,1,76.78,140.12,96.89
case-000350,78,1,1.89,2,3,47,34,0,1,STTC,0.9833,1,0,1,0,0,0,1,0,0,0,0,0,0,0,0,0,0,0,0,0,0,0,0,0,1,1,0,0,0,0,0,1,0,1,1,1,1,1,1,1,1,79.94,129.2,97.12
case-000351,63,1,1.72,1,3,43,27,0,1,HYP,0.8933,0,0,1,0,1,0,0,0,1,0,0,0,0,0,0,0,0,0,0,0,0,0,0,1,0,0,0,0,0,0,0,0,0,0,1,1,1,0,0,1,1,103.14,163.37,96.25
case-000352,69,1,3.53,3,3,42,24,0,1,CD,0.9833,1,0,0,1,0,0,1,0,0,0,0,0,0,0,0,0,0,0,1,1,0,0,0,1,0,0,0,0,0,0,0,1,0,0,1,1,1,0,0,1,1,67.72,106.93,97.26
case-000353,73,0,3.81,5,3,40,23,0,1,CD,0.9833,1,0,1,0,1,0,0,0,0,0,0,0,0,0,0,0,0,0,1,1,0,0,1,0,1,1,0,0,0,0,0,0,0,0,1,1,1,1,0,0,0,70.66,127.59,97.34
case-000354,75,1,1.22,2,3,40,29,0,1,NORM,0.9833,0,0,1,0,0,1,1,0,0,0,0,0,0,0,1,0,0,0,0,0,0,0,0,1,0,0,0,0,0,0,0,1,0,1,1,1,1,0,1,1,1,109.41,99.42,92.99
case-000355,52,1,1.42,2,3,40,26,0,1,HYP,0.9833,0,0,1,1,0,1,0,0,0,0,0,0,0,0,0,0,0,0,0,0,0,0,0,1,0,0,0,0,0,0,1,1,0,0,1,1,1,0,1,1,1,96.74,110.21,93.64
case-000356,52,0,2.03,1,3,39,32,0,1,HYP,0.8933,0,0,1,0,1,0,0,0,0,0,0,0,0,1,0,0,0,0,0,0,0,0,0,1,0,0,0,0,0,0,0,0,0,1,1,1,1,0,1,1,1,84.56,125.9,94.29
case-000357,31,0,1.63,1,3,35,14,0,1,STTC,0.8767,1,0,1,1,0,0,0,0,0,0,0,0,0,0,0,0,0,0,0,0,0,0,0,0,0,0,0,0,0,0,1,0,0,0,1,1,1,0,0,0,0,70.96,106.66,99.91
case-000358,54,0,3.54,1,3,33,24,1,1,STTC,0.8933,0,0,1,0,1,1,0,0,0,0,0,0,0,0,0,0,0,0,0,0,0,0,0,0,0,1,0,0,0,0,0,0,0,0,1,1,1,0,1,1,1,69.13,99.0,96.28
case-000359,71,1,1.04,1,3,33,26,0,1,HYP,0.8933,0,0,0,1,1,1,0,0,0,0,0,0,0,0,0,0,0,0,0,0,0,0,0,1,0,0,0,0,0,0,0,1,0,0,1,1,1,0,1,1,1,72.41,143.15,96.41
case-000360,36,1,1.35,1,3,33,25,0,1,HYP,0.8767,0,0,0,1,1,0,0,0,0,0,0,0,0,1,0,0,0,0,0,0,0,0,0,1,0,0,0,0,0,0,0,0,0,0,1,1,1,1,0,1,1,72.63,110.58,97.6
case-000361,75,0,1.02,4,3,31,22,0,1,CD,0.9833,0,0,1,1,0,1,0,0,0,0,0,0,0,0,0,0,1,1,0,0,0,0,0,1,0,0,0,0,1,0,0,0,0,1,1,1,1,0,0,1,1,101.33,120.29,97.19
case-000362,82,1,0.99,2,3,30,26,0,1,CD,0.9833,0,0,0,0,1,1,0,0,1,0,0,0,0,0,0,0,0,0,1,1,0,0,0,0,0,0,0,0,0,0,0,1,0,0,1,1,1,0,1,1,1,91.9,135.62,92.29
case-000363,64,1,2.17,1,3,28,24,0,1,HYP,0.8933,0,0,1,0,1,0,0,0,0,1,0,0,0,0,0,0,0,0,0,0,0,0,0,1,0,0,0,0,0,0,0,1,0,0,1,1,1,0,0,1,1,76.54,164.88,97.02
case-000364,77,1,1.51,3,3,28,22,0,1,CD,0.9833,0,0,1,0,0,1,0,0,1,0,0,0,0,0,0,0,0,1,0,0,0,0,0,1,0,0,0,1,0,0,0,1,0,1,1,1,1,0,0,1,1,60.55,128.36,97.16
case-000365,36,1,2.15,1,3,27,24,0,1,HYP,0.8933,0,0,0,1,1,0,0,0,1,0,0,0,0,0,0,0,0,0,0,0,0,0,0,1,0,0,0,0,0,0,0,0,0,0,1,1,1,1,0,1,1,94.22,145.43,98.3
case-000366,38,0,0.4,2,3,25,26,0,1,STTC,0.9833,0,0,1,0,0,0,1,0,1,0,0,0,0,0,0,0,0,0,0,0,0,0,0,0,1,1,0,0,0,0,0,0,0,0,1,1,1,1,0,1,1,103.0,79.31,98.3
case-000367,87,1,2.84,3,3,25,27,0,1,CD,0.9833,0,0,0,0,1,1,0,0,0,1,0,0,0,0,0,0,0,0,1,1,0,0,0,1,0,0,0,0,0,0,0,1,0,0,1,1,1,0,1,1,1,71.58,135.91,97.81
case-000368,75,0,2.72,5,3,24,26,0,1,HYP,0.9833,1,0,0,0,0,1,0,0,1,0,0,0,0,0,0,0,1,0,0,0,0,0,0,1,0,1,0,0,1,0,1,0,1,0,1,1,1,1,1,0,0,94.06,103.48,96.64
case-000369,52,0,0.93,2,3,23,27,0,1,HYP,0.9833,0,0,1,0,1,0,0,0,0,1,0,0,0,0,0,0,0,0,0,0,0,0,0,1,0,0,0,0,0,0,1,0,0,0,1,1,1,0,0,1,1,101.95,157.57,92.54
case-000370,80,0,2.53,4,3,22,31,1,1,CD,0.9833,0,0,1,1,0,1,0,0,0,0,0,0,0,0,1,0,0,0,1,1,0,0,0,1,0,0,0,0,0,0,0,1,0,1,1,1,1,0,1,1,1,109.0,117.54,94.99
case-000371,62,1,1.79,4,3,21,18,0,1,HYP,0.9833,1,0,1,0,0,1,0,0,0,0,0,0,0,0,0,0,1,0,0,1,0,0,0,1,0,1,0,0,0,0,0,0,1,0,1,1,1,0,0,0,0,78.11,97.73,96.03
case-000372,71,1,0.8,1,3,19,19,0,1,HYP,0.8933,0,0,1,0,0,1,0,0,0,0,0,0,0,1,0,0,0,0,0,0,0,0,0,1,0,0,0,0,0,0,0,0,0,0,1,1,1,0,0,0,0,87.01,111.13,93.48
case-000373,67,1,1.1,2,3,18,32,0,1,NORM,0.9833,0,0,1,0,0,1,0,1,0,0,0,0,0,0,1,0,0,0,0,0,0,0,0,1,0,0,0,0,0,0,0,0,1,0,1,1,1,0,1,1,1,82.56,156.34,99.18
case-000374,67,0,3.41,1,3,17,30,0,1,STTC,0.8933,0,0,1,1,1,0,0,0,0,0,0,0,0,0,0,0,0,0,0,0,0,0,0,0,0,0,0,0,0,0,1,1,0,0,1,1,1,0,0,1,1,100.74,131.0,97.51
case-000375,74,1,2.05,1,3,15,17,0,1,HYP,0.8933,1,0,0,1,1,0,0,0,0,0,0,0,0,0,0,0,0,0,0,0,0,0,0,1,0,0,0,0,0,0,0,1,0,0,1,1,1,0,0,0,0,63.14,173.42,98.8
case-000376,87,0,0.87,2,3,14,28,0,1,NONE,0.9833,0,0,1,0,1,0,0,0,0,0,0,0,0,1,1,0,0,0,0,0,0,0,0,1,0,0,0,0,0,0,0,1,0,0,1,1,1,0,1,1,1,62.46,149.26,95.96
case-000377,82,1,0.6,2,3,13,16,0,1,CD,0.8873,0,0,0,0,1,1,0,0,1,0,0,0,0,0,0,0,0,0,1,1,0,0,0,0,0,0,0,0,0,0,0,0,0,0,1,1,1,1,0,0,0,95.21,126.39,92.69
case-000378,53,0,1.79,4,3,10,24,0,1,NONE,0.9833,0,0,0,1,0,1,0,1,0,0,0,0,0,0,0,0,0,0,1,1,0,0,0,1,0,0,0,0,0,0,1,1,0,0,1,1,1,0,1,1,1,72.14,119.56,93.87
case-000379,74,0,0.53,4,3,5,19,0,1,CD,0.9833,0,0,0,1,1,1,0,0,0,0,0,0,0,0,0,0,0,1,1,1,0,0,0,1,0,0,0,0,0,0,0,0,0,0,1,1,1,0,1,0,0,80.14,121.7,98.34
case-000380,70,1,0.39,1,3,5,23,0,1,HYP,0.8933,0,0,0,1,1,0,0,1,0,0,0,0,0,0,0,0,0,0,0,0,0,0,0,1,0,0,0,0,0,0,0,0,0,0,1,1,1,0,0,1,1,71.75,140.6,96.51
case-000381,73,1,17.48,4,8,4,31,1,1,HYP,0.9593,1,0,1,1,1,1,1,1,1,0,0,0,0,0,0,0,1,0,0,0,0,0,0,1,1,1,0,0,0,0,0,0,0,0,1,1,1,1,1,1,1,114.15,118.98,94.13
case-000382,56,1,2.73,1,4,4,29,0,1,MI,0.8693,1,0,1,1,0,1,0,0,0,0,0,0,0,0,0,0,0,1,0,0,0,0,0,0,0,0,0,0,0,0,0,0,0,0,1,1,1,0,1,1,1,69.5,138.69,96.05
case-000383,87,1,1.18,2,10,89,29,0,1,CD,0.96,1,1,1,1,1,1,0,0,1,1,0,0,1,1,1,0,0,0,0,0,0,0,0,1,0,0,0,0,0,0,0,0,0,1,1,1,1,1,1,1,1,78.97,151.03,97.9
case-000384,58,1,2.38,2,7,22,26,0,1,HYP,0.96,0,0,1,0,0,1,1,1,1,1,0,0,0,1,0,0,1,0,0,0,0,0,0,1,0,0,0,0,0,0,0,0,0,0,1,1,1,0,0,1,1,93.94,94.39,94.69
case-000385,74,0,1.96,3,6,78,28,0,1,MI,0.96,1,0,1,1,1,1,0,0,0,0,0,0,1,0,1,0,1,0,0,0,0,0,0,1,0,0,0,0,0,0,0,0,1,0,1,1,1,1,1,1,1,68.06,112.52,95.21
case-000386,77,1,3.97,4,6,69,26,0,1,NORM,0.96,1,0,1,1,0,1,1,1,0,0,0,0,0,0,1,0,0,0,0,0,0,0,0,1,1,1,0,0,0,0,0,0,0,0,1,1,1,0,1,1,1,82.96,109.93,98.44
case-000387,84,1,2.65,4,6,69,32,0,1,CD,0.96,1,0,0,1,0,1,0,0,1,1,0,0,0,1,0,0,0,0,0,0,0,0,1,1,1,1,0,0,0,0,0,0,1,0,1,1,1,0,1,1,1,82.38,120.19,96.91
case-000388,30,1,3.34,1,6,11,13,0,1,STTC,0.87,0,0,1,1,1,0,1,0,0,0,1,0,0,1,0,0,0,0,0,0,0,0,0,0,0,1,0,0,0,0,0,0,0,0,1,1,1,0,0,0,0,64.96,87.55,96.83
case-000389,53,0,3.6,1,5,74,25,0,1,STTC,0.87,0,1,1,0,1,0,0,0,1,0,0,0,0,1,0,0,0,0,0,0,0,0,0,0,0,0,0,0,0,0,1,0,0,0,1,1,1,0,1,1,1,81.73,128.67,94.4
case-000390,64,1,8.49,2,5,58,33,0,1,HYP,0.96,1,0,1,1,0,1,1,0,0,0,0,0,0,0,0,0,1,0,0,0,0,0,0,1,0,0,0,0,0,0,0,1,0,0,1,1,1,1,1,1,1,80.34,134.1,98.4
case-000391,73,1,2.89,3,5,51,30,0,1,CD,0.96,0,0,1,0,1,1,0,0,1,1,0,0,0,0,0,0,0,0,1,1,0,0,0,1,0,0,0,0,0,0,0,0,1,0,1,1,1,1,1,1,1,103.62,101.79,95.8
case-000392,67,1,3.64,3,5,41,22,0,1,NORM,0.96,1,0,1,1,1,1,0,0,0,0,0,0,0,0,1,0,0,0,0,1,0,0,0,1,0,0,0,0,0,0,0,0,0,0,1,1,1,0,0,1,1,59.52,170.05,96.52
case-000393,88,1,0.78,4,5,35,24,0,1,CD,0.96,1,0,0,1,1,0,0,0,0,1,0,0,0,1,1,0,1,0,1,1,0,0,0,0,0,0,0,0,0,0,0,0,0,0,1,1,1,0,1,1,1,85.46,99.57,95.51
case-000394,78,0,1.08,5,5,29,28,0,1,CD,0.96,1,0,1,1,0,1,0,1,0,0,0,0,0,0,0,0,0,0,1,1,0,0,1,1,0,0,0,1,0,0,0,0,0,0,1,1,1,0,0,1,1,80.26,106.42,98.22
case-000395,86,1,1.34,3,5,27,14,0,1,HYP,0.96,0,0,1,0,1,1,0,1,1,0,0,0,0,0,1,0,0,0,1,1,0,0,0,0,0,0,0,0,0,0,0,0,0,0,1,1,1,0,0,0,0,71.83,115.12,97.21
case-000396,77,0,1.46,6,5,22,32,0,1,MI,0.96,1,0,1,1,0,1,1,0,0,0,0,0,0,0,1,0,1,0,0,0,0,0,0,1,1,1,0,0,1,0,0,1,0,0,1,1,1,1,1,1,1,76.14,108.49,93.85
case-000397,82,0,1.0,1,5,19,15,0,1,HYP,0.87,1,0,1,0,0,1,0,0,1,0,0,0,0,1,0,0,0,0,0,0,0,0,0,1,0,0,0,0,0,0,0,0,0,0,1,1,1,0,0,0,0,73.33,124.0,97.27
case-000398,52,1,0.96,5,5,6,17,0,1,CD,0.96,1,0,1,1,0,1,1,0,0,0,0,0,0,0,0,0,1,0,1,1,0,0,0,1,0,0,0,0,1,0,0,1,0,0,1,1,1,0,0,0,0,67.82,106.12,97.06
case-000399,81,1,3.88,2,4,183,27,0,1,CD,0.96,1,0,0,1,0,1,0,0,1,0,0,0,0,0,0,0,0,0,1,1,0,0,0,0,0,0,0,0,0,0,0,1,0,0,1,1,1,1,1,1,1,109.5,112.94,97.81
case-000400,67,1,2.11,6,4,88,25,0,1,MI,0.96,1,0,1,1,0,1,0,0,0,0,0,0,0,0,1,0,1,1,0,0,0,0,1,1,0,0,0,0,1,0,0,1,0,0,1,1,1,0,1,0,0,97.68,119.53,97.12
case-000401,74,1,1.87,3,4,80,30,0,1,HYP,0.9767,1,0,1,1,0,0,0,0,0,0,0,0,0,1,0,0,0,0,0,0,0,0,0,1,0,0,0,1,1,0,0,0,0,0,1,1,1,0,1,1,1,88.79,116.78,96.51
case-000402,53,0,0.82,1,4,65,26,0,1,HYP,0.87,0,0,1,1,0,1,1,0,0,0,0,0,0,0,0,0,0,0,0,0,0,0,0,1,0,0,0,0,0,0,0,0,0,0,1,1,1,0,0,1,1,89.14,111.58,94.83
case-000403,70,0,0.15,4,4,54,21,0,1,CD,0.96,1,0,0,1,1,1,0,0,0,0,0,0,0,0,0,0,0,0,1,1,0,0,0,1,0,0,0,1,0,0,0,1,0,0,1,1,1,1,1,0,0,78.5,140.8,95.5
case-000404,70,1,3.82,4,4,41,15,0,1,CD,0.96,0,0,1,1,0,1,0,1,0,0,0,0,0,0,1,0,0,0,1,1,0,1,0,0,0,0,0,0,0,0,0,0,0,0,1,1,1,0,0,0,0,94.98,129.23,96.03
case-000405,83,0,0.43,1,4,40,11,1,1,HYP,0.87,0,0,1,0,0,1,0,0,1,0,0,0,0,1,0,0,0,0,0,0,0,0,0,1,0,0,0,0,0,0,0,0,1,0,0,0,0,1,1,0,0,97.02,90.65,92.53
case-000406,73,1,1.96,4,4,40,23,0,1,CD,0.96,0,0,0,1,1,1,0,0,1,0,0,0,0,0,0,0,1,0,1,1,0,0,0,1,0,0,0,0,0,0,0,1,0,0,1,1,1,0,1,1,1,105.15,110.31,95.04
case-000407,31,0,0.9,1,4,37,28,0,1,STTC,0.87,0,0,1,1,1,0,0,0,1,0,0,0,0,0,0,0,0,0,0,0,0,0,0,0,0,0,0,0,0,0,1,0,0,0,1,1,1,0,0,1,1,86.05,152.56,94.0
case-000408,70,1,2.0,1,4,34,16,0,1,STTC,0.87,1,0,1,0,0,1,0,1,0,0,0,0,0,0,0,0,0,0,0,0,0,0,0,0,0,1,0,0,0,0,0,0,0,0,1,1,1,0,0,0,0,61.38,104.78,96.42
case-000409,75,0,1.15,2,4,32,23,0,1,HYP,0.96,1,0,1,0,0,1,0,1,0,0,0,0,0,0,0,0,0,0,0,0,0,0,0,1,0,0,0,0,1,0,0,1,0,0,1,1,1,0,0,0,0,83.75,162.0,96.57
case-000410,55,0,0.34,3,4,30,28,0,1,HYP,0.96,0,0,1,1,1,0,1,0,0,0,0,0,0,0,0,0,0,0,0,0,0,0,0,1,1,1,0,0,0,0,0,1,0,1,1,1,1,1,1,0,0,79.99,96.14,97.15
case-000411,71,0,1.17,1,4,29,17,0,1,HYP,0.87,0,0,1,0,0,1,0,1,1,0,0,0,0,0,0,0,0,0,0,0,0,0,0,1,0,0,0,0,0,0,0,0,0,0,1,1,1,0,0,0,0,73.2,131.19,98.79
case-000412,71,0,2.97,1,4,26,19,0,1,HYP,0.87,0,0,1,0,0,1,0,1,1,0,0,0,0,0,0,0,0,0,0,0,0,0,0,1,0,0,0,0,0,0,0,0,0,0,1,1,1,0,0,1,1,69.18,135.39,98.49
case-000413,62,0,0.99,1,4,25,21,0,1,HYP,0.87,0,0,0,0,1,0,0,0,1,0,1,0,0,1,0,0,0,0,0,0,0,0,0,1,0,0,0,0,0,0,0,0,0,0,1,1,1,0,0,1,1,81.35,107.23,93.95
case-000414,62,1,1.05,1,4,23,22,0,1,HYP,0.87,0,0,1,1,0,1,1,0,0,0,0,0,0,0,0,0,0,0,0,0,0,0,0,1,0,0,0,0,0,0,0,1,0,0,1,1,1,1,0,0,0,103.14,137.74,96.34
case-000415,63,0,2.94,1,4,18,21,0,1,HYP,0.87,1,0,0,1,0,1,0,0,1,0,0,0,0,0,0,0,0,0,0,0,0,0,0,1,0,0,0,0,0,0,0,0,0,0,1,1,1,0,0,1,1,58.54,126.88,98.86
case-000416,71,1,4.05,1,3,306,34,0,1,MI,0.87,0,0,1,1,0,1,0,0,0,0,0,0,0,0,0,0,1,0,0,0,0,0,0,0,0,0,0,0,0,0,0,1,0,1,1,1,1,0,1,1,1,97.47,116.56,95.77
case-000417,59,1,4.05,3,3,76,34,0,1,HYP,0.96,0,0,0,0,0,1,1,1,0,0,0,0,0,0,0,0,0,0,0,0,0,0,0,1,0,0,0,0,1,0,1,1,0,0,1,1,1,1,1,1,1,89.3,99.17,98.48
case-000418,64,0,5.95,1,3,61,34,0,1,STTC,0.87,0,0,1,0,1,1,0,0,0,0,0,0,0,0,0,0,0,0,0,0,0,0,0,0,0,0,1,0,0,0,0,1,0,0,1,1,1,1,1,1,1,64.15,112.94,98.06
case-000419,87,0,2.27,1,3,56,27,0,1,HYP,0.87,0,0,0,1,1,0,0,0,0,1,0,0,0,0,0,0,0,0,0,0,0,0,0,1,0,0,0,0,0,0,0,0,0,0,1,1,1,0,1,1,1,53.46,147.13,94.4
case-000420,75,0,1.65,1,3,26,32,0,1,HYP,0.87,0,0,1,0,1,0,0,0,1,0,0,0,0,0,0,0,0,0,0,0,0,0,0,1,0,0,0,0,0,0,0,0,0,0,1,1,1,0,1,1,1,95.35,113.17,95.47
case-000421,90,1,0.48,2,3,19,24,0,1,HYP,0.9433,0,0,0,0,1,1,0,0,1,0,0,0,0,0,0,0,1,0,0,0,0,0,0,1,0,0,0,0,0,0,0,1,0,0,1,1,1,0,1,1,1,68.52,159.0,99.75
case-000422,90,0,0.74,3,3,19,24,0,1,CD,0.96,0,0,0,1,0,1,0,1,0,0,0,0,0,0,0,0,0,0,0,1,0,0,1,1,0,0,0,0,0,0,0,0,1,0,1,1,1,0,0,1,1,49.62,130.0,99.49
case-000423,90,1,1.29,2,3,18,26,0,1,STTC,0.96,0,0,0,1,0,1,0,0,1,0,0,0,0,0,1,0,0,0,0,0,0,0,0,1,0,0,0,0,0,0,0,1,0,1,1,1,1,0,1,1,1,67.43,137.4,95.71
case-000424,69,1,0.61,4,3,17,22,0,1,CD,0.96,0,0,0,0,0,1,0,1,1,0,0,0,0,0,0,0,0,0,0,1,1,0,0,1,0,0,0,0,0,0,1,0,1,0,1,1,1,0,0,1,1,52.38,148.33,96.5
case-000425,70,1,2.02,1,3,11,27,0,1,HYP,0.87,0,0,0,1,0,1,0,0,1,0,0,0,0,0,0,0,0,0,0,0,0,0,0,1,0,0,0,0,0,0,0,0,0,0,1,1,1,0,1,1,1,60.02,135.69,98.21
case-000426,41,1,1.73,1,3,7,22,0,1,NORM,0.87,0,0,0,0,1,0,0,0,1,0,0,0,0,1,1,0,0,0,0,0,0,0,0,0,0,0,0,0,0,0,0,0,0,0,1,1,1,0,0,1,1,73.09,134.65,97.55
case-000427,73,1,0.34,1,4,11,6,1,1,STTC,0.8633,0,0,1,0,1,1,0,1,0,0,0,0,0,0,0,0,0,0,0,0,0,0,0,0,0,0,1,0,0,0,0,0,0,0,0,0,0,0,0,0,0,45.41,98.28,88.07
case-000428,83,0,0.52,1,4,29,5,1,1,HYP,0.825,0,0,1,0,0,1,0,0,1,0,0,0,0,1,0,0,0,0,0,0,0,0,0,1,0,0,0,0,0,0,0,0,0,0,0,0,0,1,1,0,0,105.49,84.15,94.52
case-000429,49,0,7.21,9,11,19,33,0,1,NORM,0.94,1,1,1,1,1,1,1,0,1,1,0,0,1,1,1,1,0,1,0,1,0,1,1,0,1,1,0,0,1,0,0,0,0,1,1,1,1,0,1,1,1,89.52,112.09,96.17
case-000430,56,1,2.89,8,11,16,29,0,1,CD,0.9233,1,0,1,1,1,1,0,1,1,1,1,0,1,1,1,1,0,1,1,1,0,1,1,1,0,0,0,0,0,0,0,1,0,1,1,1,1,0,1,1,1,56.85,133.24,96.04
case-000431,53,1,2.64,9,11,6,17,0,1,NORM,0.9233,1,0,1,1,1,1,1,1,1,1,1,0,0,1,1,1,1,0,0,1,0,0,0,1,1,1,0,0,1,0,1,0,0,0,1,1,1,0,1,0,0,94.21,105.49,99.12
case-000432,49,0,2.31,4,10,137,26,0,1,STTC,0.9233,1,1,1,1,1,1,1,0,1,0,0,0,1,1,0,0,0,0,0,0,0,0,0,0,1,1,1,0,0,0,1,0,1,0,1,1,1,0,1,1,1,88.41,124.43,98.39
case-000433,54,0,20.57,4,10,127,25,0,1,HYP,0.9233,1,1,1,1,1,1,1,1,1,1,0,0,0,0,0,0,1,0,0,0,0,0,0,0,1,1,0,0,0,0,1,1,0,0,1,1,1,1,0,1,1,95.3,125.08,96.11
case-000434,64,0,1.76,2,10,78,22,0,1,CD,0.9233,1,1,1,1,1,1,1,0,1,1,0,0,0,1,0,0,0,1,0,0,0,0,0,0,0,0,0,0,1,0,0,0,0,0,1,1,1,0,0,1,1,80.42,109.66,93.06
case-000435,49,0,20.46,8,10,75,33,0,1,NORM,0.94,1,0,1,1,1,1,1,0,1,1,0,0,1,1,1,1,0,1,0,1,0,1,0,1,0,0,0,0,1,0,1,0,0,1,1,1,1,0,1,1,1,70.49,98.52,95.54
case-000436,84,0,8.94,5,10,65,23,0,1,CD,0.9233,1,0,1,1,1,1,1,1,1,1,0,0,0,1,0,0,1,0,1,1,0,0,0,1,0,0,0,0,0,0,1,0,0,0,1,1,1,0,0,0,0,97.32,125.14,96.87
case-000437,63,0,0.66,7,10,42,29,0,1,MI,0.9233,1,1,1,1,1,1,1,1,1,0,0,0,0,1,0,0,1,1,0,0,0,0,0,1,1,1,0,0,1,0,1,1,0,0,1,1,1,1,1,1,1,97.89,93.38,96.93
case-000438,42,0,36.48,5,10,23,27,0,1,HYP,0.9067,1,0,1,1,1,1,1,1,1,1,0,0,0,1,0,0,1,0,0,1,0,0,0,1,0,1,0,0,0,0,1,0,0,1,1,1,1,0,1,1,1,93.85,103.13,99.45
case-000439,53,1,1.99,6,10,20,26,0,1,NORM,0.9233,1,0,1,1,1,1,1,1,1,0,1,0,0,1,1,0,1,0,0,0,0,0,0,1,1,1,0,0,0,0,1,1,0,1,1,1,1,1,0,1,1,82.54,114.82,98.41
case-000440,49,0,6.83,9,10,19,33,0,1,NORM,0.94,1,1,1,1,1,1,1,0,1,1,0,0,1,0,1,1,0,1,0,1,0,1,1,0,1,1,0,0,1,0,0,0,0,1,1,1,1,0,1,1,1,91.56,106.57,95.67
case-000441,84,1,17.23,4,10,14,29,1,1,CD,0.9067,1,0,1,1,1,1,1,1,1,0,1,0,0,1,0,0,0,0,1,1,0,0,0,1,0,0,0,0,0,0,1,0,0,0,1,1,1,0,1,1,1,66.08,116.66,97.77
case-000442,82,0,0.39,3,10,13,26,0,1,STTC,0.9233,1,1,1,1,1,1,1,0,1,0,1,0,0,1,0,0,0,0,0,0,0,0,0,0,1,1,1,0,0,0,0,1,0,0,1,1,1,0,0,1,1,79.59,99.28,93.51
case-000443,88,0,14.51,7,9,1135,29,1,1,NONE,0.9233,1,0,1,1,1,1,1,1,1,0,0,0,0,1,1,0,1,0,0,1,0,0,0,1,1,1,0,0,0,0,1,1,0,0,1,1,1,0,1,1,1,93.4,107.05,98.38
case-000444,68,0,20.67,7,9,322,31,0,1,CD,0.916,1,1,1,1,1,1,1,0,1,1,0,0,0,0,0,0,1,0,1,1,0,0,0,1,1,1,0,0,0,0,1,1,0,0,1,1,1,0,1,1,1,85.07,117.5,98.13
case-000445,80,0,6.41,5,9,293,33,1,1,NONE,0.94,1,0,1,1,1,1,1,1,1,1,0,0,0,0,1,0,0,0,0,0,0,0,0,1,1,1,0,0,0,0,1,1,0,0,1,1,1,0,1,1,1,82.07,111.14,98.28
case-000446,59,0,16.09,8,9,276,32,0,1,NONE,0.94,1,0,1,1,1,1,1,0,1,0,1,0,0,1,1,0,1,0,1,1,0,0,0,1,1,1,0,0,0,0,1,1,0,0,1,1,1,0,1,1,1,98.64,110.74,95.55
case-000447,33,1,9.84,4,9,174,32,0,1,HYP,0.9233,1,0,1,1,1,1,1,0,1,1,0,0,0,1,0,0,1,0,0,0,0,0,0,1,0,1,0,0,0,0,1,1,0,0,1,1,1,0,1,1,1,69.13,122.16,99.85
case-000448,87,0,35.83,7,9,142,32,1,1,CD,0.8993,1,0,1,1,1,1,1,0,1,1,0,0,0,1,1,0,0,0,1,1,0,0,0,1,1,1,0,0,0,0,1,1,0,0,1,1,1,1,1,1,1,93.98,116.74,97.66
case-000449,78,1,12.72,2,9,122,30,1,1,STTC,0.9233,1,1,1,1,1,1,0,1,1,0,0,0,0,1,0,0,0,0,0,0,0,0,0,0,0,1,1,0,0,0,0,0,0,0,1,1,1,1,0,1,1,94.17,115.4,95.78
case-000450,63,0,1.2,4,9,79,25,0,1,CD,0.9233,1,1,1,1,1,1,1,0,1,0,0,0,0,1,0,0,0,0,1,1,0,0,0,0,1,1,0,0,0,0,0,1,0,0,1,1,1,0,0,1,1,90.89,129.8,96.11
case-000451,64,0,19.79,3,9,73,31,0,1,HYP,0.844,0,0,1,1,1,1,1,0,1,1,0,0,1,1,0,0,0,0,0,0,0,0,0,1,1,1,0,0,0,0,0,0,0,0,1,1,1,1,1,1,1,80.3,150.32,96.96
case-000452,79,0,7.16,3,9,53,33,1,1,MI,0.9233,1,0,1,1,1,1,1,0,1,1,0,0,0,1,1,0,0,0,0,0,0,0,0,1,0,0,0,0,0,0,1,0,0,1,1,1,1,1,1,1,1,67.35,129.32,95.63
case-000453,42,0,16.55,6,9,45,33,0,1,HYP,0.9067,1,0,1,1,1,1,1,0,1,0,1,0,0,1,0,0,1,0,0,1,0,0,0,1,1,1,0,0,0,0,1,1,0,1,1,1,1,0,1,1,1,103.28,101.98,97.04
case-000454,58,1,1.01,4,9,42,28,0,1,HYP,0.9233,1,1,1,1,1,1,1,1,1,0,0,0,0,0,0,0,0,0,0,0,0,0,0,1,1,1,0,0,0,0,1,1,0,0,1,1,1,0,1,1,1,83.14,106.29,96.52
case-000455,84,0,12.88,6,9,36,30,0,1,HYP,0.9233,1,0,1,1,1,1,1,1,1,0,0,0,0,1,1,0,1,0,1,1,0,0,0,1,0,0,0,0,0,0,1,1,0,1,1,1,1,1,1,1,1,94.16,117.21,98.14
case-000456,57,0,1.65,1,9,30,31,0,1,HYP,0.8333,1,1,1,0,1,1,1,1,1,0,0,0,0,1,0,0,0,0,0,0,0,0,0,1,0,0,0,0,0,0,0,0,0,0,1,1,1,0,1,1,1,103.57,123.52,97.34
case-000457,84,0,7.7,7,9,28,27,0,1,MI,0.9233,1,1,1,1,1,1,1,1,1,0,0,0,0,0,1,0,1,1,0,1,0,0,0,1,0,0,0,0,1,0,1,0,0,0,1,1,1,0,0,1,1,84.02,118.37,96.12
case-000458,84,0,0.86,7,9,26,30,0,1,CD,0.9233,1,1,1,1,1,1,1,1,1,0,0,0,0,0,0,0,1,1,0,0,0,0,0,1,1,1,0,0,1,0,1,1,0,0,1,1,1,1,1,1,1,90.07,117.38,94.78
case-000459,83,1,2.9,3,9,24,25,0,1,HYP,0.9233,1,0,1,1,1,1,1,1,1,0,0,0,0,1,0,0,0,0,0,0,0,0,0,1,0,1,0,0,0,0,1,0,0,0,1,1,1,0,1,0,0,62.22,147.0,96.11
case-000460,73,0,1.03,7,9,19,24,0,1,CD,0.9233,1,1,1,1,1,1,1,1,1,0,0,0,0,0,0,0,1,1,1,1,0,0,0,1,0,0,0,0,1,0,1,0,0,0,1,1,1,1,1,1,1,95.05,105.53,95.07
case-000461,48,0,0.68,4,9,15,23,0,1,CD,0.9233,1,0,1,1,1,1,1,0,1,0,1,0,0,1,0,0,1,0,0,0,0,0,1,1,0,0,0,0,0,0,1,0,0,0,1,1,1,1,0,1,1,93.75,95.21,91.37
case-000462,90,0,1.74,5,9,14,25,0,1,HYP,0.9233,1,0,1,1,1,1,1,0,1,1,0,0,0,1,0,0,1,0,0,0,0,0,0,1,1,1,0,0,0,0,1,1,0,0,1,1,1,1,1,1,1,74.1,104.79,95.97
case-000463,49,0,5.15,8,9,13,32,0,1,NORM,0.94,1,1,1,1,0,1,1,0,1,1,0,0,1,0,1,1,0,1,0,1,0,1,1,0,1,1,0,0,0,0,0,0,0,1,1,1,1,0,1,1,1,77.13,110.63,98.29
case-000464,44,1,1.01,1,9,12,17,0,1,STTC,0.8333,0,0,1,1,1,1,1,1,1,0,1,0,0,1,0,0,0,0,0,0,0,0,0,0,0,0,0,0,0,0,1,0,0,0,1,1,1,0,1,0,0,91.52,97.33,98.53
case-000465,77,0,1.1,3,9,9,17,0,1,HYP,0.9233,1,1,1,1,1,1,1,1,1,0,0,0,0,0,0,0,0,1,0,0,0,0,0,1,0,0,0,0,1,0,0,0,0,0,1,1,1,0,0,0,0,64.45,110.5,94.61
case-000466,58,0,5.38,6,9,8,24,0,1,NORM,0.94,1,0,1,1,1,1,1,0,1,1,0,0,0,1,0,1,1,0,0,1,0,0,0,1,0,1,0,0,1,0,0,0,0,0,1,1,1,0,1,0,0,104.91,108.75,96.78
case-000467,72,1,7.12,5,9,7,27,1,1,HYP,0.9233,1,0,1,1,1,1,1,0,1,1,0,0,0,1,0,0,1,0,0,0,0,0,0,1,1,1,0,0,0,0,1,0,0,0,1,1,1,1,1,1,1,101.12,97.44,96.65
case-000468,53,0,8.88,8,8,868,34,0,1,CD,0.94,1,0,1,1,1,1,1,0,1,0,0,0,0,1,0,0,1,0,1,1,0,1,0,1,1,1,0,0,0,0,1,0,0,0,1,1,1,1,1,1,1,109.75,146.7,95.92
case-000469,27,0,15.41,5,8,339,30,0,1,CD,0.9233,1,0,1,1,1,1,1,0,1,0,0,0,0,1,0,0,0,0,0,1,0,1,0,0,1,1,0,0,0,0,1,0,0,1,1,1,1,1,0,1,1,103.78,107.43,96.32
case-000470,65,0,17.42,1,8,144,23,0,1,STTC,0.826,1,0,1,1,1,1,1,0,1,0,0,0,0,1,0,0,0,0,0,0,0,0,0,0,0,0,0,0,0,0,1,0,0,0,1,1,1,0,1,0,0,80.4,142.98,96.97
case-000471,57,0,0.75,3,8,92,28,0,1,HYP,0.9233,1,0,1,1,1,1,1,0,1,0,0,0,0,1,0,0,1,0,0,0,0,0,0,1,0,0,0,0,0,0,1,0,0,0,1,1,1,1,0,1,1,96.01,177.06,99.34
case-000472,74,0,0.72,3,8,85,33,0,1,NORM,0.9233,1,1,1,1,1,1,1,0,1,0,0,0,0,0,1,0,0,0,0,0,0,0,0,1,0,1,0,0,0,0,0,0,0,0,1,1,1,1,1,1,1,96.14,111.41,97.37
case-000473,87,1,1.66,4,8,81,28,0,1,HYP,0.9233,1,1,1,1,1,1,1,0,1,0,0,0,0,0,0,0,0,0,0,1,0,1,0,1,0,0,0,0,0,0,1,1,0,0,1,1,1,0,1,1,1,85.7,126.97,99.01
case-000474,79,0,2.86,2,8,66,33,1,1,HYP,0.9233,1,0,1,1,1,1,0,0,1,1,0,0,0,1,0,0,0,0,0,0,0,0,0,1,0,0,0,0,0,0,1,1,0,0,1,1,1,1,1,1,1,77.01,136.55,94.18
case-000475,21,0,1.27,1,8,59,29,0,1,STTC,0.8333,1,0,1,0,1,1,1,0,1,1,0,0,0,1,0,0,0,0,0,0,0,0,0,0,0,0,0,0,0,0,1,0,0,0,1,1,1,0,1,1,1,89.94,122.09,98.64
case-000476,90,0,3.93,4,8,56,26,0,1,HYP,0.9233,1,1,1,1,1,1,1,0,1,0,0,0,0,0,0,0,0,0,0,0,0,0,0,1,0,1,1,0,0,0,1,1,0,0,1,1,1,0,0,0,0,91.03,112.13,97.2
case-000477,76,0,3.02,8,8,55,29,0,1,CD,0.9233,1,0,1,1,1,1,1,0,1,0,0,0,0,1,1,0,1,0,1,1,0,0,1,1,0,1,0,0,0,0,1,1,0,0,1,1,1,1,1,0,0,84.58,116.31,97.41
case-000478,84,0,3.68,7,8,46,34,0,1,CD,0.9233,1,1,1,1,1,1,0,0,1,0,0,0,0,1,1,0,0,1,1,1,0,0,0,1,0,0,0,0,1,0,1,1,0,0,1,1,1,1,1,1,1,83.28,148.64,94.72
case-000479,80,0,3.16,9,8,46,31,1,1,CD,0.9233,1,0,1,1,1,1,1,0,1,0,0,0,0,1,1,0,1,1,1,1,0,0,0,1,0,1,0,1,0,0,1,1,0,1,1,1,1,0,1,1,1,80.6,120.24,93.9
case-000480,88,0,2.86,3,8,39,25,0,1,HYP,0.9233,1,0,1,1,1,1,1,0,1,0,0,0,0,1,0,0,0,0,0,1,0,0,0,1,0,0,0,0,0,0,1,0,0,0,1,1,1,0,1,1,1,59.01,137.3,96.17
case-000481,56,1,1.33,6,8,38,33,0,1,NORM,0.9233,1,1,0,1,1,1,1,0,1,0,0,0,0,1,1,0,1,0,0,1,0,1,0,1,0,0,0,0,0,0,1,1,0,0,1,1,1,1,1,1,1,92.51,109.79,99.85
case-000482,50,0,1.4,1,8,35,21,0,1,HYP,0.8333,0,0,1,1,1,1,1,1,0,1,0,0,0,1,0,0,0,0,0,0,0,0,0,1,0,0,0,0,0,0,0,0,0,0,1,1,1,0,0,0,0,100.3,131.22,99.64
case-000483,75,1,1.86,4,8,33,31,0,1,CD,0.9233,1,0,1,0,1,1,1,1,1,0,0,0,0,1,0,0,1,0,0,0,0,0,0,0,1,1,0,0,0,0,1,0,0,0,1,1,1,1,1,1,1,92.72,95.62,94.47
case-000484,38,0,1.2,3,8,33,19,0,1,STTC,0.9233,0,1,1,1,1,1,0,0,1,1,0,0,0,1,0,0,0,0,0,0,0,0,0,0,1,1,0,0,0,0,1,0,0,0,1,1,1,0,0,1,1,86.66,130.39,96.61
case-000485,31,0,1.93,5,8,32,29,0,1,NORM,0.9233,1,0,1,1,1,1,1,0,1,0,0,0,0,1,1,0,0,0,0,0,0,0,0,1,1,1,0,0,0,0,1,0,0,1,1,1,1,1,0,1,1,79.68,120.28,94.55
case-000486,73,0,1.17,2,8,32,26,0,1,HYP,0.9233,1,0,0,1,1,1,1,0,1,0,1,0,0,1,0,0,1,0,0,0,0,0,0,1,0,0,0,0,0,0,0,0,0,0,1,1,1,0,1,1,1,69.98,114.23,96.32
case-000487,86,0,3.6,7,8,31,30,1,1,CD,0.94,1,0,1,1,1,1,1,0,1,0,1,0,0,0,1,0,0,0,1,1,0,1,0,1,1,1,0,0,0,0,0,0,0,1,1,1,1,1,1,1,1,90.7,135.65,93.27
case-000488,64,0,3.41,7,8,28,29,0,1,NORM,0.9233,1,0,1,1,1,1,1,0,1,1,0,0,0,0,1,1,0,1,0,0,0,0,0,1,1,1,0,0,0,0,1,0,0,0,1,1,1,1,1,1,1,67.35,108.5,97.03
case-000489,57,0,4.01,4,8,27,34,0,1,NORM,0.9233,1,0,1,0,1,1,1,0,1,1,0,0,0,1,1,0,0,0,0,1,0,0,0,1,0,0,0,0,0,0,1,0,0,1,1,1,1,1,1,1,1,69.9,158.02,98.31
case-000490,75,1,1.64,3,8,26,29,0,1,STTC,0.9233,1,0,1,0,1,1,1,1,1,0,0,0,0,1,0,0,0,0,0,0,0,0,0,0,1,1,0,0,0,0,1,0,0,0,1,1,1,0,1,1,1,82.32,101.93,96.7
case-000491,82,1,23.71,5,8,23,31,0,1,HYP,0.9067,1,0,1,1,1,1,1,0,1,0,0,0,0,1,1,0,0,1,0,0,0,0,0,1,0,0,0,0,1,0,1,0,0,1,1,1,1,0,1,1,1,71.77,147.82,98.26
case-000492,25,1,2.94,5,8,20,32,0,1,NORM,0.9233,1,0,1,1,1,1,1,0,1,0,0,0,1,0,1,0,0,0,0,1,0,1,0,1,0,0,0,0,0,0,1,0,0,1,1,1,1,0,1,1,1,105.66,129.15,95.83
case-000493,53,0,15.02,4,8,18,29,0,1,HYP,0.9067,1,0,1,1,1,1,1,0,1,0,0,0,0,1,0,0,0,0,0,0,0,0,0,1,1,1,0,0,0,0,1,0,0,1,1,1,1,0,1,1,1,99.83,103.57,
case-000494,82,0,3.22,2,8,17,20,0,1,HYP,0.868,0,0,1,1,1,1,1,1,1,0,0,0,0,1,0,0,0,0,0,0,0,0,0,1,0,0,0,0,1,0,0,0,0,0,1,1,1,0,1,0,0,75.58,105.82,95.09
case-000495,37,0,3.01,1,8,16,15,0,1,HYP,0.8333,0,0,1,1,1,1,1,0,1,1,0,0,0,1,0,0,0,0,0,0,0,0,0,1,0,0,0,0,0,0,0,0,0,0,1,1,1,0,0,0,0,110.44,114.14,98.31
case-000496,39,1,1.67,1,8,15,20,0,1,STTC,0.8167,1,1,1,1,1,1,0,0,1,0,0,0,0,1,0,0,0,0,0,0,0,0,0,0,0,0,0,0,0,0,1,0,0,0,1,1,1,0,0,1,1,82.61,131.86,98.88
case-000497,44,0,0.82,2,8,15,27,0,1,HYP,0.9233,1,0,1,1,1,1,1,0,1,0,0,0,0,1,0,0,0,0,0,0,0,0,0,1,0,0,0,0,0,0,1,1,0,0,1,1,1,0,1,1,1,75.86,143.87,95.13
case-000498,84,0,1.87,5,8,13,27,0,1,MI,0.94,1,0,1,1,1,1,1,0,1,0,0,0,0,1,0,0,1,1,0,1,0,0,0,1,0,0,0,0,1,0,0,0,0,0,1,1,1,1,1,0,0,83.21,132.61,98.24
case-000499,70,0,1.11,2,8,13,19,0,1,HYP,0.9233,0,0,1,1,1,1,1,1,1,0,0,0,0,1,0,0,0,0,0,0,0,0,0,1,0,0,0,0,0,0,1,0,0,0,1,1,1,0,1,0,0,84.15,114.41,94.53
case-000500,90,1,1.91,7,8,10,26,0,1,CD,0.9233,1,0,1,1,1,1,1,0,0,1,0,0,0,1,1,0,1,1,1,1,0,0,1,1,0,0,0,0,0,0,0,1,0,1,1,1,1,1,1,1,1,87.44,107.98,94.86
case-000501,65,1,16.1,3,8,10,30,0,1,HYP,0.9067,1,0,1,1,1,1,0,1,1,0,0,0,0,1,0,0,0,0,0,0,0,0,0,1,0,0,0,0,1,0,1,0,0,1,1,1,1,0,1,1,1,74.93,110.81,96.24
case-000502,84,0,4.0,5,8,9,32,0,1,HYP,0.9233,1,0,1,1,0,1,1,1,1,0,0,0,0,1,1,0,0,0,1,1,0,0,0,1,0,0,0,0,0,0,1,1,0,1,1,1,1,1,1,1,1,80.66,137.72,98.05
case-000503,61,0,0.45,5,8,9,24,0,1,HYP,0.9233,1,0,1,1,1,1,0,0,1,1,0,0,1,0,0,0,1,0,0,1,0,1,0,1,0,0,0,0,0,0,1,0,1,0,1,1,1,0,0,1,1,62.69,108.94,98.6
case-000504,46,0,4.77,1,8,7,25,0,1,STTC,0.8333,1,1,1,1,1,1,1,0,1,0,0,0,0,0,0,0,0,0,0,0,0,0,0,0,0,0,0,0,0,0,1,0,0,0,1,1,1,0,1,1,1,103.85,118.13,98.61
case-000505,51,1,0.8,2,8,7,24,0,1,HYP,0.94,1,1,0,1,0,1,1,1,1,0,0,0,0,1,0,0,0,0,0,0,0,0,0,1,0,0,0,0,0,0,1,0,0,0,1,1,1,0,1,1,1,99.85,101.72,96.37
case-000506,43,0,5.02,4,8,5,19,0,1,HYP,0.8347,1,0,1,0,1,1,1,0,0,1,1,0,0,1,0,0,1,0,0,0,0,0,0,0,1,1,0,0,0,0,1,0,0,0,1,1,1,1,0,0,0,78.28,105.97,97.98
case-000507,53,1,9.14,6,7,1109,34,0,1,HYP,0.94,1,0,1,1,1,1,1,0,1,0,0,0,0,0,0,0,1,0,0,1,0,1,0,1,1,1,0,0,0,0,0,1,0,0,1,1,1,1,1,1,1,86.72,117.24,96.03
case-000508,79,0,17.33,5,7,929,35,1,1,STTC,0.9233,1,0,1,1,1,1,1,1,0,0,0,0,0,0,0,0,0,0,1,1,0,0,0,1,1,1,0,0,0,0,0,1,0,1,1,1,1,1,1,1,1,92.49,110.28,94.4
case-000509,65,0,9.41,5,7,656,32,1,1,NORM,0.9233,1,0,1,1,0,1,1,0,1,0,0,0,0,1,1,0,1,0,0,0,0,0,0,0,1,1,0,0,0,0,1,1,0,1,1,1,1,1,1,1,1,67.31,102.82,96.31
case-000510,34,0,9.19,9,7,505,34,0,1,CD,0.9233,1,0,1,0,1,1,1,0,1,1,0,0,0,0,0,1,0,0,0,1,1,0,1,1,1,1,0,1,0,0,1,1,0,0,1,1,1,1,1,1,1,85.51,100.85,96.26
case-000511,78,1,10.84,4,7,215,35,1,1,CD,0.9233,1,0,1,0,1,1,0,0,0,1,0,0,1,1,0,0,0,0,1,1,0,0,0,1,0,1,0,0,0,0,0,0,1,0,1,1,1,1,1,1,1,92.38,132.51,97.22
case-000512,62,1,1.18,4,7,157,33,0,1,CD,0.9233,1,0,1,1,0,1,1,0,1,0,0,0,0,1,0,0,0,1,0,0,0,0,0,1,0,1,0,0,1,0,0,1,0,0,1,1,1,0,1,1,1,88.84,99.74,96.67
case-000513,71,0,4.11,3,7,156,26,0,1,HYP,0.9233,1,0,0,1,0,1,1,1,0,1,0,0,0,1,0,0,0,0,0,0,0,0,0,1,1,1,0,0,0,0,0,0,0,0,1,1,1,0,1,1,1,87.3,128.12,96.74
case-000514,77,0,17.65,8,7,140,35,0,1,CD,0.9233,0,0,1,1,1,1,1,1,1,0,0,0,0,0,1,0,0,0,1,1,0,0,0,1,1,1,0,0,1,0,1,1,0,0,1,1,1,1,1,1,1,92.75,116.5,96.5
case-000515,56,1,6.23,2,7,136,34,0,1,HYP,0.9233,0,1,1,0,0,1,1,1,1,0,0,0,0,1,0,0,1,0,0,0,0,0,0,1,0,0,0,0,0,0,0,1,0,1,1,1,1,1,1,1,1,101.96,132.51,98.13
case-000516,71,1,2.66,4,7,134,22,0,1,HYP,0.9233,1,0,1,1,1,1,0,0,1,1,0,0,0,0,0,0,0,0,0,1,0,1,0,1,0,0,0,0,0,0,1,1,0,0,1,1,1,0,1,0,0,106.19,117.51,96.24
case-000517,38,1,3.08,2,7,131,34,1,1,HYP,0.94,1,0,1,0,1,1,0,0,1,1,1,0,0,0,0,0,0,0,0,0,0,0,0,1,0,1,0,0,0,0,0,1,0,0,1,1,1,1,1,1,1,126.97,105.38,99.47
case-000518,80,0,3.67,4,7,120,25,1,1,NONE,0.892,1,0,1,1,1,1,1,0,1,0,0,0,0,0,1,0,0,0,0,0,0,0,0,1,1,1,0,0,0,0,0,0,0,0,1,1,1,0,0,0,0,87.24,155.73,96.66
case-000519,69,0,7.37,7,7,118,33,0,1,NORM,0.9067,1,0,1,1,1,1,1,0,1,0,0,0,0,0,1,0,1,0,0,1,0,0,0,1,1,1,1,0,0,0,0,1,0,0,1,1,1,1,1,1,1,72.25,155.79,97.44
case-000520,63,1,3.86,6,7,113,33,0,1,NORM,0.9233,1,0,1,1,1,1,1,0,1,0,0,0,0,0,1,0,1,0,0,0,0,0,0,1,1,1,0,0,0,0,1,1,0,0,1,1,1,0,1,1,1,111.85,117.49,88.68
case-000521,60,1,2.13,5,7,111,31,0,1,NORM,0.9233,1,1,1,1,0,1,1,0,1,0,0,0,0,0,1,0,1,0,0,0,0,0,0,1,1,1,0,0,0,0,0,0,0,1,1,1,1,1,1,1,1,73.15,128.02,95.29
case-000522,22,0,1.7,1,7,86,25,0,1,STTC,0.8333,1,0,1,1,1,1,1,0,1,0,0,0,0,0,0,0,0,0,0,0,0,0,0,0,0,0,0,0,0,0,1,0,0,0,1,1,1,1,0,1,1,100.77,126.38,99.53
case-000523,70,1,2.58,1,7,85,25,0,1,HYP,0.8333,0,1,1,0,1,1,1,0,1,0,0,0,0,1,0,0,0,0,0,0,0,0,0,1,0,0,0,0,0,0,0,0,0,0,1,1,1,0,1,1,1,85.53,138.3,98.03
case-000524,71,1,2.66,4,7,80,22,0,1,HYP,0.9233,1,0,1,1,1,1,0,0,1,1,0,0,0,0,0,0,0,0,0,1,0,1,0,1,0,0,0,0,0,0,1,0,0,0,1,1,1,0,0,1,1,99.83,113.39,96.15
case-000525,75,1,0.94,1,7,77,32,0,1,HYP,0.8333,1,0,1,1,1,1,0,1,1,0,0,0,0,0,0,0,0,0,0,0,0,0,0,1,0,0,0,0,0,0,0,0,0,0,1,1,1,0,1,1,1,93.41,114.0,97.79
case-000526,71,0,4.33,3,7,76,32,0,1,CD,0.9233,1,0,1,1,1,1,1,0,1,0,0,0,0,0,1,0,0,0,1,1,0,0,0,0,0,0,0,0,0,0,0,1,0,1,1,1,1,0,1,1,1,79.59,119.27,93.86
case-000527,73,0,41.89,3,7,76,30,1,1,NORM,0.9067,1,0,1,1,0,1,1,0,1,0,0,0,0,1,1,0,0,0,0,0,0,0,0,1,0,0,0,0,0,0,1,0,0,0,1,1,1,0,1,1,1,83.68,135.54,96.77
case-000528,68,1,7.46,3,7,70,32,1,1,HYP,0.9233,0,0,1,0,1,1,1,1,1,0,0,0,0,1,0,0,0,0,0,0,0,0,0,1,1,1,0,0,0,0,0,0,0,0,1,1,1,1,1,1,1,102.96,132.35,97.82
case-000529,36,1,0.58,5,7,64,34,0,1,MI,0.916,1,1,1,1,1,1,0,0,1,0,0,0,0,0,0,0,1,0,0,0,0,0,0,0,1,1,1,0,0,0,1,1,0,0,1,1,1,1,1,1,1,112.13,108.76,89.67
case-000530,64,0,2.6,2,7,62,32,0,1,HYP,0.9233,1,0,1,1,1,1,0,0,1,1,0,0,0,0,0,0,0,0,0,0,0,0,0,1,0,0,0,0,0,0,1,1,0,0,1,1,1,0,1,1,1,73.7,130.41,95.66
case-000531,71,0,0.82,3,7,61,32,0,1,NORM,0.9233,1,0,1,1,1,1,1,0,1,0,0,0,0,0,1,0,0,0,0,0,0,0,0,1,0,0,0,0,0,0,1,0,0,0,1,1,1,0,1,1,1,95.26,118.21,97.67
case-000532,68,1,3.12,1,7,60,32,0,1,HYP,0.8333,1,1,0,1,1,1,0,1,1,0,0,0,0,0,0,0,0,0,0,0,0,0,0,1,0,0,0,0,0,0,0,0,0,1,1,1,1,0,1,1,1,105.34,129.83,94.54
case-000533,88,0,0.85,4,7,60,33,0,1,HYP,0.9233,1,0,1,0,1,1,1,0,1,0,0,0,0,1,0,0,1,0,0,0,0,0,0,1,1,1,0,0,0,0,0,0,0,1,1,1,1,1,1,1,1,86.52,105.53,96.1
case-000534,66,1,9.05,5,7,57,31,0,1,HYP,0.892,1,0,1,1,1,1,1,0,1,0,0,0,0,0,0,0,0,0,1,1,0,0,0,1,0,1,0,0,0,0,1,1,0,0,1,1,1,0,1,1,1,84.42,136.34,98.66
case-000535,62,0,8.85,3,7,54,31,0,1,HYP,0.9067,1,0,1,0,1,1,1,0,0,0,1,0,0,1,0,0,0,0,0,0,0,0,0,1,1,1,0,0,0,0,0,1,0,1,1,1,1,1,0,1,1,75.14,97.47,97.55
case-000536,64,0,1.26,8,7,49,32,0,1,NORM,0.9233,1,0,1,1,1,1,0,1,1,0,0,0,0,0,1,0,1,0,0,1,0,0,0,1,0,1,0,1,1,1,0,0,0,0,1,1,1,0,1,1,1,83.93,107.51,95.04
case-000537,72,0,0.75,2,7,48,29,0,1,HYP,0.9233,1,0,1,1,1,1,1,0,1,0,0,0,0,0,0,0,0,0,0,0,0,0,0,1,0,0,0,0,0,0,1,1,0,0,1,1,1,1,1,1,1,82.6,127.72,99.34
case-000538,78,0,2.9,5,7,47,24,0,1,STTC,0.9233,1,0,1,0,1,1,1,0,1,0,0,0,0,1,1,0,0,0,1,1,0,0,0,0,0,0,0,0,1,0,1,0,0,0,1,1,1,0,0,1,1,94.09,124.4,96.64
case-000539,72,0,2.88,3,7,45,26,0,1,CD,0.9233,1,1,0,1,1,1,1,0,1,0,0,0,0,0,0,0,1,0,0,0,0,0,1,0,0,0,0,0,1,0,0,0,0,0,1,1,1,0,1,1,1,60.27,97.76,98.36
case-000540,62,1,1.94,2,7,43,27,0,1,HYP,0.9233,1,0,1,1,1,1,1,0,1,0,0,0,0,0,0,0,0,0,0,0,0,0,0,1,0,0,0,0,0,0,1,0,1,0,1,1,1,0,1,1,1,101.9,162.39,95.12
case-000541,83,0,3.88,5,7,43,33,0,1,CD,0.9233,0,0,1,1,1,1,1,0,1,0,0,0,0,1,0,0,0,1,0,1,0,0,0,0,0,0,0,1,1,0,1,1,0,1,1,1,1,1,1,1,1,80.31,142.5,96.15
case-000542,65,0,2.04,5,7,43,28,0,1,HYP,0.892,0,0,1,1,1,1,1,0,1,0,0,0,0,1,0,0,0,0,0,1,0,0,0,1,0,0,0,1,1,0,1,0,0,0,1,1,1,0,1,1,1,87.39,118.65,97.53
case-000543,72,0,1.78,5,7,41,25,0,1,CD,0.9233,1,1,0,1,1,1,1,0,1,0,0,0,0,0,0,0,1,0,0,0,0,0,1,1,0,0,0,0,1,0,1,0,0,0,1,1,1,0,1,1,1,60.37,101.97,97.83
case-000544,77,1,7.68,4,7,38,27,0,1,HYP,0.9067,1,0,1,0,1,1,1,0,1,1,0,0,0,0,0,0,1,0,0,0,0,0,0,1,1,1,0,0,0,0,0,1,0,0,1,1,1,1,1,1,1,85.77,135.47,99.22
case-000545,89,0,0.23,9,7,37,26,1,1,HYP,0.9233,1,0,1,1,1,1,0,0,0,1,0,0,0,1,0,0,1,0,0,1,0,1,0,1,1,1,1,0,1,0,1,1,0,0,1,1,1,1,1,0,0,56.36,69.0,96.46
case-000546,83,0,9.0,6,7,37,29,0,1,CD,0.8513,1,0,1,1,1,1,1,0,1,0,0,0,0,0,0,0,1,0,1,1,0,1,0,1,0,0,0,0,0,0,1,1,0,0,1,1,1,1,1,1,1,101.27,139.77,94.42
case-000547,78,0,0.89,4,7,37,27,0,1,CD,0.9233,1,0,1,1,1,1,0,0,1,0,0,0,0,1,0,0,1,0,1,1,0,0,0,1,0,0,0,0,0,0,0,1,0,0,1,1,1,0,1,1,1,92.27,116.08,98.1
case-000548,58,1,2.04,2,7,37,32,0,1,HYP,0.9233,0,0,1,1,1,1,1,0,1,0,0,0,0,1,0,0,0,0,0,0,0,0,0,1,0,0,0,0,0,0,1,0,0,0,1,1,1,0,1,1,1,95.09,99.04,97.88
case-000549,72,0,5.29,4,7,36,31,0,1,CD,0.9233,1,1,1,1,0,1,1,0,1,0,0,0,0,0,0,0,1,0,0,0,0,0,0,0,1,1,0,0,1,0,0,0,0,0,1,1,1,0,1,1,1,62.26,100.37,97.81
case-000550,63,1,6.42,4,7,36,34,0,1,STTC,0.94,1,0,1,1,1,1,0,0,1,0,0,0,0,1,1,0,0,0,0,0,0,0,0,1,0,0,1,0,0,0,1,1,0,0,1,1,1,1,1,1,1,91.44,149.75,99.99
case-000551,77,0,3.25,6,7,36,27,0,1,CD,0.9233,1,0,1,1,1,1,1,0,1,0,0,0,0,0,1,0,1,1,1,1,0,0,0,0,0,0,0,0,1,0,0,1,0,1,1,1,1,1,1,1,1,91.27,139.6,99.29
case-000552,84,0,2.98,2,7,35,30,0,1,CD,0.9233,0,0,1,1,1,1,1,1,1,0,0,0,0,0,0,0,0,0,1,1,0,0,0,0,0,0,0,0,0,0,0,1,0,0,1,1,1,1,1,1,1,92.52,109.23,96.78
case-000553,74,0,0.93,2,7,33,1,0,1,HYP,0.8183,0,0,1,1,1,1,1,1,0,0,0,0,0,1,0,0,0,0,0,0,0,0,0,1,0,0,0,0,0,0,1,0,0,0,0,0,0,0,0,0,0,80.84,128.75,96.45
case-000554,63,0,6.86,5,7,32,32,1,1,NORM,0.9233,1,0,1,1,1,1,0,0,0,1,0,0,0,1,1,0,0,0,0,0,0,0,0,1,0,1,1,0,0,0,1,0,0,0,1,1,1,1,1,1,1,64.77,107.5,99.59
case-000555,63,1,0.89,6,7,31,27,0,1,STTC,0.9233,1,0,1,1,1,1,1,0,1,0,0,0,0,0,1,0,1,0,0,0,0,0,0,1,1,1,0,0,0,0,1,1,0,0,1,1,1,0,1,1,1,98.44,126.91,90.69
case-000556,58,1,1.1,3,7,30,33,0,1,HYP,0.94,0,1,1,1,1,1,1,0,1,0,0,0,0,0,0,0,0,0,0,0,0,0,0,1,1,1,0,0,0,0,0,1,0,0,1,1,1,1,1,1,1,105.98,142.72,98.49
case-000557,73,0,2.14,2,7,28,30,0,1,HYP,0.8753,1,0,1,1,1,1,0,1,1,0,0,0,0,0,0,0,0,0,0,0,0,0,0,1,0,0,0,0,0,0,1,1,0,0,1,1,1,1,1,1,1,112.81,113.37,97.68
case-000558,63,0,2.14,5,7,28,34,1,1,NORM,0.9233,1,0,1,1,1,1,0,0,0,1,0,0,0,1,1,0,0,0,0,0,0,0,0,1,0,1,1,0,0,0,1,0,0,1,1,1,1,1,1,1,1,54.31,103.84,97.87
case-000559,56,1,4.85,1,7,26,34,1,1,STTC,0.8333,1,1,1,0,1,1,1,0,1,0,0,0,0,0,0,0,0,0,0,0,0,0,0,0,0,1,0,0,0,0,0,1,0,1,1,1,1,1,1,1,1,96.47,96.54,96.4
case-000560,90,1,5.08,1,7,24,26,0,1,STTC,0.8333,1,0,0,1,1,1,1,1,0,1,0,0,0,0,0,0,0,0,0,0,0,0,0,0,0,0,0,0,0,0,1,1,0,0,1,1,1,1,0,1,1,96.95,106.18,95.1
case-000561,40,0,2.51,1,7,24,23,0,1,MI,0.8333,0,0,1,1,1,1,0,0,1,0,1,0,0,1,0,0,1,0,0,0,0,0,0,0,0,0,0,0,0,0,0,0,0,0,1,1,1,0,0,1,1,123.04,123.6,96.8
case-000562,66,0,0.25,4,7,23,33,1,1,HYP,0.9233,1,1,1,1,1,1,0,0,1,0,0,0,0,0,0,0,0,0,0,1,0,1,0,1,0,0,1,0,0,0,0,1,0,0,1,1,1,1,1,1,1,116.52,118.09,94.73
case-000563,86,0,0.97,2,7,23,27,0,1,HYP,0.9233,1,1,1,1,1,1,0,0,1,0,0,0,0,0,0,0,0,0,0,0,0,0,0,1,0,0,0,0,0,0,1,0,0,0,1,1,1,0,1,1,1,62.32,110.09,99.04
case-000564,57,1,3.42,3,7,22,31,0,1,MI,0.9233,1,1,0,1,0,1,1,0,1,0,0,0,0,1,0,0,1,0,0,0,0,0,0,0,1,1,0,0,0,0,0,1,0,0,1,1,1,0,1,1,1,80.68,119.66,95.16
case-000565,74,0,2.74,2,7,22,27,0,1,HYP,0.8273,1,0,1,1,1,1,1,0,1,0,0,0,0,0,0,0,0,0,0,0,0,0,0,1,0,0,0,0,0,0,1,1,0,1,1,1,1,0,1,1,1,60.32,126.97,99.43
case-000566,29,1,2.83,1,7,21,31,0,1,HYP,0.8333,1,1,0,1,1,1,1,0,1,0,0,0,0,0,0,0,1,0,0,0,0,0,0,0,0,0,0,0,0,0,0,0,0,0,1,1,1,1,1,1,1,96.73,125.85,99.34
case-000567,77,0,5.24,5,7,21,32,0,1,CD,0.8347,1,0,1,0,0,1,1,1,1,1,0,0,0,0,1,1,0,0,0,1,0,0,0,0,1,1,0,0,0,0,0,1,0,0,1,1,1,1,1,1,1,90.16,99.56,98.83
case-000568,34,0,0.27,1,7,21,16,0,1,STTC,0.8333,0,1,1,0,1,1,1,0,1,1,0,0,0,0,0,0,0,0,0,0,0,0,0,0,0,0,0,0,0,0,1,0,0,0,1,1,1,0,0,0,0,91.36,123.33,95.32
case-000569,71,0,2.38,6,7,19,18,0,1,HYP,0.9233,1,0,1,1,1,1,1,0,1,0,0,0,0,0,0,0,1,0,0,1,0,0,0,1,1,1,0,0,0,0,1,0,0,1,1,1,1,0,0,0,0,106.16,118.56,98.72
case-000570,75,0,1.43,3,7,19,7,0,1,HYP,0.9083,0,0,1,1,1,1,1,1,1,0,0,0,0,0,0,0,1,0,0,0,0,0,0,1,0,0,0,0,0,0,1,0,0,0,0,0,0,0,0,1,1,83.11,119.75,95.24
case-000571,76,0,3.54,7,7,18,33,1,1,CD,0.9233,1,0,1,0,1,1,1,1,1,0,0,0,0,0,1,0,0,0,1,1,0,0,1,1,1,1,0,0,0,0,0,1,0,1,1,1,1,1,1,1,1,87.17,104.84,96.38
case-000572,62,1,0.76,2,7,17,28,0,1,STTC,0.9233,1,0,1,0,0,1,1,0,0,1,0,0,1,1,0,0,0,0,0,0,0,0,0,0,1,1,0,0,0,0,0,1,0,0,1,1,1,0,1,0,0,90.03,104.7,95.01
case-000573,83,1,0.52,1,7,17,26,0,1,HYP,0.8333,0,0,1,1,1,1,0,0,1,1,0,0,0,1,0,0,0,0,0,0,0,0,0,1,0,0,0,0,0,0,0,1,0,1,1,1,1,0,1,1,1,87.14,138.96,97.05
case-000574,73,0,0.79,3,7,15,26,1,1,HYP,0.9233,1,0,1,0,1,1,1,1,1,0,0,0,0,0,0,0,0,0,0,0,0,0,0,1,1,1,0,0,0,0,0,1,0,0,1,1,1,1,1,1,1,126.4,82.49,99.39
case-000575,79,1,2.17,2,7,15,23,0,1,HYP,0.9233,1,0,1,1,1,1,0,0,1,0,0,0,0,1,0,0,0,0,0,0,0,0,0,1,0,0,0,0,0,0,1,1,0,0,1,1,1,0,1,1,1,78.11,186.46,97.79
case-000576,64,0,0.44,4,7,15,23,0,1,NORM,0.9233,1,0,1,1,1,1,1,0,0,0,0,0,0,1,1,0,0,0,0,0,0,0,0,1,1,1,0,0,0,0,0,0,0,0,1,1,1,1,0,1,1,100.71,75.58,99.78
case-000577,20,0,1.28,1,7,15,31,0,1,STTC,0.8333,0,0,1,0,1,1,1,0,1,1,0,0,0,1,0,0,0,0,0,0,0,0,0,0,0,0,0,0,0,0,1,0,0,0,1,1,1,0,1,1,1,96.44,123.79,96.23
case-000578,59,0,1.7,4,7,14,27,0,1,HYP,0.9233,1,0,1,1,1,1,1,0,1,0,0,0,0,0,0,0,1,0,0,0,0,0,0,1,0,1,0,0,0,0,1,1,0,0,1,1,1,1,1,1,1,91.33,115.94,96.26
case-000579,58,0,0.81,3,7,14,23,0,1,MI,0.8273,1,0,1,1,1,1,1,0,0,0,0,0,0,1,0,0,0,1,0,0,0,0,0,1,0,0,0,0,1,0,0,1,0,0,1,1,1,1,0,1,1,108.3,123.12,94.1
case-000580,69,0,0.99,4,7,13,26,0,1,CD,0.9233,1,0,1,1,1,1,1,0,1,0,0,0,0,0,0,0,0,0,0,1,0,0,0,0,1,1,0,0,0,0,1,0,1,0,1,1,1,1,1,1,1,99.06,110.38,91.09
case-000581,52,1,1.02,1,7,11,9,0,1,HYP,0.8333,1,0,0,1,1,1,1,0,1,1,0,0,0,0,0,0,0,0,0,0,0,0,0,1,0,0,0,0,0,0,0,0,0,0,1,1,1,0,0,0,0,73.75,155.79,97.39
case-000582,66,1,9.46,8,7,10,25,0,1,CD,0.844,1,0,1,1,1,1,1,0,1,0,0,0,0,0,1,0,1,0,1,1,0,0,0,1,1,1,0,0,0,0,1,1,0,0,1,1,1,0,0,1,1,85.33,127.7,90.5
case-000583,65,0,2.96,3,7,10,16,0,1,NORM,0.9233,1,0,1,1,1,1,1,0,0,0,0,0,0,1,1,0,0,0,0,0,0,0,0,1,0,0,0,0,1,0,0,0,0,0,1,1,1,0,0,0,0,82.91,120.62,65.25
case-000584,26,0,1.74,1,7,10,20,0,1,CD,0.8093,1,0,0,1,1,1,1,0,1,0,0,0,0,1,0,0,0,0,0,1,0,0,0,0,0,0,0,0,0,0,0,0,0,0,1,1,1,1,0,0,0,71.36,124.57,98.42
case-000585,48,0,1.21,5,7,9,26,0,1,MI,0.9233,0,0,1,1,1,1,0,0,1,1,1,0,0,0,0,0,1,1,0,0,0,0,1,1,0,0,0,0,0,0,1,1,0,0,1,1,1,0,1,1,1,81.58,114.5,96.13
case-000586,77,0,0.7,6,7,6,30,0,1,NONE,0.9233,1,1,1,1,0,1,0,1,1,0,0,0,0,0,1,0,0,0,0,0,0,0,0,1,1,1,0,1,1,0,0,0,1,0,1,1,1,1,1,1,1,94.03,105.95,96.91
case-000587,68,0,1.86,3,7,6,28,0,1,HYP,0.9067,1,0,1,1,1,1,1,1,0,0,0,0,0,0,0,0,0,0,1,1,0,0,0,1,0,0,0,0,0,0,0,1,0,0,1,1,1,1,1,1,1,81.89,133.17,95.58
case-000588,73,1,2.48,4,7,6,16,0,1,HYP,0.8513,0,0,1,1,1,1,1,0,1,0,0,0,0,1,0,0,0,0,0,1,1,0,1,0,0,0,0,0,0,0,1,1,0,0,1,1,1,0,0,0,0,73.93,139.67,96.61
case-000589,81,0,0.79,1,7,5,26,0,1,HYP,0.8333,1,0,1,1,1,1,0,1,0,0,0,0,0,1,0,0,0,0,0,0,0,0,0,1,0,0,0,0,0,0,0,1,0,0,1,1,1,0,1,1,1,78.74,105.73,97.59
case-000590,51,1,2.79,3,7,5,27,0,1,STTC,0.8993,1,0,0,0,1,1,1,0,1,1,0,0,0,1,0,0,0,0,0,0,0,0,0,0,1,1,0,0,0,0,1,1,0,0,1,1,1,0,1,1,1,94.63,119.44,94.44
case-000591,62,0,0.25,2,7,3,26,0,1,HYP,0.9353,0,1,1,1,1,1,0,0,1,0,0,0,0,1,0,0,0,0,0,0,0,0,0,1,0,0,0,0,1,0,0,1,0,0,1,1,1,0,1,1,1,81.11,110.05,97.11
case-000592,82,0,46.18,3,6,1713,33,0,1,STTC,0.9233,0,0,1,1,0,1,1,0,1,1,0,0,0,0,0,0,0,0,0,0,0,0,0,0,1,1,0,0,0,0,1,1,0,0,1,1,1,0,1,1,1,80.34,131.39,97.38
case-000593,78,0,11.03,3,6,564,34,0,1,MI,0.9233,1,0,1,1,1,1,1,0,0,0,0,0,0,0,0,0,1,0,0,0,0,0,0,0,1,1,0,0,0,0,0,1,0,1,1,1,1,1,1,1,1,88.22,130.09,96.56
case-000594,71,0,3.37,4,6,278,34,0,1,CD,0.9233,1,0,1,1,1,1,1,0,0,0,0,0,0,0,0,0,0,0,0,1,0,0,0,0,1,1,0,0,0,0,1,1,0,0,1,1,1,1,1,1,1,97.2,111.97,98.44
case-000595,79,1,36.96,1,6,187,35,0,1,MI,0.8333,0,0,1,0,1,1,1,1,0,0,0,0,0,1,0,0,1,0,0,0,0,0,0,0,0,0,0,0,0,0,0,0,1,0,1,1,1,1,1,1,1,89.55,118.16,97.19
case-000596,64,1,8.7,2,6,187,23,1,1,HYP,0.94,0,0,1,1,0,1,1,1,0,0,0,0,0,1,0,0,1,0,0,0,0,0,0,1,0,0,0,0,0,0,0,0,0,0,1,1,1,0,0,1,1,81.63,120.19,92.82
case-000597,52,0,2.93,1,6,172,32,0,1,STTC,0.8333,0,0,1,1,0,1,1,0,1,1,0,0,0,0,0,0,0,0,0,0,0,0,0,0,0,0,0,0,0,0,1,0,0,0,1,1,1,1,1,1,1,79.69,131.48,97.76
case-000598,58,0,7.08,4,6,157,34,1,1,HYP,0.9233,1,1,1,0,0,1,1,0,1,0,0,0,0,0,0,0,0,0,0,1,0,0,0,1,1,1,0,0,0,0,0,0,1,0,1,1,1,1,1,1,1,81.72,105.56,99.12
case-000599,65,1,1.21,3,6,144,32,1,1,CD,0.9233,1,0,1,0,0,1,1,1,1,0,0,0,0,0,0,0,0,0,0,1,0,0,0,0,1,1,0,0,0,0,0,1,0,1,1,1,1,1,1,1,1,109.09,90.81,91.01
case-000600,72,1,6.38,4,6,142,33,0,1,HYP,0.9233,1,0,1,1,0,1,1,0,1,0,0,0,0,0,0,0,1,0,0,1,0,0,0,1,0,0,0,0,0,0,1,0,0,1,1,1,1,1,1,1,1,79.29,146.88,96.83
case-000601,42,0,2.77,1,6,134,30,1,1,HYP,0.8333,1,1,0,1,1,1,0,0,1,0,0,0,0,0,0,0,0,0,0,0,0,0,0,1,0,0,0,0,0,0,0,0,0,0,1,1,1,0,1,1,1,119.95,122.23,95.88
case-000602,62,0,0.98,5,6,133,35,0,1,HYP,0.9233,0,0,1,1,0,1,1,0,1,0,0,0,0,1,0,0,1,0,0,0,0,0,0,1,0,0,0,0,1,1,1,1,0,0,1,1,1,1,1,1,1,85.99,110.71,97.7
case-000603,65,1,2.67,3,6,120,36,0,1,HYP,0.9233,0,0,1,1,1,1,1,0,0,0,0,0,0,1,0,0,0,0,0,0,0,0,0,1,1,1,0,0,0,0,0,1,0,1,1,1,1,1,1,1,1,54.98,115.43,99.05
case-000604,59,0,1.94,2,6,108,30,0,1,HYP,0.94,1,0,1,1,0,1,1,0,0,0,0,0,0,1,0,0,0,0,0,0,0,0,0,1,0,0,0,0,1,0,0,0,0,0,1,1,1,0,1,1,1,79.99,102.0,99.01
case-000605,77,0,20.93,6,6,105,29,0,1,CD,0.9067,1,0,1,0,1,1,0,0,1,0,0,0,0,1,1,0,0,0,0,1,0,0,0,1,0,1,1,0,1,0,0,1,0,1,1,1,1,1,1,1,1,82.09,121.4,99.09
case-000606,58,0,1.09,6,6,101,18,0,1,NORM,0.9233,0,0,1,1,0,1,0,0,1,1,0,0,0,1,1,1,0,0,0,1,0,0,1,1,0,0,0,0,1,0,0,0,0,0,1,1,1,0,0,0,0,101.83,103.94,97.75
case-000607,74,0,8.11,1,6,96,31,0,1,HYP,0.8333,1,1,1,0,0,1,1,0,1,0,0,0,0,0,0,0,0,0,0,0,0,0,0,1,0,0,0,0,0,0,0,0,0,0,1,1,1,0,1,1,1,84.82,121.36,99.53
case-000608,72,1,2.91,6,6,92,31,0,1,HYP,0.9233,1,0,1,1,0,1,1,0,1,0,0,0,0,0,0,0,1,0,0,1,0,0,0,1,1,1,0,0,0,0,1,1,0,1,1,1,1,1,0,1,1,90.07,123.31,94.7
case-000609,54,0,4.37,3,6,85,26,0,1,HYP,0.9233,1,0,1,1,0,1,1,0,1,0,0,0,0,0,0,0,1,0,0,0,0,0,0,0,1,1,0,0,0,0,0,1,0,0,1,1,1,1,1,0,0,54.25,101.45,99.27
case-000610,57,0,23.89,4,6,73,29,0,1,NORM,0.9233,1,0,1,0,0,1,1,0,1,0,0,0,0,1,1,0,0,0,0,1,0,0,0,1,0,0,0,0,0,0,1,0,0,0,1,1,1,0,0,1,1,69.49,175.04,98.02
case-000611,74,0,1.27,5,6,69,32,0,1,HYP,0.9233,1,0,1,1,1,1,0,0,1,0,0,0,0,0,0,0,0,0,0,0,0,0,0,1,1,1,0,0,1,0,1,0,1,0,1,1,1,1,1,1,1,93.29,130.63,94.72
case-000612,69,0,0.83,3,6,69,30,0,1,HYP,0.9233,1,0,1,1,1,1,0,0,1,0,0,0,0,0,0,0,0,0,0,0,0,0,0,1,0,0,0,0,1,0,1,0,0,1,1,1,1,1,1,1,1,93.45,143.0,94.75
case-000613,72,0,1.89,3,6,68,34,0,1,STTC,0.9233,0,0,1,1,1,1,1,0,1,0,0,0,0,0,0,0,0,0,0,0,0,0,0,0,1,1,0,0,0,0,1,1,0,0,1,1,1,1,1,1,1,78.95,107.75,99.95
case-000614,75,0,4.4,5,6,63,27,0,1,CD,0.9233,0,0,1,0,1,1,1,0,1,0,0,0,0,1,1,0,0,0,1,1,0,0,0,1,0,0,0,0,0,0,1,1,0,0,1,1,1,0,1,1,1,114.78,105.41,97.52
case-000615,75,0,4.94,10,6,60,33,0,1,CD,0.9233,1,0,1,1,1,1,1,0,0,0,0,0,0,0,1,0,1,0,1,1,0,0,1,1,1,1,0,0,1,0,1,1,0,0,1,1,1,1,1,1,1,85.24,115.33,96.56
case-000616,56,0,2.05,3,6,60,34,1,1,CD,0.9067,1,0,1,1,1,1,0,0,1,0,0,0,0,0,0,0,0,0,0,1,0,0,0,0,0,1,1,0,0,0,0,1,0,0,1,1,1,1,1,1,1,89.46,84.53,75.29
case-000617,78,1,1.26,3,6,56,31,0,1,STTC,0.9233,1,0,1,1,1,1,1,0,0,0,0,0,0,0,0,0,0,0,0,0,0,0,0,0,1,1,0,0,0,0,1,0,1,0,1,1,1,1,1,1,1,98.07,86.29,97.67
case-000618,25,1,1.64,4,6,56,22,0,1,NORM,0.9233,1,0,1,0,1,1,1,0,1,0,0,0,0,0,1,0,0,0,0,1,0,0,0,1,0,0,1,0,0,0,0,1,0,1,1,1,1,0,0,0,0,91.94,138.36,99.35
case-000619,40,1,5.16,4,6,51,29,0,1,CD,0.9233,1,0,1,0,0,1,1,0,1,0,0,0,0,1,0,0,0,0,0,1,0,0,0,0,1,1,0,0,0,0,1,0,0,0,1,1,1,0,1,1,1,90.81,149.65,97.92
case-000620,50,1,2.53,3,6,46,22,0,1,NORM,0.9233,1,0,1,0,1,1,0,0,0,1,0,0,1,0,1,0,0,0,0,0,0,0,0,1,0,0,0,0,0,0,1,0,0,0,1,1,1,0,1,1,1,101.11,113.41,94.62
case-000621,78,0,0.59,9,6,44,32,1,1,NONE,0.9233,1,0,1,0,1,1,0,0,1,0,0,0,0,1,1,0,0,0,1,1,0,0,0,1,1,1,0,1,1,0,1,1,0,1,1,1,1,0,1,1,1,68.0,76.56,95.59
case-000622,42,0,4.31,3,6,43,24,0,1,STTC,0.9233,1,0,1,1,0,0,1,0,1,0,0,0,0,1,0,0,0,0,0,0,0,0,0,0,1,1,0,0,0,0,1,0,0,0,1,1,1,0,1,1,1,105.87,111.35,96.0
case-000623,86,1,0.92,2,6,43,23,0,1,HYP,0.9233,0,0,1,1,1,1,0,0,1,0,0,0,0,1,0,0,0,0,0,0,0,0,0,1,0,0,0,0,0,0,1,0,0,0,1,1,1,0,1,1,1,63.92,167.33,99.7
case-000624,60,0,2.74,2,6,42,33,0,1,STTC,0.9233,1,1,1,0,0,1,1,0,1,0,0,0,0,0,0,0,0,0,0,0,0,0,0,0,1,1,0,0,0,0,0,0,1,0,1,1,1,1,1,1,1,69.77,100.99,95.16
case-000625,29,0,0.86,4,6,38,34,0,1,MI,0.9233,1,0,1,1,0,1,1,0,1,0,0,0,0,0,0,0,1,0,0,0,0,0,0,0,1,1,0,0,0,0,1,1,0,0,1,1,1,1,1,1,1,97.12,103.53,98.29
case-000626,78,0,2.27,5,6,38,34,1,1,NORM,0.94,0,0,1,1,1,1,1,0,0,1,0,0,0,0,0,1,0,0,0,1,0,0,1,1,0,0,1,0,0,0,0,0,1,0,1,1,1,1,1,1,1,66.85,113.91,93.62
case-000627,90,0,0.52,1,6,35,21,0,1,CD,0.8333,0,0,1,1,0,1,1,0,0,1,0,0,1,0,0,0,0,0,0,1,0,0,0,0,0,0,0,0,0,0,0,0,1,0,1,1,1,1,1,0,0,98.13,126.83,95.45
case-000628,58,0,0.62,2,6,34,28,0,1,NORM,0.9233,1,0,1,0,1,1,0,1,0,0,0,0,0,1,1,0,0,0,0,0,0,0,0,1,0,0,0,0,0,0,0,0,0,0,1,1,1,0,0,1,1,84.09,149.87,94.79
case-000629,87,1,0.21,2,6,33,32,0,1,MI,0.89,0,1,0,1,1,1,1,0,1,0,0,0,0,0,1,0,0,0,0,0,0,0,0,1,0,0,0,0,0,0,0,1,0,0,1,1,1,0,1,1,1,70.94,,90.66
case-000630,79,0,1.01,3,6,31,28,0,1,STTC,0.9233,1,0,1,0,1,1,1,1,0,0,0,0,0,0,0,0,0,0,1,1,0,0,0,1,0,0,0,0,0,0,0,1,0,0,1,1,1,0,1,1,1,82.81,134.07,97.88
case-000631,87,0,3.18,5,6,31,33,0,1,NORM,0.868,1,0,1,1,0,1,1,1,0,0,0,0,0,0,1,0,0,0,0,0,0,0,0,1,1,1,0,0,0,0,1,1,0,1,1,1,1,0,1,1,1,98.32,98.39,88.87
case-000632,78,0,1.42,2,6,31,26,0,1,HYP,0.9067,0,0,1,1,1,1,1,0,1,0,0,0,0,0,0,0,0,0,0,1,0,0,0,1,0,0,0,0,0,0,0,1,0,1,1,1,1,0,0,1,1,114.58,141.26,97.88
case-000633,90,1,8.77,6,6,30,29,1,1,CD,0.9233,1,0,1,1,0,1,1,1,0,0,0,0,0,0,1,0,0,0,0,0,0,0,1,1,1,1,0,1,0,0,0,1,0,0,1,1,1,1,1,1,1,62.12,106.68,95.56
case-000634,76,0,2.76,2,6,30,33,0,1,HYP,0.9233,0,0,1,0,1,1,1,0,1,1,0,0,0,0,0,0,0,0,0,0,0,0,0,1,0,0,0,0,0,0,1,0,0,0,1,1,1,1,1,1,1,99.11,132.76,96.23
case-000635,64,1,1.78,4,6,29,33,0,1,HYP,0.94,1,0,1,1,1,1,0,0,1,0,0,0,0,0,0,0,0,0,0,0,0,0,0,1,0,1,1,0,0,0,1,1,0,0,1,1,1,0,1,1,1,68.2,105.21,99.64
case-000636,82,0,0.65,2,6,29,32,1,1,STTC,0.9233,0,0,1,1,1,1,1,0,0,0,0,0,0,1,0,0,0,0,0,0,0,0,0,0,1,1,0,0,0,0,0,1,0,0,1,1,1,1,1,1,1,73.7,150.96,93.74
case-000637,69,0,3.84,1,6,28,34,0,1,STTC,0.8333,1,0,1,0,1,1,0,1,0,1,0,0,0,0,0,0,0,0,0,0,0,0,0,0,0,0,0,0,0,0,1,1,0,0,1,1,1,1,1,1,1,80.53,109.5,94.29
case-000638,71,0,2.41,6,6,27,31,0,1,CD,0.9233,1,0,1,1,1,1,1,0,0,0,0,0,0,0,1,0,1,0,1,1,0,0,0,1,0,0,0,0,0,0,1,1,0,0,1,1,1,0,1,1,1,62.08,142.24,95.17
case-000639,51,1,2.64,4,6,26,36,1,1,STTC,0.9233,1,0,1,1,1,1,0,1,0,0,0,0,0,0,0,0,0,0,0,1,0,1,0,0,0,1,1,0,0,0,0,1,0,1,1,1,1,1,1,1,1,76.72,94.32,99.09
case-000640,43,1,0.76,2,6,26,25,0,1,STTC,0.9233,1,0,1,1,0,1,1,1,0,0,0,0,0,0,0,0,0,0,0,0,0,0,0,0,1,1,0,0,0,0,0,0,0,0,1,1,1,1,0,1,1,66.11,96.41,96.1
case-000641,83,1,1.25,2,6,25,26,1,1,STTC,0.9233,1,0,1,1,0,1,1,0,1,0,0,0,0,0,0,0,0,0,0,0,0,0,0,0,1,1,0,0,0,0,0,1,0,0,1,1,1,1,1,1,1,95.23,99.36,94.98
case-000642,64,0,2.88,5,6,25,15,0,1,NORM,0.9233,1,0,1,1,1,0,1,0,0,0,0,0,0,1,1,0,1,0,0,0,0,0,0,1,1,1,0,0,0,0,0,0,0,0,1,1,1,0,0,0,0,90.95,96.96,99.95
case-000643,90,1,2.49,3,6,24,30,0,1,MI,0.9233,1,0,1,1,1,0,1,0,0,0,0,0,0,1,1,0,0,0,0,0,0,0,0,1,0,0,0,0,0,0,1,1,0,1,1,1,1,0,0,1,1,91.64,138.17,98.87
case-000644,90,0,2.36,6,6,24,30,0,1,CD,0.9233,1,0,1,0,0,1,1,1,0,1,0,0,0,0,1,1,1,0,0,0,0,0,0,1,1,1,0,0,0,0,0,1,0,1,1,1,1,1,1,1,1,122.94,95.66,98.26
case-000645,77,1,3.75,2,6,24,22,0,1,MI,0.9233,1,0,1,1,1,1,1,0,0,0,0,0,0,0,0,0,0,1,0,0,0,0,0,1,0,0,0,0,0,0,0,0,0,0,1,1,1,1,0,1,1,75.48,136.68,95.6
case-000646,62,1,5.17,1,6,24,28,0,1,STTC,0.8333,0,0,1,0,1,1,1,0,1,0,0,0,0,1,0,0,0,0,0,0,0,0,0,0,0,0,0,0,0,0,1,0,0,0,1,1,1,0,0,1,1,97.76,117.1,96.25
case-000647,70,0,1.88,5,6,22,20,0,1,HYP,0.9233,1,0,1,1,1,1,0,0,1,0,0,0,0,0,0,0,0,1,0,0,0,0,0,1,0,1,0,1,0,0,1,0,0,0,1,1,1,0,1,0,0,74.47,119.76,98.31
case-000648,49,0,0.76,2,6,22,28,0,1,HYP,0.9233,0,0,1,1,1,1,1,0,1,0,0,0,0,0,0,0,1,0,0,0,0,0,0,0,0,0,0,0,0,0,1,0,0,0,1,1,1,1,1,1,1,90.71,112.41,95.88
case-000649,68,1,0.88,3,6,21,35,0,1,NORM,0.9233,1,0,1,1,1,1,0,1,0,0,0,0,0,0,1,0,1,0,0,0,0,0,0,1,0,0,0,0,0,0,0,0,1,1,1,1,1,1,1,1,1,74.54,130.53,97.08
case-000650,70,0,3.12,4,6,21,23,0,1,CD,0.8273,1,0,1,1,1,1,1,0,0,0,0,0,0,0,1,0,0,0,1,1,0,0,0,1,0,0,0,0,0,0,0,1,0,0,1,1,1,0,0,1,1,89.85,108.69,95.45
case-000651,68,1,0.48,4,6,21,29,1,1,HYP,0.9233,1,0,1,0,1,1,1,1,0,0,0,0,0,0,0,0,0,0,0,0,0,0,0,1,1,1,1,0,0,0,0,0,0,0,1,1,1,1,0,1,1,124.14,89.21,89.08
case-000652,73,0,0.39,3,6,20,29,1,1,MI,0.94,1,0,1,0,0,1,1,1,1,0,0,0,0,0,0,0,1,0,0,0,0,0,0,0,0,1,0,0,1,0,0,0,0,1,1,1,1,1,1,1,1,109.02,104.43,87.79
case-000653,64,0,0.12,3,6,20,9,1,1,CD,0.9233,1,0,1,1,1,1,0,1,0,0,0,0,0,0,0,0,1,0,0,0,0,0,0,0,0,1,1,0,0,0,0,0,0,0,0,1,0,0,0,0,0,67.77,87.33,73.4
case-000654,49,0,0.45,4,6,19,24,0,1,CD,0.9233,0,0,1,1,1,1,0,0,1,0,0,0,0,1,1,0,0,0,0,0,0,0,1,1,0,0,0,0,0,0,1,1,0,0,1,1,1,1,0,1,1,85.97,103.91,92.46
case-000655,54,1,0.55,4,6,18,15,0,1,HYP,0.9233,1,0,1,1,0,1,1,0,1,0,0,0,0,0,0,0,0,0,0,0,0,0,0,1,1,1,0,0,0,0,1,0,0,0,1,1,1,0,0,0,0,118.72,92.14,94.78
case-000656,26,0,1.36,1,6,18,28,0,1,STTC,0.8333,0,0,1,1,1,1,1,0,1,0,0,0,0,0,0,0,0,0,0,0,0,0,0,0,0,0,0,0,0,0,1,0,0,0,1,1,1,0,0,1,1,80.14,109.96,99.14
case-000657,56,0,1.5,3,6,17,26,0,1,HYP,0.868,1,0,1,1,1,1,0,0,0,0,1,0,0,0,0,0,0,0,0,0,0,0,0,1,0,1,0,1,0,0,0,0,0,0,1,1,1,0,1,1,1,76.88,128.79,98.73
case-000658,71,0,2.54,2,6,17,24,0,1,HYP,0.9233,0,0,1,0,1,1,1,0,1,0,0,0,0,1,0,0,0,1,0,0,0,0,0,1,0,0,0,0,0,0,0,1,0,0,1,1,1,0,0,1,1,80.99,101.18,95.34
case-000659,54,0,4.09,3,6,16,29,1,1,MI,0.9233,1,0,1,0,1,1,1,0,1,0,0,0,0,0,0,0,1,0,0,0,0,0,0,0,0,1,0,0,0,0,1,1,0,0,1,1,1,1,1,1,1,110.64,94.95,95.26
case-000660,55,0,0.65,2,6,16,20,0,1,STTC,0.9233,1,0,1,1,1,1,1,0,0,0,0,0,0,0,0,0,0,0,0,0,0,0,0,0,1,1,0,0,0,0,0,0,0,0,1,1,1,1,0,0,0,109.58,119.1,97.81
case-000661,37,1,2.39,1,6,15,26,0,1,STTC,0.8333,0,0,1,0,1,1,1,0,0,0,1,0,0,1,0,0,0,0,0,0,0,0,0,0,0,0,0,0,0,0,1,0,0,0,1,1,1,0,0,1,1,65.95,95.72,99.69
case-000662,83,0,1.69,3,6,14,25,0,1,CD,0.9233,0,0,1,1,0,1,1,1,1,0,0,0,0,0,0,0,0,0,0,1,1,0,0,1,0,0,0,0,0,0,0,1,0,0,1,1,1,0,0,1,1,55.56,165.92,96.32
case-000663,65,1,4.14,3,6,13,21,0,1,NORM,0.8273,1,0,0,1,1,1,1,0,1,0,0,0,0,0,1,0,0,0,0,0,0,0,0,1,0,0,0,0,0,0,1,0,0,0,1,1,1,1,0,0,0,75.23,187.36,99.17
case-000664,52,0,2.49,2,6,13,30,0,1,STTC,0.9233,0,0,1,1,1,1,1,0,0,0,0,0,0,1,0,0,0,0,0,0,0,0,1,1,0,0,0,0,0,0,0,0,1,0,1,1,1,1,1,1,1,62.12,84.92,96.26
case-000665,86,1,5.05,3,6,12,21,0,1,HYP,0.9233,1,0,1,0,0,1,1,1,1,0,0,0,0,0,0,0,0,0,0,0,0,0,0,1,1,1,0,0,0,0,0,1,0,1,1,1,1,1,0,0,0,82.21,137.08,96.3
case-000666,56,0,1.91,7,6,11,30,0,1,CD,0.9233,1,1,1,0,0,1,1,1,0,0,0,0,0,0,0,0,1,0,1,1,0,0,0,1,1,1,0,0,0,0,1,1,0,0,1,1,1,1,1,1,1,111.17,97.01,98.31
case-000667,57,0,0.74,4,6,11,31,0,1,STTC,0.94,1,0,1,1,0,1,1,1,0,0,0,0,0,0,0,0,0,0,0,0,0,0,0,0,1,1,1,0,0,0,1,1,0,0,1,1,1,1,0,1,1,79.67,123.81,96.08
case-000668,18,1,1.14,2,6,11,21,0,1,HYP,0.9067,0,0,1,0,1,1,0,0,1,0,1,0,0,1,0,0,0,0,0,0,0,0,0,1,0,0,0,0,0,0,1,0,0,0,1,1,1,0,0,1,1,81.05,109.44,97.97
case-000669,44,0,0.97,3,6,11,16,0,1,HYP,0.9233,0,0,0,1,1,1,1,0,1,0,0,0,0,1,0,0,0,0,0,1,0,0,0,1,0,0,0,0,0,0,1,0,0,0,1,1,1,0,0,0,0,76.41,141.24,95.84
case-000670,82,0,3.43,4,6,10,27,0,1,HYP,0.8513,1,0,1,1,0,1,1,0,1,0,0,0,0,0,0,0,0,0,0,0,0,0,0,1,1,1,0,0,0,0,1,1,0,0,1,1,1,0,1,1,1,77.97,109.06,93.93
case-000671,65,0,1.51,1,6,10,26,0,1,STTC,0.8333,1,0,1,0,1,1,0,0,1,1,0,0,0,0,0,0,0,0,0,0,0,0,0,0,0,0,0,0,0,0,1,1,0,0,1,1,1,0,1,0,0,82.59,116.15,97.13
case-000672,37,0,9.19,1,6,10,28,0,1,STTC,0.8333,0,0,1,0,1,0,1,0,1,1,0,0,0,1,0,0,0,0,0,0,0,0,0,0,0,0,0,0,0,0,1,0,0,0,1,1,1,0,1,1,1,99.75,131.16,98.68
case-000673,64,1,0.79,3,6,9,27,0,1,HYP,0.9233,0,0,1,0,1,1,0,1,0,1,0,0,1,0,0,0,1,0,0,0,0,0,0,1,0,0,1,0,0,0,0,1,0,0,1,1,1,1,0,1,1,82.81,116.93,92.4
case-000674,43,0,0.6,3,6,8,19,0,1,CD,0.9233,1,0,1,1,0,1,0,0,1,0,0,0,1,0,0,0,0,0,1,1,0,0,0,1,0,0,0,0,0,0,0,1,0,0,1,1,1,0,1,0,0,72.12,108.33,97.27
case-000675,69,0,7.95,4,6,8,32,0,1,CD,0.9233,0,0,1,1,1,1,1,1,0,0,0,0,0,0,0,0,0,1,0,0,0,0,1,1,0,0,0,0,0,0,1,1,0,0,1,1,1,0,1,1,1,63.56,130.49,95.75
case-000676,33,0,3.11,3,6,7,26,0,1,HYP,0.9233,1,0,1,0,1,1,1,0,1,0,0,0,0,0,0,0,0,0,0,0,0,0,0,1,0,1,0,0,0,0,1,1,0,1,1,1,1,0,1,1,1,79.25,122.14,96.88
case-000677,90,0,6.0,5,6,7,21,0,1,CD,0.9233,1,0,1,0,1,1,1,0,0,1,0,0,0,0,1,0,1,0,1,1,0,0,0,0,0,0,0,0,0,0,1,0,0,0,1,1,1,0,1,0,0,94.51,113.99,94.68
case-000678,50,0,2.1,1,6,7,24,0,1,STTC,0.8167,0,1,1,0,1,1,1,0,1,0,0,0,0,0,0,0,0,0,0,0,0,0,0,0,0,0,0,0,0,0,1,0,0,0,1,1,1,0,1,1,1,86.54,110.26,96.31
case-000679,35,0,1.18,1,6,6,25,0,1,STTC,0.7853,0,0,1,1,1,1,0,0,1,0,0,0,0,1,0,0,0,0,0,0,0,0,0,0,0,0,0,0,0,0,1,1,0,0,1,1,1,1,0,1,1,71.06,107.39,98.05
case-000680,40,0,1.68,2,6,6,25,0,1,HYP,0.9067,0,0,1,0,1,1,0,0,1,0,1,0,0,1,0,0,0,0,0,0,0,0,0,1,0,0,0,0,0,0,1,0,0,0,1,1,1,0,0,1,1,82.94,139.33,99.23
case-000681,56,0,2.25,1,6,6,20,0,1,STTC,0.8093,0,0,1,1,0,1,1,1,1,0,0,0,0,0,0,0,0,0,0,0,0,0,0,0,0,0,0,0,0,0,1,0,0,0,1,1,1,1,0,1,1,72.98,134.24,95.37
case-000682,81,1,1.1,4,6,5,27,0,1,CD,0.844,0,0,1,1,1,1,1,0,1,0,0,0,0,0,0,0,1,0,1,1,0,0,0,1,0,0,0,0,0,0,0,1,0,0,1,1,1,0,1,1,1,94.79,112.4,96.53
case-000683,74,0,1.56,2,6,3,33,1,1,NORM,0.9113,1,1,1,0,1,1,0,0,1,0,0,0,0,0,1,0,0,0,0,0,0,0,0,1,0,0,0,0,0,0,0,1,0,0,1,1,1,0,1,1,1,85.89,108.81,98.41
case-000684,74,0,2.02,2,6,3,25,0,1,HYP,0.9353,1,0,1,0,1,1,0,1,1,0,0,0,0,0,0,0,0,0,0,0,0,0,0,1,0,0,0,0,0,0,1,1,0,0,1,1,1,0,0,1,1,72.7,145.32,97.1
case-000685,78,1,3.35,3,6,3,32,0,1,NORM,0.9353,1,0,1,1,0,1,0,0,1,0,0,0,0,1,1,0,1,0,0,0,0,0,0,1,0,0,0,0,0,0,0,1,0,0,1,1,1,0,1,1,1,83.85,124.01,97.67
case-000686,55,0,0.92,2,6,3,17,0,1,CD,0.9113,1,0,0,1,1,1,1,0,0,0,0,0,0,1,0,0,1,0,0,0,0,0,0,0,0,0,0,0,0,0,1,0,0,0,1,1,1,1,0,0,0,90.94,105.65,99.05
case-000687,84,1,9.64,2,5,1160,34,1,1,HYP,0.94,1,0,1,0,0,1,1,0,1,0,0,0,0,0,0,0,0,0,0,0,0,0,0,1,0,1,0,0,0,0,0,1,0,0,1,1,1,1,1,1,1,108.91,98.4,98.1
case-000688,89,1,12.12,3,5,721,32,0,1,MI,0.9233,1,0,1,0,0,1,0,0,1,1,0,0,0,0,0,1,1,0,0,0,0,0,0,0,0,1,0,0,0,0,0,1,0,0,1,1,1,1,1,1,1,95.06,106.6,97.52
case-000689,89,0,6.99,6,5,363,32,0,1,STTC,0.94,1,0,1,1,1,1,0,0,0,0,0,0,0,0,0,0,0,0,0,1,1,0,1,1,1,1,0,0,0,0,0,1,0,0,1,1,1,1,1,1,1,88.48,112.43,98.21
case-000690,37,0,14.37,1,5,197,32,0,1,STTC,0.8333,0,0,1,0,1,1,0,0,1,1,0,0,0,0,0,0,0,0,0,0,0,0,0,0,0,0,0,0,0,0,1,0,0,0,1,1,1,0,1,1,1,99.83,138.42,96.98
case-000691,58,0,2.25,8,5,163,31,0,1,NORM,0.9233,0,0,1,1,0,1,0,0,0,1,0,0,0,1,1,1,1,0,0,1,0,0,1,1,0,0,0,0,1,1,0,0,0,0,1,1,1,0,1,1,1,95.09,112.25,96.75
case-000692,55,0,15.9,1,5,152,31,0,1,STTC,0.8333,0,1,1,1,1,0,0,0,1,0,0,0,0,0,0,0,0,0,0,0,0,0,0,0,0,0,1,0,0,0,0,0,0,0,1,1,1,1,1,1,1,77.34,129.06,97.06
case-000693,52,1,4.75,1,5,151,30,0,1,NORM,0.7853,0,0,1,0,1,1,1,0,0,0,1,0,0,0,1,0,0,0,0,0,0,0,0,0,0,0,0,0,0,0,0,0,1,1,1,1,1,1,0,1,1,89.82,114.19,95.39
case-000694,67,0,3.0,5,5,143,29,0,1,CD,0.94,0,0,1,1,0,1,1,0,1,0,0,0,0,0,0,0,0,0,1,1,0,0,0,1,0,1,0,0,1,0,0,0,0,0,1,1,1,0,1,1,1,80.84,123.58,95.82
case-000695,65,0,7.04,4,5,140,28,0,1,NORM,0.9233,1,0,0,0,0,1,0,1,1,0,0,0,0,1,0,0,1,0,1,1,0,0,0,1,0,0,0,0,0,0,0,0,0,0,1,1,1,1,1,1,1,112.16,109.71,98.01
case-000696,78,1,21.85,4,5,133,27,0,1,CD,0.9233,1,0,1,1,1,0,0,0,1,0,0,0,0,0,0,0,0,0,1,1,0,0,0,1,0,1,0,0,0,0,0,0,1,0,1,1,1,0,1,0,0,95.77,136.74,98.05
case-000697,89,0,8.25,7,5,131,32,0,1,NORM,0.9233,1,0,1,0,0,1,1,0,1,0,0,0,0,0,1,0,1,0,1,1,1,0,0,1,0,0,0,0,0,0,1,1,0,0,1,1,1,0,1,1,1,67.69,114.14,95.27
case-000698,66,0,7.96,3,5,122,33,0,1,HYP,0.9233,1,0,1,0,1,0,0,0,1,0,0,0,0,1,0,0,0,0,0,0,0,0,0,1,1,1,0,0,0,0,0,0,0,1,1,1,1,1,1,1,1,66.63,128.47,98.48
case-000699,68,0,2.01,1,5,119,29,0,1,HYP,0.8333,1,0,0,1,1,1,1,0,0,0,0,0,0,0,0,0,0,0,0,0,0,0,0,1,0,0,0,0,0,0,0,0,0,1,1,1,1,1,1,1,1,66.42,112.23,99.26
case-000700,65,0,5.18,3,5,118,31,0,1,NORM,0.9233,1,0,1,1,0,1,0,0,1,0,0,0,0,0,1,0,0,0,0,0,0,0,0,1,0,0,0,0,0,0,1,0,0,0,1,1,1,0,1,1,1,79.05,138.73,97.35
case-000701,78,1,0.89,5,5,113,32,1,1,HYP,0.94,1,0,1,1,0,1,0,0,0,0,0,0,0,1,0,0,0,0,0,1,0,0,0,1,0,1,0,1,1,0,0,0,0,0,1,1,1,1,1,1,1,98.95,94.36,93.54
case-000702,90,0,2.18,7,5,108,35,0,1,STTC,0.94,1,0,1,1,0,1,0,0,1,0,0,0,0,0,0,0,1,0,1,1,0,0,0,1,0,0,0,1,1,0,1,1,0,0,1,1,1,1,1,1,1,64.67,155.68,98.4
case-000703,77,1,5.74,4,5,106,23,0,1,NORM,0.9233,1,0,1,0,0,1,0,0,0,1,0,0,0,1,0,1,0,0,0,0,0,0,0,1,1,1,0,0,0,0,0,0,1,0,1,1,1,0,1,0,0,90.12,104.48,95.19
case-000704,84,0,3.12,6,5,104,34,1,1,CD,0.9233,1,0,1,0,0,1,1,1,0,0,0,0,0,0,1,0,1,0,1,1,0,0,0,0,1,1,0,0,0,0,0,1,0,0,1,1,1,1,1,1,1,107.97,99.15,96.39
case-000705,72,0,3.97,1,5,102,30,0,1,HYP,0.8333,0,0,0,1,1,1,1,0,0,0,1,0,0,0,0,0,0,0,0,0,0,0,0,1,0,0,0,0,0,0,0,0,1,0,1,1,1,1,1,1,1,108.16,114.1,97.04
case-000706,50,1,4.26,3,5,95,35,0,1,CD,0.9233,0,0,1,1,1,1,0,0,0,0,0,0,0,1,0,0,1,0,0,1,0,0,0,0,0,0,1,0,0,0,0,0,1,0,1,1,1,1,1,1,1,86.68,103.91,98.75
case-000707,41,0,2.96,5,5,82,32,0,1,HYP,0.94,1,0,1,1,1,0,0,0,0,0,0,0,0,1,0,0,1,0,0,0,0,0,0,1,0,1,0,0,1,1,0,0,0,1,1,1,1,0,1,1,1,87.27,117.1,97.42
case-000708,65,0,3.12,2,5,80,24,0,1,HYP,0.9233,1,0,0,0,0,1,0,1,1,0,0,0,0,1,0,0,1,0,0,0,0,0,0,1,0,0,0,0,0,0,0,1,0,0,1,1,1,0,0,1,1,88.11,151.51,96.12
case-000709,84,0,6.54,1,5,79,34,0,1,CD,0.8333,0,0,1,1,0,0,1,0,1,0,0,0,0,1,0,0,0,0,0,1,0,0,0,0,0,0,0,0,0,0,0,0,1,0,1,1,1,1,1,1,1,99.88,138.25,96.12
case-000710,44,0,2.3,1,5,79,31,0,1,STTC,0.8333,0,0,1,1,0,1,1,0,0,0,0,0,0,1,0,0,0,0,0,0,0,0,0,0,0,0,0,0,0,0,1,0,0,0,1,1,1,1,0,1,1,116.95,119.4,96.67
case-000711,73,1,1.47,5,5,77,30,1,1,HYP,0.9233,1,0,1,1,1,1,0,0,0,0,0,0,0,0,0,0,1,0,1,1,0,0,0,1,0,0,0,0,1,0,0,0,0,0,1,1,1,1,0,1,1,102.71,119.37,98.29
case-000712,36,0,1.28,2,5,77,25,0,1,HYP,0.8513,1,0,0,1,1,1,0,0,1,0,0,0,0,0,0,0,1,0,0,0,0,0,0,1,0,0,0,0,0,0,0,1,0,0,1,1,1,0,1,1,1,77.08,121.38,99.8
case-000713,33,1,1.04,2,5,75,18,0,1,HYP,0.89,0,0,1,1,1,0,0,0,0,0,0,1,0,1,0,0,0,0,0,0,0,0,0,1,0,0,0,0,0,0,1,0,0,0,1,1,1,0,0,1,1,,149.48,94.47
case-000714,68,0,7.9,4,5,72,31,0,1,CD,0.9233,0,0,1,1,1,1,1,0,0,0,0,0,0,0,1,0,0,0,1,1,0,0,0,1,0,0,0,0,0,0,0,1,0,0,1,1,1,0,1,1,1,61.53,141.18,99.9
case-000715,90,0,4.46,7,5,72,29,1,1,STTC,0.9233,0,0,1,1,1,1,1,0,0,0,0,0,0,0,0,0,0,0,1,1,1,0,0,1,1,1,0,0,0,0,1,0,1,1,1,1,1,0,1,1,1,85.34,87.59,93.23
case-000716,38,0,5.22,2,5,67,30,0,1,HYP,0.9233,0,0,1,1,0,0,1,0,1,0,0,0,0,1,0,0,0,0,0,1,0,0,0,1,0,0,0,0,0,0,0,0,0,0,1,1,1,1,1,1,1,89.16,116.82,96.85
case-000717,77,0,2.4,3,5,66,33,1,1,CD,0.9233,1,0,1,0,1,1,1,0,0,0,0,0,0,0,0,0,0,0,1,1,0,0,0,0,0,1,0,0,0,0,0,1,0,1,1,1,1,1,1,1,1,87.95,107.04,95.14
case-000718,67,0,13.78,7,5,59,34,0,1,CD,0.94,0,0,1,1,1,1,0,0,1,0,0,0,0,0,1,0,1,0,1,1,0,0,0,1,0,1,1,0,0,0,0,1,0,0,1,1,1,1,1,1,1,93.69,113.44,95.16
case-000719,90,1,4.64,4,5,57,21,1,1,CD,0.9067,1,0,1,0,0,1,0,0,0,1,0,0,0,1,1,0,0,0,1,1,0,0,0,0,0,1,0,0,0,0,0,1,0,0,1,1,1,0,1,0,0,111.52,120.42,96.11
case-000720,43,0,6.69,2,5,56,35,0,1,HYP,0.9233,1,0,1,1,1,0,1,0,0,0,0,0,0,0,0,0,0,0,0,0,0,0,0,1,0,1,0,0,0,0,0,0,1,0,1,1,1,1,1,1,1,78.69,133.83,91.35
case-000721,56,0,2.49,2,5,55,27,0,1,STTC,0.89,0,0,1,0,1,1,1,0,1,0,0,0,0,0,0,0,0,0,0,0,0,0,0,0,0,0,1,0,0,0,1,1,0,1,1,1,1,1,0,1,1,86.64,107.82,
case-000722,78,1,0.82,4,5,53,26,1,1,NORM,0.9067,1,0,1,1,1,1,0,0,0,0,0,0,0,0,1,0,0,0,0,0,0,0,0,1,0,1,1,0,0,0,0,1,0,0,1,1,1,1,1,1,1,107.81,95.38,74.3
case-000723,79,0,2.88,4,5,53,33,0,1,CD,0.9233,0,0,1,0,0,1,0,1,0,1,0,0,0,1,1,0,0,0,1,1,0,0,0,1,0,0,0,0,0,0,0,1,0,0,1,1,1,0,1,1,1,92.37,110.13,98.88
case-000724,67,0,1.57,2,5,51,32,0,1,HYP,0.9233,0,0,1,1,1,1,0,1,0,0,0,0,0,0,0,0,0,0,0,0,0,0,0,1,0,0,0,0,1,0,0,0,1,0,1,1,1,1,1,1,1,106.01,103.9,98.27
case-000725,49,0,1.06,1,5,50,31,1,1,STTC,0.8333,1,0,1,0,1,1,0,0,0,1,0,0,0,0,0,0,0,0,0,0,0,0,0,0,0,1,0,0,0,0,0,0,0,0,1,1,1,1,1,1,1,90.62,128.01,99.24
case-000726,84,0,4.61,2,5,48,28,0,1,STTC,0.868,1,0,1,0,1,0,0,0,1,1,0,0,0,0,0,0,0,0,1,1,0,0,0,0,0,0,0,0,0,0,0,1,0,0,1,1,1,0,1,1,1,92.42,139.13,98.49
case-000727,62,0,4.73,5,5,48,32,0,1,CD,0.892,1,0,0,1,1,1,0,0,1,0,0,0,0,0,0,0,1,0,0,1,1,0,0,0,1,1,0,0,0,0,0,1,0,0,1,1,1,1,1,1,1,79.32,108.82,95.25
case-000728,60,1,12.82,5,5,45,28,0,1,CD,0.9233,1,0,1,0,1,0,0,0,0,1,0,0,0,1,0,0,0,1,0,0,0,0,0,1,0,1,0,1,1,0,0,0,0,0,1,1,1,1,1,1,1,85.89,110.47,99.1
case-000729,80,0,5.19,4,5,44,32,0,1,CD,0.9233,0,0,1,1,1,1,0,0,0,0,0,0,0,1,0,0,0,0,1,1,0,0,0,1,0,0,0,1,0,0,0,1,0,0,1,1,1,0,1,1,1,59.64,149.21,98.0
case-000730,57,0,3.73,3,5,43,22,0,1,MI,0.9233,1,0,1,1,0,1,0,1,0,0,0,0,0,0,0,0,1,1,0,0,0,0,0,1,0,0,0,0,0,0,0,0,0,0,1,1,1,0,0,0,0,92.26,129.28,93.23
case-000731,63,1,0.69,1,5,39,30,0,1,NORM,0.8333,0,0,1,1,0,1,1,0,1,0,0,0,0,0,1,0,0,0,0,0,0,0,0,0,0,0,0,0,0,0,0,1,0,0,1,1,1,0,1,1,1,67.68,88.83,98.63
case-000732,78,1,2.61,1,5,38,26,0,1,HYP,0.8333,0,1,0,1,0,1,0,1,1,0,0,0,0,0,0,0,0,0,0,0,0,0,0,1,0,0,0,0,0,0,0,0,1,0,1,1,1,1,1,1,1,88.97,132.34,99.05
case-000733,36,0,1.74,1,5,38,30,0,1,HYP,0.8167,0,0,0,0,1,1,1,0,1,0,0,0,0,1,0,0,0,0,0,0,0,0,0,1,0,0,0,0,0,0,0,0,0,0,1,1,1,0,1,1,1,111.72,138.27,98.29
case-000734,75,1,3.8,1,5,37,33,0,1,HYP,0.8333,0,1,1,1,1,0,0,0,1,0,0,0,0,0,0,0,0,0,0,0,0,0,0,1,0,0,0,0,0,0,0,0,1,0,1,1,1,1,1,1,1,68.55,129.0,98.14
case-000735,56,0,1.95,1,5,37,35,0,1,NORM,0.8333,0,0,1,1,1,1,0,0,1,0,0,0,0,0,1,0,0,0,0,0,0,0,0,0,0,0,0,0,0,0,0,0,1,0,1,1,1,1,1,1,1,63.68,99.63,99.03
case-000736,79,0,6.55,2,5,37,24,0,1,HYP,0.9233,0,0,0,0,1,1,1,0,1,1,0,0,0,0,0,0,0,0,0,0,0,0,0,1,0,1,0,0,0,0,0,0,0,0,1,1,1,0,0,1,1,90.83,113.92,94.63
case-000737,69,1,2.11,3,5,36,23,0,1,MI,0.9233,0,1,1,1,0,1,0,1,0,0,0,0,0,0,0,0,1,0,0,0,0,0,0,0,1,1,0,0,0,0,0,0,0,0,1,1,1,0,0,1,1,68.42,92.19,95.38
case-000738,74,1,0.43,3,5,36,27,0,1,STTC,0.9233,0,0,1,0,0,1,1,1,1,0,0,0,0,0,0,0,0,0,1,1,0,0,0,1,0,0,0,0,0,0,0,1,0,0,1,1,1,0,1,1,1,70.44,142.07,93.04
case-000739,58,0,3.03,4,5,35,30,0,1,HYP,0.844,1,0,1,1,0,1,1,0,0,0,0,0,0,0,0,0,0,0,0,1,0,1,0,1,0,0,1,0,0,0,0,1,0,0,1,1,1,0,1,1,1,81.27,138.52,97.9
case-000740,90,0,0.58,3,5,35,31,0,1,CD,0.9233,0,0,1,0,1,1,1,0,1,0,0,0,0,0,0,0,0,0,1,1,0,0,0,1,0,0,0,0,0,0,0,0,0,0,1,1,1,0,1,1,1,86.16,117.18,97.68
case-000741,72,0,0.9,1,5,34,18,0,1,STTC,0.8333,1,0,0,0,1,1,0,0,1,0,0,0,0,1,0,0,0,0,0,0,0,0,0,0,0,0,0,0,0,0,1,0,0,0,1,1,1,0,1,0,0,62.22,128.29,98.22
case-000742,42,0,2.31,1,5,33,30,0,1,HYP,0.8333,1,0,1,1,0,0,1,0,0,0,0,0,0,1,0,0,0,0,0,0,0,0,0,1,0,0,0,0,0,0,0,1,0,0,1,1,1,1,1,1,1,92.84,92.33,93.69
case-000743,53,1,0.12,3,5,33,28,1,1,STTC,0.9233,1,0,1,0,1,1,1,0,0,0,0,0,0,0,0,0,0,0,0,0,0,0,0,0,1,1,1,0,0,0,0,1,0,0,1,1,1,1,1,1,1,95.2,81.79,54.71
case-000744,62,0,0.8,2,5,33,29,0,1,NONE,0.9233,0,0,1,1,1,1,0,0,0,0,1,0,0,0,0,0,0,0,1,1,0,0,0,0,0,0,0,0,0,0,0,1,0,0,1,1,1,1,0,1,1,85.13,145.33,99.19
case-000745,76,0,1.0,6,5,33,32,0,1,CD,0.9233,0,0,1,1,1,1,1,0,0,0,0,0,0,0,1,0,1,0,1,1,0,0,1,1,0,0,0,0,0,0,0,1,0,0,1,1,1,1,1,1,1,80.33,146.36,95.27
case-000746,80,0,3.83,4,5,32,30,0,1,CD,0.9233,1,0,1,0,0,1,1,0,1,0,0,0,0,0,0,0,0,0,1,1,0,0,0,1,0,0,0,0,1,0,0,1,0,0,1,1,1,0,1,1,1,81.69,129.7,91.98
case-000747,67,0,0.95,5,5,32,7,0,1,NORM,0.9083,0,0,0,1,0,0,1,0,1,1,0,0,0,1,1,1,0,0,0,0,0,0,1,1,0,0,0,0,0,0,1,0,0,0,0,0,0,0,0,0,0,88.91,146.92,98.81
case-000748,78,0,3.16,3,5,31,29,0,1,HYP,0.9233,1,0,1,0,1,1,1,0,0,0,0,0,0,0,0,0,1,0,0,0,0,0,0,1,0,1,0,0,0,0,0,1,0,0,1,1,1,1,1,1,1,60.99,145.61,96.5
case-000749,83,0,2.21,5,5,29,30,0,1,CD,0.9233,1,0,1,1,0,1,1,0,0,0,0,0,0,0,1,0,0,0,1,1,0,0,1,0,0,0,0,0,1,0,0,1,0,0,1,1,1,0,1,1,1,72.81,95.66,95.35
case-000750,66,1,0.09,3,5,29,32,1,1,HYP,0.9233,1,0,1,1,1,1,0,0,0,0,0,0,0,0,0,0,0,0,0,0,0,0,0,1,0,1,1,0,0,0,0,0,1,0,1,1,1,1,1,1,1,88.76,148.57,91.7
case-000751,83,1,0.48,5,5,28,28,0,1,HYP,0.9233,0,0,1,0,0,1,1,1,1,0,0,0,0,0,0,0,1,0,0,0,0,0,0,1,1,1,0,0,0,0,1,1,0,0,1,1,1,0,1,1,1,95.29,137.0,99.63
case-000752,79,0,0.65,2,5,27,24,0,1,HYP,0.9233,1,0,1,1,0,1,0,0,1,0,0,0,0,0,0,0,0,0,0,0,0,0,0,1,0,0,0,0,0,0,1,0,0,0,1,1,1,0,1,0,0,69.09,165.06,94.49
case-000753,22,0,17.06,1,5,27,27,0,1,STTC,0.802,0,0,1,0,1,1,1,0,0,1,0,0,0,0,0,0,0,0,0,0,0,0,0,0,0,0,0,0,0,0,1,0,0,0,1,1,1,1,1,0,0,86.06,144.68,99.05
case-000754,80,1,1.45,3,5,26,36,1,1,STTC,0.9233,0,0,1,1,0,1,1,0,0,0,0,0,0,1,1,0,0,0,0,0,0,0,0,1,0,0,0,0,0,0,1,1,0,1,1,1,1,1,1,1,1,109.35,97.82,98.71
case-000755,60,0,0.91,2,5,26,26,0,1,HYP,0.9233,0,0,0,0,1,0,1,1,0,1,0,0,0,1,0,0,0,0,0,0,0,0,0,1,0,0,0,0,1,0,0,0,0,0,1,1,1,0,0,1,1,91.44,104.87,98.31
case-000756,72,1,1.43,2,5,25,26,0,1,STTC,0.9233,1,0,1,0,1,1,1,0,0,0,0,0,0,0,0,0,0,0,0,0,0,0,0,0,1,1,0,0,0,0,0,0,1,0,1,1,1,1,0,1,1,91.19,107.07,97.88
case-000757,76,1,15.36,2,5,25,31,0,1,CD,0.9233,0,0,1,1,0,1,1,1,0,0,0,0,0,0,1,0,0,0,0,0,0,0,0,1,0,0,0,0,0,0,0,1,0,1,1,1,1,0,1,1,1,91.63,109.85,94.56
case-000758,67,1,1.22,2,5,25,22,0,1,HYP,0.9233,0,0,1,0,1,1,0,0,1,1,0,0,0,0,0,0,1,0,0,0,0,0,0,1,0,0,0,0,0,0,0,0,1,1,1,1,1,0,1,0,0,65.57,144.25,97.38
case-000759,79,1,0.71,4,5,24,27,0,1,HYP,0.9233,0,0,1,1,0,1,0,1,1,0,0,0,0,0,0,0,0,0,0,1,0,1,0,1,0,0,0,0,0,0,1,0,1,0,1,1,1,0,1,1,1,61.7,165.05,95.51
case-000760,40,0,2.07,2,5,24,25,0,1,HYP,0.9233,0,0,1,1,1,1,0,0,1,0,0,0,0,0,0,0,1,0,0,0,0,0,0,1,0,0,0,0,0,0,0,1,0,0,1,1,1,0,0,1,1,107.56,133.31,95.76
case-000761,79,0,2.55,3,5,23,33,0,1,CD,0.9233,0,0,1,1,1,1,0,1,0,0,0,0,0,0,0,0,0,0,1,1,0,0,0,1,0,0,0,0,0,0,0,0,0,0,1,1,1,1,1,1,1,66.57,118.0,97.2
case-000762,28,0,3.81,2,5,23,27,1,1,HYP,0.8513,0,0,1,0,1,1,1,1,0,0,0,0,0,0,0,0,1,0,0,0,0,0,0,0,0,1,0,0,0,0,0,0,0,0,1,1,1,1,1,1,1,101.83,103.77,91.1
case-000763,55,0,5.13,5,5,22,32,0,1,CD,0.9233,1,0,1,1,0,1,0,0,0,0,0,0,0,1,1,0,0,0,1,1,0,0,0,1,0,1,0,0,0,0,0,0,0,0,1,1,1,1,1,1,1,101.59,120.61,97.46
case-000764,67,0,2.14,4,5,21,23,0,1,HYP,0.9233,1,0,1,0,1,1,0,0,1,0,0,0,0,0,0,0,0,1,0,0,0,0,0,1,0,1,0,0,1,0,0,0,0,0,1,1,1,0,1,1,1,66.4,131.75,96.02
case-000765,78,0,0.95,2,5,21,27,0,1,MI,0.9233,0,0,1,1,1,1,1,0,0,0,0,0,0,0,0,0,1,0,0,0,0,0,0,0,0,0,0,0,0,0,1,0,1,1,1,1,1,0,1,1,1,74.0,106.77,94.08
case-000766,63,0,0.55,4,5,18,25,0,1,NORM,0.9233,0,0,1,1,1,1,0,0,0,1,0,0,0,0,1,1,1,0,0,0,0,0,0,0,0,0,0,0,0,0,1,1,0,0,1,1,1,0,1,1,1,85.84,113.73,94.7
case-000767,80,0,2.1,6,5,18,30,0,1,CD,0.9233,0,0,1,1,1,1,0,0,0,0,0,0,1,0,0,0,0,0,1,1,1,0,1,1,0,0,0,0,0,0,1,0,0,0,1,1,1,0,1,1,0,60.39,136.37,95.4
case-000768,90,0,2.65,4,5,18,23,0,1,CD,0.9067,0,0,1,1,1,1,0,0,1,0,0,0,0,0,0,0,0,0,1,1,0,0,0,1,0,0,0,0,0,0,1,0,0,0,1,1,1,0,1,1,1,80.08,138.0,97.0
case-000769,65,1,0.35,1,5,17,15,0,1,HYP,0.8333,0,0,1,1,1,0,0,0,1,0,0,0,1,0,0,0,0,0,0,0,0,0,0,1,0,0,0,0,0,0,0,0,0,0,1,1,1,0,0,0,0,67.36,140.31,97.1
case-000770,71,0,1.06,2,5,17,28,0,1,HYP,0.89,0,0,0,1,1,1,1,0,0,0,0,0,0,1,0,0,1,0,0,0,0,0,0,1,0,0,0,0,0,0,0,1,0,0,1,1,1,1,1,1,1,69.58,98.22,
case-000771,73,0,1.29,4,5,16,28,0,1,CD,0.9233,1,1,0,1,0,1,0,0,1,0,0,0,0,0,0,0,1,0,0,0,0,0,1,0,0,0,0,0,1,0,1,0,0,0,1,1,1,0,1,1,1,60.01,90.23,99.77
case-000772,31,0,1.56,1,5,16,22,0,1,STTC,0.7373,1,0,0,0,1,1,0,0,0,0,1,0,0,1,0,0,0,0,0,0,0,0,0,0,0,0,0,0,0,0,1,0,0,0,1,1,1,0,0,1,1,81.5,106.85,98.38
case-000773,77,0,0.91,1,5,16,24,0,1,HYP,0.8333,0,0,1,0,1,1,0,1,0,1,0,0,0,0,0,0,0,0,0,0,0,0,0,1,0,0,0,0,0,0,0,0,1,0,1,1,1,1,1,1,0,64.32,105.42,99.51
case-000774,47,0,1.04,1,5,16,25,0,1,HYP,0.8333,0,0,0,0,1,1,0,0,1,0,1,0,0,1,0,0,0,0,0,0,0,0,0,1,0,0,0,0,0,0,0,1,0,0,1,1,1,1,0,1,1,87.5,160.78,95.17
case-000775,65,1,3.39,4,5,15,19,0,1,CD,0.9233,1,0,1,1,0,1,0,0,1,0,0,0,0,0,0,0,1,0,1,1,0,0,0,1,0,0,0,0,0,0,0,0,0,0,1,1,1,0,1,0,0,78.09,122.29,99.07
case-000776,65,0,1.61,2,5,15,25,0,1,HYP,0.8273,1,0,0,1,0,1,1,0,1,0,0,0,0,0,0,0,0,0,0,0,0,0,0,1,0,0,0,0,0,0,1,0,0,0,1,1,1,1,0,1,1,71.28,129.4,97.7
case-000777,90,0,0.99,5,5,14,27,1,1,STTC,0.9233,1,0,1,0,0,1,1,1,0,0,0,0,0,0,1,0,0,0,0,0,0,0,1,1,1,1,0,0,0,0,0,0,0,1,1,1,1,1,0,1,1,60.04,77.51,86.68
case-000778,70,0,0.54,1,5,14,15,0,1,HYP,0.8333,1,0,1,1,0,1,1,0,0,0,0,0,0,0,0,0,0,0,0,0,0,0,0,1,0,0,0,0,0,0,0,0,0,0,1,1,1,0,0,0,0,69.04,104.98,95.73
case-000779,73,0,2.23,3,5,14,22,0,1,CD,0.9233,0,1,0,0,1,1,0,0,1,0,0,0,0,1,0,0,1,0,0,0,0,0,1,0,0,0,0,0,1,0,0,0,0,0,1,1,1,0,1,1,1,60.15,106.25,99.47
case-000780,87,0,1.78,4,5,13,27,0,1,CD,0.94,1,0,0,1,1,1,1,0,0,0,0,0,0,0,0,0,0,0,1,1,0,0,1,1,0,0,0,0,0,0,0,1,0,0,1,1,1,1,1,1,1,67.82,111.56,98.36
case-000781,73,0,2.78,2,5,13,33,0,1,HYP,0.9233,0,1,0,1,1,0,0,0,1,0,1,0,0,0,0,0,0,0,0,0,0,0,0,1,0,0,1,0,0,0,0,0,0,0,1,1,1,1,1,1,1,60.82,111.61,98.23
case-000782,85,0,1.03,6,5,13,28,1,1,CD,0.8753,0,0,1,0,0,1,1,1,1,0,0,0,0,0,0,0,0,0,1,1,0,0,0,1,1,1,0,0,0,0,1,1,0,0,1,1,1,0,1,1,1,105.66,101.06,92.99
case-000783,47,0,0.59,1,5,13,28,0,1,HYP,0.8333,0,0,0,1,1,0,1,0,0,0,1,0,0,1,0,0,0,0,0,0,0,0,0,1,0,0,0,0,0,0,0,1,0,0,1,1,1,1,1,1,1,97.76,108.0,96.85
case-000784,63,0,0.85,3,5,12,25,0,1,HYP,0.9233,1,0,0,0,0,1,1,1,1,0,0,0,0,0,0,0,1,0,0,0,0,0,0,0,1,1,0,0,0,0,0,1,0,0,1,1,1,1,0,1,1,104.49,124.71,97.87
case-000785,45,0,1.35,3,5,11,20,0,1,HYP,0.9067,0,1,1,0,1,1,0,0,1,0,0,0,0,0,0,0,0,0,0,1,0,0,0,1,0,0,0,0,0,0,1,1,0,0,1,1,1,0,0,1,1,84.89,115.03,89.0
case-000786,64,0,2.94,1,5,11,17,0,1,NORM,0.8333,0,0,1,1,1,1,0,0,0,0,0,0,0,1,1,0,0,0,0,0,0,0,0,0,0,0,0,0,0,0,0,0,0,1,1,1,1,0,0,0,0,82.74,130.46,57.03
case-000787,87,1,7.07,2,5,9,34,0,1,STTC,0.9233,1,0,1,0,0,1,1,0,1,0,0,0,0,0,0,0,0,0,0,0,0,0,0,0,1,1,0,0,0,0,0,1,0,0,1,1,1,1,1,1,1,89.35,125.41,96.06
case-000788,72,0,1.27,6,5,8,29,0,1,CD,0.94,1,0,1,0,1,1,0,0,1,0,0,0,0,0,0,0,0,0,1,1,0,0,0,1,1,1,1,0,0,0,0,1,0,0,1,1,1,1,0,1,1,99.28,119.0,97.62
case-000789,74,1,1.78,4,5,8,21,0,1,CD,0.9233,1,0,1,1,0,1,0,0,0,1,0,0,0,0,1,0,0,0,0,0,0,0,0,1,0,0,0,1,0,0,1,0,0,0,1,1,1,0,1,0,0,90.1,105.26,96.13
case-000790,90,0,2.54,5,5,8,27,0,1,STTC,0.9233,0,0,1,1,1,1,1,0,0,0,0,0,0,0,1,0,0,0,0,0,0,0,0,0,1,1,0,0,1,0,1,1,0,1,1,1,1,1,0,1,1,94.85,113.52,96.48
case-000791,54,0,0.82,2,5,8,26,0,1,HYP,0.9233,0,0,1,0,1,1,0,0,1,0,0,0,1,0,0,0,0,0,0,0,0,0,0,1,0,0,0,0,0,0,1,0,0,0,1,1,1,0,1,1,1,74.28,118.19,98.83
case-000792,33,0,0.91,2,5,5,22,0,1,STTC,0.8753,0,0,1,1,0,1,1,0,1,0,0,0,0,0,0,0,0,0,0,0,0,0,0,0,1,1,0,0,0,0,0,1,0,0,1,1,1,0,1,0,0,80.58,171.9,99.57
case-000793,76,0,0.62,2,5,3,23,0,1,HYP,0.9113,1,0,1,1,0,1,0,1,0,0,0,0,0,0,0,0,0,0,0,0,0,0,0,1,0,0,0,0,1,0,0,0,0,0,1,1,1,0,0,1,1,87.49,141.14,92.69
case-000794,70,0,3.18,1,5,3,24,0,1,STTC,0.8453,0,0,1,1,1,1,0,0,1,0,0,0,0,0,0,0,0,0,0,0,0,0,0,0,0,0,0,0,0,0,1,0,0,0,1,1,1,0,1,1,1,112.77,132.07,95.69
case-000795,54,0,10.21,2,4,365,32,0,1,NORM,0.9233,1,0,1,1,1,0,0,0,0,0,0,0,0,0,1,0,0,0,0,1,0,0,0,0,0,0,0,0,0,0,0,1,0,1,1,1,1,0,1,1,1,101.03,138.37,96.0
case-000796,33,0,6.22,1,4,288,27,0,1,STTC,0.8333,1,0,1,0,0,1,0,0,1,0,0,0,0,0,0,0,0,0,0,0,0,0,0,0,0,0,0,0,0,0,1,0,1,0,1,1,1,1,1,1,1,101.7,123.16,96.6
case-000797,68,0,7.92,4,4,285,35,0,1,HYP,0.94,0,0,1,0,1,1,1,0,0,0,0,0,0,0,0,0,1,0,0,0,0,0,0,1,1,1,0,0,0,0,0,1,0,1,1,1,1,1,1,1,1,71.37,117.54,98.85
case-000798,66,0,6.79,6,4,272,34,0,1,NORM,0.8993,1,0,1,0,0,1,0,1,0,0,0,0,0,0,1,0,0,0,1,1,0,1,0,0,1,1,0,0,0,0,0,1,0,0,1,1,1,1,1,1,1,96.26,93.75,91.78
case-000799,57,0,2.02,5,4,203,32,0,1,NORM,0.9233,1,0,1,1,0,1,0,0,0,0,0,0,0,0,1,0,1,0,0,0,0,0,0,0,0,1,0,0,1,1,0,0,0,0,1,1,1,0,1,1,1,64.16,121.85,98.94
case-000800,35,0,3.88,1,4,148,31,0,1,STTC,0.8093,0,0,1,0,1,1,0,0,1,0,0,0,0,0,0,0,0,0,0,0,0,0,0,0,0,0,0,0,0,0,1,0,0,0,1,1,1,1,1,1,1,96.09,134.38,95.17
case-000801,88,1,10.85,5,4,147,35,0,1,CD,0.9233,0,0,0,1,1,1,0,0,1,0,0,0,0,0,0,0,0,0,1,1,1,0,0,1,0,0,0,1,0,0,0,1,0,1,1,1,1,1,1,1,1,63.08,152.24,97.25
case-000802,71,0,6.88,3,4,146,30,0,1,STTC,0.9233,0,0,1,1,0,1,1,0,0,0,0,0,0,0,0,0,0,0,0,0,0,0,0,0,1,1,0,0,1,0,0,1,0,0,1,1,1,1,1,1,1,94.19,138.45,97.81
case-000803,42,0,2.74,4,4,143,28,0,1,CD,0.9233,1,0,0,1,0,1,1,0,0,0,0,0,0,0,0,0,0,0,1,1,0,0,0,0,1,1,0,0,0,0,0,1,0,0,1,1,1,1,1,1,1,107.86,144.67,97.17
case-000804,57,1,0.91,3,4,139,23,0,1,HYP,0.9067,0,0,1,1,0,1,0,0,0,0,0,0,0,1,0,0,0,0,0,0,0,0,0,1,0,0,0,1,1,0,0,0,0,0,1,1,1,0,0,0,0,70.06,121.86,99.63
case-000805,34,0,2.69,9,4,128,33,0,1,CD,0.9233,1,0,1,0,0,1,1,0,0,0,0,0,0,0,0,0,1,0,0,1,1,0,1,1,1,1,0,1,0,0,1,0,0,0,1,1,1,1,1,1,1,80.55,104.48,97.75
case-000806,68,1,5.06,1,4,115,33,0,1,HYP,0.8333,1,0,1,1,0,0,1,0,0,0,0,0,0,0,0,0,0,0,0,0,0,0,0,1,0,0,0,0,0,0,0,0,1,0,1,1,1,1,1,1,1,99.82,100.68,95.22
case-000807,75,0,3.92,5,4,107,32,0,1,HYP,0.9233,1,0,1,1,0,0,1,0,0,0,0,0,0,0,0,0,1,0,0,0,0,0,0,1,0,0,0,0,1,1,1,0,0,0,1,1,1,0,1,1,1,99.1,145.39,96.47
case-000808,81,0,3.36,7,4,104,25,0,1,CD,0.9233,0,0,1,0,0,1,1,0,1,0,0,0,0,0,0,0,1,1,1,1,0,0,0,0,1,1,0,0,0,0,1,0,0,0,1,1,1,1,1,1,1,100.54,128.36,96.11
case-000809,19,1,1.41,1,4,98,18,0,1,STTC,0.8,0,0,0,1,1,0,0,0,0,0,0,1,0,1,0,0,0,0,0,0,0,0,0,0,0,0,0,0,0,0,1,0,0,0,1,1,1,0,0,1,1,,130.17,98.55
case-000810,78,1,10.11,3,4,96,28,0,1,HYP,0.9067,1,0,1,0,1,1,0,0,0,0,0,0,0,0,0,0,0,0,0,0,0,0,0,1,0,1,1,0,0,0,0,1,0,0,1,1,1,1,1,1,1,98.86,111.19,97.2
case-000811,90,0,2.15,3,4,86,32,1,1,NONE,0.9233,1,0,1,0,0,1,1,0,0,0,0,0,0,0,0,0,0,0,1,1,0,0,0,0,0,0,1,0,0,0,0,1,0,0,1,1,1,0,1,1,1,42.5,97.33,97.09
case-000812,63,0,1.75,3,4,86,30,0,1,HYP,0.9233,0,1,1,0,0,1,0,0,1,0,0,0,0,0,0,0,0,0,0,0,0,0,0,1,1,1,0,0,0,0,0,1,0,0,1,1,1,1,1,1,1,99.91,102.17,97.82
case-000813,52,0,1.69,2,4,80,33,0,1,HYP,0.9233,0,0,0,1,1,1,0,0,0,1,0,0,0,0,0,0,0,0,0,0,0,0,0,1,0,0,0,1,0,0,0,0,1,0,1,1,1,1,1,1,1,79.95,150.68,93.93
case-000814,64,1,0.28,3,4,77,29,1,1,HYP,0.9233,1,0,1,0,0,1,1,0,0,0,0,0,0,0,0,0,1,0,0,0,0,0,0,1,0,1,0,0,0,0,0,1,0,0,1,1,1,1,0,1,1,139.18,90.95,90.87
case-000815,69,1,1.91,5,4,63,22,0,1,HYP,0.9233,1,0,0,0,0,1,1,0,1,0,0,0,0,0,0,0,1,0,0,0,0,0,0,1,1,1,0,0,0,0,1,1,0,0,1,1,1,1,0,1,1,86.54,105.98,97.4
case-000816,72,0,5.03,4,4,63,34,0,1,CD,0.9233,0,0,0,1,0,1,1,0,1,0,0,0,0,0,1,0,1,0,0,0,0,0,1,1,0,0,0,0,0,0,0,0,1,1,1,1,1,1,1,1,1,103.62,140.35,97.93
case-000817,73,0,10.19,2,4,62,34,0,1,MI,0.94,1,0,1,0,0,1,0,1,0,0,0,0,0,0,0,0,1,0,0,0,0,0,0,0,0,1,0,0,0,0,0,1,0,0,1,1,1,1,1,1,1,75.27,135.13,95.96
case-000818,60,0,4.99,2,4,61,30,0,1,MI,0.9233,0,0,1,0,0,1,1,1,0,0,0,0,0,0,1,0,1,0,0,0,0,0,0,0,0,0,0,0,0,0,0,1,0,1,1,1,1,1,1,0,0,79.65,101.87,96.95
case-000819,53,0,1.67,2,4,55,33,0,1,HYP,0.9233,0,0,0,1,1,1,0,0,1,0,0,0,0,0,0,0,0,0,0,0,0,0,0,1,0,0,0,0,0,0,1,1,0,0,1,1,1,1,1,1,1,100.45,116.57,97.64
case-000820,78,0,3.39,3,4,53,27,0,1,CD,0.9233,1,0,0,0,0,1,1,1,0,0,0,0,0,0,0,0,0,0,1,1,0,0,0,0,0,0,0,0,0,0,1,1,0,0,1,1,1,0,1,1,1,82.79,144.57,93.95
case-000821,59,0,3.88,3,4,53,23,0,1,STTC,0.94,0,0,1,0,0,1,1,1,0,0,0,0,0,0,0,0,0,0,0,0,0,0,0,0,1,1,0,0,0,0,1,0,0,0,1,1,1,0,0,0,0,73.12,118.44,97.7
case-000822,70,0,0.51,3,4,50,16,1,1,CD,0.9233,1,0,1,1,1,0,0,0,0,0,0,0,0,0,0,0,0,0,1,1,0,0,0,0,0,0,0,1,0,0,0,0,0,0,1,1,1,0,1,0,0,93.18,103.81,97.36
case-000823,52,1,10.89,2,4,50,34,0,1,HYP,0.9233,0,0,1,1,1,1,0,0,0,0,0,0,0,0,0,0,0,0,0,0,0,0,0,1,0,0,1,0,0,0,0,1,0,0,1,1,1,1,1,1,1,95.54,118.17,98.85
case-000824,83,0,5.64,3,4,50,30,1,1,NORM,0.9233,0,0,1,1,0,1,1,0,0,0,0,0,0,0,1,0,0,0,0,0,0,0,0,0,1,1,0,0,0,0,0,0,1,0,1,1,1,0,1,1,1,89.81,137.7,95.42
case-000825,59,0,0.53,5,4,49,27,0,1,NORM,0.9233,1,0,1,1,0,0,0,1,0,0,0,0,0,0,1,0,0,0,0,1,0,1,0,0,0,0,1,0,1,0,0,1,0,0,1,1,1,0,1,1,1,82.75,103.4,93.87
case-000826,50,0,2.11,3,4,49,34,0,1,HYP,0.9233,1,0,1,0,0,0,1,0,0,0,0,0,0,1,0,0,0,0,0,0,0,0,0,1,0,0,0,1,1,0,0,0,0,0,1,1,1,1,1,1,1,79.13,147.19,96.1
case-000827,79,0,0.56,7,4,49,25,0,1,CD,0.9233,0,0,0,0,1,1,1,0,1,0,0,0,0,0,1,0,1,0,1,1,0,0,1,1,0,0,0,0,0,0,1,1,0,0,1,1,1,0,0,1,1,62.35,95.62,97.58
case-000828,51,1,4.95,3,4,48,34,0,1,NONE,0.9233,0,0,1,1,0,1,1,0,0,0,0,0,0,0,0,0,0,0,0,1,0,1,0,0,0,0,0,1,0,0,0,1,0,1,1,1,1,1,1,1,1,73.3,119.69,98.49
case-000829,62,0,2.14,1,4,48,27,0,1,HYP,0.8333,0,0,1,0,0,1,1,0,0,0,0,0,0,1,0,0,0,0,0,0,0,0,0,1,0,0,0,0,0,0,0,1,0,0,1,1,1,1,1,1,1,99.62,110.65,99.34
case-000830,62,0,2.29,1,4,47,26,0,1,HYP,0.8333,1,0,1,1,1,0,0,0,0,0,0,0,0,0,0,0,0,0,0,0,0,0,0,1,0,0,0,0,0,0,0,0,1,0,1,1,1,1,0,1,1,73.59,117.17,96.93
case-000831,41,0,0.8,1,4,45,26,0,1,HYP,0.8333,0,1,0,1,0,1,0,0,1,0,0,0,0,0,0,0,0,0,0,0,0,0,0,1,0,0,0,0,0,0,0,1,0,0,1,1,1,0,1,1,1,113.78,111.36,97.11
case-000832,19,0,1.69,1,4,44,22,0,1,HYP,0.8333,0,0,0,1,1,1,0,0,1,0,0,0,0,0,0,0,0,0,0,0,0,0,0,1,0,0,0,0,0,0,0,0,0,0,1,1,1,0,0,1,1,103.06,116.67,99.88
case-000833,67,0,1.54,1,4,43,18,0,1,HYP,0.8333,1,0,0,1,0,1,0,0,1,0,0,0,0,0,0,0,0,0,0,0,0,0,0,1,0,0,0,0,0,0,0,0,0,0,1,1,1,0,1,0,0,73.91,151.3,98.33
case-000834,90,0,1.77,4,4,40,30,1,1,HYP,0.9233,0,0,1,0,1,1,0,1,0,0,0,0,0,0,1,0,1,0,0,0,0,0,0,1,0,0,0,0,1,0,0,1,0,1,1,1,1,1,1,1,1,74.96,107.33,96.57
case-000835,72,0,5.0,5,4,39,35,1,1,HYP,0.94,1,0,1,0,1,1,0,0,0,0,0,0,0,0,0,0,1,0,0,1,0,0,0,0,0,1,1,0,0,1,0,1,0,0,1,1,1,1,1,1,1,78.25,102.49,98.14
case-000836,55,0,1.47,4,4,37,30,0,1,CD,0.9233,0,0,1,0,0,1,0,1,1,0,0,0,0,0,0,0,0,0,1,1,0,0,0,1,0,0,0,0,0,0,1,1,0,0,1,1,1,0,1,1,1,82.21,116.27,95.29
case-000837,21,1,1.47,1,4,34,21,0,1,STTC,0.8,1,0,0,1,0,0,0,0,0,0,0,1,0,1,0,0,0,0,0,0,0,0,0,0,0,0,0,0,0,0,1,0,0,0,1,1,1,0,0,1,1,,143.7,98.06
case-000838,55,0,2.36,3,4,34,33,0,1,NORM,0.9233,0,0,0,1,0,1,0,0,1,0,0,0,0,1,1,0,0,0,0,0,0,0,0,1,0,0,0,0,0,0,1,0,0,1,1,1,1,1,1,1,1,102.71,96.66,97.18
case-000839,49,0,3.11,2,4,33,23,0,1,HYP,0.9233,0,0,1,1,0,1,1,0,0,0,0,0,0,0,0,0,0,0,0,0,0,0,0,1,0,0,0,0,1,0,0,0,0,0,1,1,1,1,1,0,0,114.47,128.36,94.14
case-000840,84,1,2.0,4,4,31,26,0,1,CD,0.8993,1,0,0,1,0,1,0,0,1,0,0,0,0,0,1,0,0,0,1,1,0,0,0,1,0,0,0,0,0,0,0,1,0,0,1,1,1,0,1,1,1,80.55,99.51,97.81
case-000841,85,0,0.89,5,4,31,24,1,1,NORM,0.9233,1,0,0,1,0,1,0,1,0,0,0,0,0,0,1,0,0,0,0,0,0,0,0,1,1,1,0,0,1,0,0,1,0,1,1,1,1,0,0,0,0,88.94,87.27,91.89
case-000842,67,0,0.91,1,4,31,23,0,1,HYP,0.8333,1,0,0,1,0,1,0,0,1,0,0,0,0,0,0,0,0,0,0,0,0,0,0,1,0,0,0,0,0,0,0,0,0,0,1,1,1,0,0,1,1,78.65,131.8,91.05
case-000843,57,1,4.16,2,4,31,23,0,1,HYP,0.9233,0,0,0,0,1,1,0,0,1,0,1,0,0,0,0,0,0,0,0,0,0,0,0,1,0,0,0,0,0,0,1,1,0,0,1,1,1,1,0,1,1,89.31,144.34,94.22
case-000844,88,0,3.81,7,4,30,23,0,1,CD,0.9233,0,0,0,1,0,1,0,0,1,0,0,0,0,1,0,0,1,1,1,1,0,0,0,1,0,0,0,0,1,0,1,0,0,0,1,1,1,0,0,1,1,84.54,105.71,97.97
case-000845,75,0,0.38,3,4,29,33,0,1,HYP,0.9233,1,0,1,1,1,0,0,0,0,0,0,0,0,0,0,0,1,0,0,0,0,0,0,1,0,0,0,0,1,0,0,0,1,0,1,1,1,1,1,1,1,60.13,129.33,99.35
case-000846,59,0,1.68,2,4,28,27,0,1,MI,0.9233,0,0,1,0,0,1,1,1,0,0,0,0,0,0,0,0,1,0,0,0,0,0,0,0,0,0,0,0,0,0,1,1,0,0,1,1,1,1,0,0,0,77.64,118.35,96.07
case-000847,81,0,0.97,5,4,27,24,0,1,MI,0.9233,1,0,0,1,0,1,0,0,1,0,0,0,0,0,1,0,1,1,0,0,0,0,1,1,0,0,0,0,0,0,0,0,1,0,1,1,1,0,0,1,1,78.54,142.7,93.12
case-000848,77,0,1.03,1,4,27,27,0,1,HYP,0.8167,0,0,1,1,0,1,1,0,0,0,0,0,0,0,0,0,0,0,0,0,0,0,0,1,0,0,0,0,0,0,0,1,0,1,1,1,1,1,0,1,1,95.15,118.9,96.57
case-000849,70,0,0.38,3,4,27,26,0,1,HYP,0.9233,0,0,0,1,0,1,1,0,1,0,0,0,0,0,0,0,0,0,0,0,0,0,0,1,1,1,0,0,0,0,0,0,0,0,1,1,1,0,1,1,1,108.72,103.4,99.51
case-000850,64,1,1.96,3,4,26,29,0,1,NORM,0.9233,1,0,1,1,0,1,0,0,0,0,0,0,0,0,1,0,1,0,0,0,0,0,0,1,0,0,0,0,0,0,0,1,0,0,1,1,1,1,0,1,1,72.56,145.5,96.82
case-000851,90,0,2.45,3,4,25,22,0,1,CD,0.8513,1,0,0,0,1,1,0,1,0,0,0,0,0,0,0,0,0,0,1,1,0,0,0,0,0,0,0,0,0,0,1,1,0,0,1,1,1,0,0,1,1,111.29,110.03,95.13
case-000852,77,1,0.93,4,4,25,27,0,1,MI,0.9067,0,0,1,1,0,1,1,0,0,0,0,0,0,0,1,0,0,0,0,0,0,0,0,1,1,1,0,0,0,0,0,1,0,0,1,1,1,1,1,1,1,75.39,86.06,95.49
case-000853,48,0,1.14,3,4,24,26,0,1,NORM,0.9233,1,0,0,1,0,1,0,0,1,0,0,0,0,0,1,0,0,0,0,0,0,0,0,1,0,0,0,0,0,0,1,0,0,0,1,1,1,0,1,1,1,76.52,173.41,94.43
case-000854,62,0,0.86,3,4,24,26,0,1,CD,0.9233,0,0,1,1,0,1,0,0,1,0,0,0,0,0,0,0,0,0,1,1,0,0,0,1,0,0,0,0,0,0,0,1,0,0,1,1,1,0,1,1,1,72.11,126.94,95.1
case-000855,73,1,1.84,1,4,23,25,0,1,HYP,0.8333,0,0,0,0,0,1,1,0,1,0,1,0,0,0,0,0,0,0,0,0,0,0,0,1,0,0,0,0,0,0,0,0,0,0,1,1,1,1,0,1,1,66.79,105.05,95.87
case-000856,90,0,1.35,2,4,22,29,1,1,MI,0.9233,0,0,1,0,0,1,1,1,0,0,0,0,0,0,1,0,1,0,0,0,0,0,0,0,0,0,0,0,0,0,0,1,0,0,1,1,1,1,0,1,1,104.18,98.57,83.98
case-000857,26,0,1.6,1,4,22,26,0,1,STTC,0.7373,0,0,1,0,1,1,1,0,0,0,0,0,0,0,0,0,0,0,0,0,0,0,0,0,0,0,0,0,0,0,1,0,1,0,1,1,1,1,0,0,0,100.58,134.85,96.88
case-000858,77,1,0.74,2,4,22,27,0,1,HYP,0.9233,0,0,1,1,1,0,0,0,1,0,0,0,0,0,0,0,0,0,0,0,0,0,0,1,0,0,1,0,0,0,0,0,1,0,1,1,1,1,1,1,1,67.93,100.77,99.89
case-000859,56,0,0.79,8,4,22,24,0,1,CD,0.9233,0,0,1,1,0,1,1,0,0,0,0,0,0,0,1,0,1,1,0,0,0,0,0,1,1,1,0,0,1,0,1,0,1,0,1,1,1,1,0,1,1,83.44,144.17,97.1
case-000860,88,0,2.12,5,4,22,27,0,1,CD,0.9233,0,0,0,1,0,1,0,0,1,0,0,0,0,1,0,0,1,1,0,0,0,0,0,1,0,0,0,0,1,0,1,1,0,0,1,1,1,1,1,1,1,91.55,118.74,97.3
case-000861,69,0,0.74,4,4,21,25,0,1,CD,0.9233,1,0,0,1,1,1,0,0,0,0,0,0,0,0,0,0,0,0,1,1,0,0,1,1,0,0,0,0,0,0,0,0,0,0,1,1,1,0,1,1,1,90.13,134.14,93.93
case-000862,79,0,3.08,2,4,20,20,0,1,HYP,0.9233,1,0,0,1,0,1,0,0,1,0,0,0,0,0,0,0,1,0,0,0,0,0,0,1,0,0,0,0,0,0,0,1,0,0,1,1,1,0,0,1,1,59.42,127.95,97.04
case-000863,56,0,0.11,2,4,20,24,1,1,STTC,0.9233,0,1,0,0,0,1,1,0,1,0,0,0,0,0,0,0,0,0,0,0,0,0,0,0,1,1,0,0,0,0,0,0,0,0,1,1,1,0,1,1,1,89.61,83.0,96.14
case-000864,66,0,1.02,3,4,18,28,0,1,CD,0.9233,0,0,1,0,1,1,1,0,0,0,0,0,0,0,0,0,0,0,1,1,0,0,0,0,0,0,0,0,0,0,1,0,0,1,1,1,1,0,1,1,1,82.16,134.23,95.29
case-000865,62,0,1.37,1,4,18,28,0,1,HYP,0.8333,0,0,1,0,0,1,0,1,1,0,0,0,0,0,0,0,0,0,0,0,0,0,0,1,0,0,0,0,0,0,0,0,0,0,1,1,1,0,0,1,1,68.94,102.9,95.89
case-000866,72,1,2.9,3,4,17,32,1,1,HYP,0.8347,1,0,1,1,0,1,0,0,0,0,0,0,0,0,0,0,1,0,0,0,0,0,0,1,0,0,0,0,1,0,0,1,0,0,1,1,1,0,1,1,1,108.32,104.06,96.21
case-000867,67,0,2.36,4,4,17,23,0,1,CD,0.9233,1,0,1,1,0,1,0,0,0,0,0,0,0,0,1,0,0,0,0,0,0,0,1,1,0,0,0,0,0,0,1,0,0,0,1,1,1,0,0,1,1,80.21,117.44,92.49
case-000868,48,0,1.35,2,4,17,27,0,1,STTC,0.9067,0,1,0,0,0,1,1,0,1,0,0,0,0,0,0,0,0,0,0,0,0,0,0,0,1,1,0,0,0,0,0,0,0,0,1,1,1,1,1,1,1,112.34,100.02,95.91
case-000869,90,0,1.01,3,4,16,14,0,1,HYP,0.9233,0,0,0,1,1,1,0,0,1,0,0,0,0,0,0,0,0,0,0,0,0,0,0,1,0,0,0,0,0,1,1,0,0,0,1,1,1,0,0,0,0,78.85,141.86,95.09
case-000870,28,0,1.23,1,4,15,25,0,1,HYP,0.8333,0,0,1,0,1,0,0,0,0,0,1,0,0,1,0,0,0,0,0,0,0,0,0,1,0,0,0,0,0,0,0,1,0,0,1,1,1,0,1,1,1,86.75,157.03,98.51
case-000871,67,1,1.52,1,4,14,26,0,1,STTC,0.754,1,0,1,1,0,1,0,0,0,0,0,0,0,0,0,0,0,0,0,0,0,0,0,0,0,1,0,0,0,0,0,0,0,0,1,1,1,0,0,1,1,79.66,110.09,96.19
case-000872,29,1,0.78,1,4,14,33,0,1,STTC,0.8333,0,0,1,0,1,0,0,0,0,0,1,0,0,1,0,0,0,0,0,0,0,0,0,0,0,0,0,0,0,0,1,1,0,0,1,1,1,1,1,1,1,90.48,112.36,98.66
case-000873,90,1,1.36,3,4,13,26,0,1,HYP,0.9233,1,0,1,0,0,1,1,0,0,0,0,0,0,0,0,0,0,0,0,0,0,0,0,1,1,1,0,0,0,0,0,0,0,0,1,1,1,1,1,1,1,92.97,124.05,95.34
case-000874,72,0,2.0,3,4,12,24,0,1,HYP,0.9233,1,0,0,0,0,1,1,1,0,0,0,0,0,0,0,0,0,0,0,0,0,0,0,1,1,1,0,0,0,0,0,0,0,0,1,1,1,1,0,1,1,87.07,116.71,97.52
case-000875,68,0,1.18,2,4,12,26,0,1,HYP,0.8273,0,0,0,1,0,1,1,0,1,0,0,0,0,0,0,0,1,0,0,0,0,0,0,1,0,0,0,0,0,0,0,1,0,0,1,1,1,0,1,1,1,76.37,121.91,97.63
case-000876,45,0,5.2,1,4,11,26,0,1,STTC,0.7373,1,0,1,0,1,1,0,0,0,0,0,0,0,0,0,0,0,0,0,0,0,0,0,0,0,0,0,0,0,0,1,0,0,0,1,1,1,0,1,1,1,74.5,122.68,92.6
case-000877,43,0,1.3,6,4,11,24,0,1,CD,0.9233,1,0,0,0,1,1,0,0,1,0,0,0,0,0,1,0,0,0,1,1,0,0,0,1,0,0,0,1,0,0,1,0,0,0,1,1,1,0,1,1,1,77.26,112.62,97.25
case-000878,44,1,0.94,1,4,10,22,0,1,HYP,0.8333,0,1,0,1,0,1,0,0,1,0,0,0,0,0,0,0,0,0,0,0,0,0,0,1,0,0,0,0,0,0,0,1,0,0,1,1,1,0,0,1,1,98.89,131.07,96.12
case-000879,47,0,0.26,6,4,10,22,0,1,CD,0.9233,0,1,0,1,1,0,1,0,0,0,0,0,0,0,0,0,0,0,0,1,1,0,1,1,0,1,1,0,0,0,0,0,0,0,1,1,1,0,0,1,1,51.84,90.13,99.21
case-000880,80,0,0.94,6,4,9,24,0,1,CD,0.8753,1,0,0,1,1,1,0,0,0,0,0,0,0,0,0,0,0,0,0,1,0,1,1,1,0,1,0,1,0,0,0,1,0,0,1,1,1,0,1,0,0,71.54,110.7,94.27
case-000881,68,1,2.17,3,4,9,33,0,1,CD,0.9067,0,0,1,0,0,1,1,1,0,0,0,0,0,0,0,0,0,0,1,1,0,0,0,1,0,0,0,0,0,0,0,1,0,1,1,1,1,1,1,1,1,86.89,120.62,98.42
case-000882,50,0,2.1,1,4,9,20,0,1,STTC,0.8333,0,0,0,0,1,1,0,0,1,1,0,0,0,0,0,0,0,0,0,0,0,0,0,0,0,0,0,0,0,0,1,0,0,0,1,1,1,0,0,1,1,81.62,141.62,98.25
case-000883,75,0,0.72,2,4,8,27,0,1,HYP,0.9233,0,0,0,1,1,1,0,0,1,0,0,0,0,0,0,0,0,0,0,0,0,0,0,1,0,0,0,0,1,0,0,1,0,0,1,1,1,0,1,1,1,67.23,127.38,98.67
case-000884,84,0,1.2,1,4,8,19,0,1,HYP,0.8333,0,0,0,1,1,1,0,0,0,1,0,0,0,0,0,0,0,0,0,0,0,0,0,1,0,0,0,0,0,0,0,0,0,0,1,1,1,0,1,0,0,78.58,114.17,94.86
case-000885,85,0,4.25,2,4,5,23,0,1,NONE,0.9233,1,0,0,0,0,0,0,1,1,0,0,0,0,1,0,0,0,0,0,0,0,0,1,1,0,0,0,0,0,0,0,0,0,0,1,1,1,0,0,1,1,68.43,146.46,97.55
case-000886,77,1,3.75,3,4,5,25,0,1,HYP,0.9067,0,0,0,1,0,1,1,0,1,0,0,0,0,0,0,0,0,0,0,0,0,0,0,1,1,1,0,0,0,0,0,0,1,0,1,1,1,1,1,1,1,81.61,128.2,92.45
case-000887,53,0,18.29,2,3,723,33,0,1,STTC,0.9233,0,0,1,0,0,1,0,0,1,0,0,0,0,0,0,0,0,0,0,0,0,0,0,0,1,1,0,0,0,0,0,0,0,0,1,1,1,1,1,1,1,92.61,129.31,95.03
case-000888,59,0,8.8,4,3,427,29,0,1,CD,0.9233,0,0,1,0,1,1,0,0,0,0,0,0,0,0,0,0,0,0,0,1,0,0,0,0,0,1,1,0,1,0,0,0,0,0,1,1,1,0,1,1,1,92.99,120.82,95.82
case-000889,34,0,3.97,3,3,356,34,0,1,NORM,0.9233,1,0,1,0,0,1,0,0,0,0,0,0,0,0,1,0,0,0,0,0,0,0,0,0,0,1,1,0,0,0,0,1,0,0,1,1,1,1,1,1,1,73.03,110.34,98.5
case-000890,59,0,3.72,2,3,310,33,0,1,CD,0.9233,0,0,1,0,1,1,0,0,0,0,0,0,0,0,0,0,0,0,0,1,0,0,0,0,0,0,1,0,0,0,0,1,0,0,1,1,1,1,1,1,1,52.06,115.09,98.34
case-000891,56,0,8.78,5,3,301,31,0,1,NORM,0.9233,1,0,1,0,0,1,0,0,0,0,0,0,0,0,1,0,1,0,0,1,0,0,0,0,1,1,0,0,0,0,0,0,1,1,1,1,1,1,1,1,1,99.19,101.38,95.73
case-000892,90,1,3.83,6,3,230,33,0,1,STTC,0.94,1,0,1,0,0,0,0,0,0,0,0,0,0,1,1,0,1,0,0,0,0,0,1,1,0,1,0,0,1,0,0,1,0,0,1,1,1,0,1,1,1,94.01,123.5,95.6
case-000893,65,0,2.92,3,3,220,34,0,1,HYP,0.9233,0,0,1,0,0,1,1,0,0,0,0,0,0,0,0,0,1,0,0,0,0,0,0,1,0,0,0,0,0,0,1,0,0,0,1,1,1,1,1,1,1,86.1,140.58,95.98
case-000894,51,0,15.11,1,3,158,30,0,1,HYP,0.8333,0,0,1,0,1,1,0,0,0,0,0,0,0,0,0,0,0,0,0,0,0,0,0,1,0,0,0,0,0,0,0,1,0,0,1,1,1,0,1,1,1,86.38,137.35,97.25
case-000895,78,1,8.55,4,3,112,26,0,1,HYP,0.9233,0,0,1,0,1,1,0,0,0,0,0,0,0,0,0,0,1,0,0,1,0,0,0,1,0,0,0,1,0,0,0,0,1,0,1,1,1,0,1,0,0,89.25,114.71,98.63
case-000896,61,0,1.06,3,3,103,33,0,1,MI,0.9233,0,0,1,1,0,1,0,0,0,0,0,0,0,0,0,0,1,0,0,0,0,0,0,0,0,0,0,0,1,1,0,1,0,0,1,1,1,0,1,1,1,77.15,130.73,96.03
case-000897,74,0,1.65,5,3,102,32,0,1,CD,0.9233,1,0,0,0,0,1,1,0,0,0,0,0,0,0,0,0,0,0,1,1,0,0,0,1,1,1,0,0,0,0,0,1,0,0,1,1,1,1,1,1,1,92.71,107.19,97.34
case-000898,73,0,0.76,4,3,95,33,0,1,CD,0.9233,0,0,1,1,0,1,0,0,0,0,0,0,0,0,0,0,1,0,0,0,0,0,0,0,0,1,0,1,1,0,0,1,0,0,1,1,1,0,1,1,1,92.93,135.42,97.09
case-000899,50,0,17.75,5,3,85,36,0,1,HYP,0.9233,1,0,1,0,0,1,0,0,0,0,0,0,0,0,0,0,0,0,0,0,0,0,0,1,0,1,1,1,1,0,0,1,0,1,1,1,1,1,1,1,1,98.94,105.19,98.25
case-000900,81,1,3.96,1,3,81,26,1,1,HYP,0.8333,0,0,1,0,0,1,1,0,0,0,0,0,0,0,0,0,0,0,0,0,0,0,0,1,0,0,0,0,0,0,0,0,1,0,1,1,1,1,0,0,0,89.26,129.33,97.67
case-000901,87,0,2.23,2,3,64,29,0,1,NORM,0.9233,0,0,1,1,0,1,0,0,0,0,0,0,0,0,1,0,0,0,0,0,0,0,0,0,0,0,0,1,0,0,0,0,0,1,1,1,1,0,1,1,1,62.27,123.82,96.36
case-000902,75,0,1.15,3,3,61,30,1,1,HYP,0.9233,0,0,1,0,1,1,0,0,0,0,0,0,0,0,0,0,0,0,0,1,0,0,0,1,0,0,1,0,0,0,0,1,0,1,1,1,1,1,0,1,1,90.98,145.37,95.07
case-000903,80,0,1.09,2,3,58,29,0,1,HYP,0.9233,1,0,0,0,0,1,0,0,0,1,0,0,0,0,0,0,0,0,0,0,0,0,0,1,0,1,0,0,0,0,0,0,0,1,1,1,1,0,1,1,1,87.13,104.57,99.2
case-000904,73,1,4.49,3,3,52,22,1,1,MI,0.9233,0,0,1,1,0,1,0,0,0,0,0,0,0,0,1,0,1,0,0,0,0,0,0,1,0,0,0,0,0,0,0,0,0,0,1,1,1,0,1,0,0,83.78,128.65,93.76
case-000905,62,0,1.77,1,3,49,23,0,1,HYP,0.8333,1,0,0,1,0,1,0,0,0,0,0,0,0,0,0,0,0,0,0,0,0,0,0,1,0,0,0,0,0,0,0,0,0,0,1,1,1,0,0,1,1,69.57,105.69,99.17
case-000906,73,1,5.36,3,3,47,22,1,1,CD,0.9233,0,0,1,1,0,1,0,0,0,0,0,0,0,0,1,0,1,0,0,0,0,0,0,1,0,0,0,0,0,0,0,0,1,0,1,1,1,0,0,1,1,92.25,134.07,96.25
case-000907,71,0,1.32,2,3,47,28,0,1,HYP,0.9233,0,0,0,1,0,1,0,0,1,0,0,0,0,0,0,0,0,0,0,0,0,0,0,1,0,0,0,0,0,0,1,1,0,0,1,1,1,0,1,1,1,84.44,138.54,97.62
case-000908,89,0,2.69,4,3,45,35,0,1,CD,0.9233,0,0,1,0,0,1,1,0,0,0,0,0,0,0,0,0,1,0,0,0,0,0,1,0,1,1,0,0,0,0,0,1,0,1,1,1,1,1,1,1,1,106.2,108.49,94.9
case-000909,63,1,0.9,1,3,43,23,0,1,HYP,0.8167,0,0,1,0,0,1,0,1,0,0,0,0,0,0,0,0,0,0,0,0,0,0,0,1,0,0,0,0,0,0,0,0,0,0,1,1,1,0,1,1,1,81.69,139.68,96.35
case-000910,79,1,1.42,3,3,41,27,1,1,HYP,0.9233,1,0,1,0,0,0,1,0,0,0,0,0,0,0,0,0,0,0,0,0,0,0,0,1,1,1,0,0,0,0,0,0,1,0,1,1,1,1,0,1,1,95.77,90.51,94.31
case-000911,74,0,0.89,1,3,39,22,0,1,NORM,0.8333,1,0,0,1,1,0,0,0,0,0,0,0,0,0,1,0,0,0,0,0,0,0,0,0,0,0,0,0,0,0,0,0,0,0,1,1,1,0,0,1,1,70.29,146.57,96.16
case-000912,67,0,1.82,4,3,38,27,0,1,NORM,0.9233,0,0,0,1,0,1,0,0,0,1,0,0,0,0,1,1,0,1,0,0,0,0,0,1,0,0,0,0,0,0,0,1,0,1,1,1,1,0,1,1,1,64.24,132.42,98.42
case-000913,37,0,0.77,1,3,38,21,0,1,HYP,0.8333,0,0,0,1,0,0,0,0,1,0,0,0,0,1,0,0,0,0,0,0,0,0,0,1,0,0,0,0,0,0,0,0,0,0,1,1,1,0,1,0,0,100.1,133.89,94.38
case-000914,79,0,1.07,2,3,37,19,0,1,HYP,0.9233,0,0,1,1,0,1,0,0,0,0,0,0,0,0,0,0,1,0,0,0,0,0,0,1,0,0,0,0,0,0,0,1,0,0,1,1,1,0,0,0,0,85.89,122.43,94.59
case-000915,46,1,8.36,1,3,37,29,0,1,NORM,0.8333,0,0,1,0,1,1,0,0,0,0,0,0,0,0,1,0,0,0,0,0,0,0,0,0,0,0,0,0,0,0,0,0,0,0,1,1,1,1,0,1,1,76.37,121.62,99.15
case-000916,30,0,0.16,1,3,34,18,0,1,HYP,0.8333,1,0,0,1,0,1,0,0,0,0,0,0,0,0,0,0,0,0,0,0,0,0,0,1,0,0,0,0,0,0,0,0,0,0,1,1,1,1,0,1,1,118.49,134.92,99.69
case-000917,76,1,1.92,5,3,34,26,0,1,MI,0.94,0,0,1,1,0,0,0,0,1,0,0,0,0,0,0,0,1,1,0,0,0,0,0,1,0,0,0,0,1,1,0,0,0,0,1,1,1,1,1,0,0,89.65,131.12,96.51
case-000918,76,0,4.2,4,3,33,31,0,1,HYP,0.94,1,0,1,0,0,0,0,0,0,0,0,0,0,1,0,0,0,0,0,0,0,0,0,1,0,1,0,1,1,0,0,0,0,0,1,1,1,0,1,1,1,61.7,121.96,94.1
case-000919,67,1,1.94,4,3,33,26,0,1,CD,0.9233,0,0,1,1,0,0,0,1,0,0,0,0,0,0,0,0,0,0,1,1,0,0,0,1,0,0,0,0,1,0,0,1,0,1,1,1,1,0,1,1,1,90.09,104.4,97.24
case-000920,66,0,1.06,2,3,32,16,0,1,NORM,0.9233,1,0,1,0,0,1,0,0,0,0,0,0,0,0,1,0,0,0,0,0,0,0,0,1,0,0,0,0,0,0,0,0,0,0,1,1,1,0,1,0,0,73.88,138.27,96.1
case-000921,61,0,0.77,5,3,32,24,0,1,CD,0.9233,0,0,0,1,0,1,0,1,0,0,0,0,0,0,1,0,1,0,1,1,0,0,0,1,0,0,0,0,0,0,0,1,0,1,1,1,1,0,1,1,1,93.3,146.84,98.64
case-000922,52,0,1.06,4,3,31,31,1,1,NORM,0.9233,0,0,1,0,0,1,0,0,0,0,0,0,0,1,1,0,0,0,0,0,0,0,0,1,0,0,1,0,0,0,1,1,0,0,1,1,1,1,1,1,1,87.4,114.51,97.38
case-000923,83,0,4.97,5,3,31,31,0,1,MI,0.94,0,0,1,1,1,0,0,0,0,0,0,0,0,0,1,0,1,0,0,0,0,0,0,1,0,0,0,0,1,1,0,0,0,0,1,1,1,0,1,1,1,91.85,103.54,97.08
case-000924,55,0,1.74,5,3,30,30,0,1,MI,0.8513,0,0,1,0,1,1,0,0,0,0,0,0,0,0,0,0,1,1,0,1,0,0,0,0,0,0,1,0,0,0,1,1,0,0,1,1,1,0,1,1,1,87.78,116.37,96.6
case-000925,76,0,2.01,1,3,28,20,0,1,CD,0.8333,0,0,1,1,0,1,0,0,0,0,0,0,0,0,0,0,1,0,0,0,0,0,0,0,0,0,0,0,0,0,0,1,0,0,1,1,1,0,0,1,1,69.58,88.9,95.19
case-000926,59,0,2.41,4,3,27,24,0,1,MI,0.9233,0,0,0,1,0,1,0,0,1,0,0,0,0,0,0,0,1,1,0,0,0,0,0,1,0,0,0,0,1,0,0,1,0,0,1,1,1,0,1,1,1,70.18,145.22,95.5
case-000927,80,0,0.75,2,3,25,31,0,1,NORM,0.9233,0,0,1,0,1,1,0,0,0,0,0,0,0,0,1,0,0,0,0,0,0,0,0,1,0,0,0,0,0,0,0,0,1,0,1,1,1,0,1,1,1,91.67,111.77,97.2
case-000928,26,0,0.4,1,3,23,28,0,1,STTC,0.8333,0,0,0,1,0,1,0,0,1,0,0,0,0,0,0,0,0,0,0,0,0,0,0,0,0,0,0,0,0,0,1,0,0,0,1,1,1,0,0,1,1,86.03,112.77,98.47
case-000929,60,1,1.84,2,3,22,26,0,1,HYP,0.9067,0,0,0,0,1,1,0,0,1,0,0,0,0,0,0,0,0,0,0,0,0,0,0,1,0,0,0,0,0,0,1,0,0,0,1,1,1,0,1,1,1,55.9,152.85,97.59
case-000930,85,0,2.8,4,3,20,23,0,1,CD,0.9233,0,0,1,0,0,1,0,0,1,0,0,0,0,0,1,0,0,0,1,1,0,0,0,1,0,0,0,0,0,0,0,1,0,0,1,1,1,0,0,0,0,94.43,119.79,99.49
case-000931,74,1,1.11,2,3,20,24,0,1,CD,0.9233,0,0,0,1,0,1,0,0,1,0,0,0,0,0,0,0,0,0,1,1,0,0,0,0,0,0,0,0,0,0,0,0,0,0,1,1,1,0,1,1,1,63.96,94.42,99.71
case-000932,53,0,1.82,2,3,18,17,0,1,HYP,0.9233,0,0,1,1,0,1,0,0,0,0,0,0,0,0,0,0,1,0,0,0,0,0,0,1,0,0,0,0,0,0,0,1,0,0,1,1,1,0,0,0,0,81.95,133.95,95.41
case-000933,68,0,0.83,3,3,17,26,0,1,MI,0.9233,0,0,0,1,0,1,0,0,1,0,0,0,0,0,0,0,0,1,0,0,0,0,0,1,0,0,0,0,0,0,1,0,0,0,1,1,1,0,1,1,1,75.25,140.4,96.93
case-000934,66,1,2.11,2,3,15,22,0,1,STTC,0.9233,1,0,1,0,0,0,1,0,0,0,0,0,0,0,0,0,0,0,0,0,0,0,0,0,1,1,0,0,0,0,0,0,0,0,1,1,1,1,0,1,1,81.17,117.77,94.05
case-000935,34,0,1.43,2,3,14,30,0,1,CD,0.8273,1,0,1,0,0,1,0,0,0,0,0,0,0,0,1,0,0,0,0,0,0,0,0,0,0,0,1,0,0,0,0,0,0,0,1,1,1,0,1,1,1,99.4,116.28,98.33
case-000936,74,0,0.89,7,3,14,18,0,1,NORM,0.916,1,0,0,1,0,0,0,0,0,1,0,0,0,0,1,1,1,0,0,1,0,1,0,1,0,0,0,1,0,0,0,0,0,0,1,1,1,0,0,0,1,84.58,114.58,93.87
case-000937,51,1,3.96,2,3,14,19,0,1,HYP,0.9233,0,0,1,0,0,1,0,0,1,0,0,0,0,0,0,0,0,0,0,0,0,0,0,1,0,0,0,0,0,0,1,0,0,1,1,1,1,0,1,0,0,70.06,121.2,98.16
case-000938,52,0,0.89,2,3,14,24,0,1,HYP,0.9233,0,0,1,0,0,1,1,0,0,0,0,0,0,0,0,0,1,0,0,0,0,0,0,1,0,0,0,0,0,0,0,1,0,0,1,1,1,0,0,1,1,86.87,131.27,91.74
case-000939,75,0,1.12,2,3,14,25,0,1,HYP,0.9233,0,0,1,0,0,1,0,0,1,0,0,0,0,0,0,0,0,0,0,0,0,0,0,1,0,0,0,0,0,0,1,1,0,0,1,1,1,1,1,1,1,108.49,126.33,95.04
case-000940,41,1,1.35,2,3,13,21,0,1,HYP,0.9233,0,0,1,0,0,1,0,0,1,0,0,0,0,0,0,0,1,0,0,0,0,0,0,1,0,0,0,0,0,0,0,1,0,0,1,1,1,0,0,1,0,71.63,130.02,98.44
case-000941,87,0,1.01,2,3,13,23,0,1,CD,0.9233,0,0,1,1,0,1,0,0,0,0,0,0,0,0,1,0,0,0,0,0,0,0,0,0,0,0,0,1,0,0,0,0,0,1,1,1,1,0,0,1,1,57.83,130.69,97.76
case-000942,60,0,1.21,5,3,13,25,0,1,CD,0.9233,0,0,0,1,0,1,0,0,1,0,0,0,0,0,1,0,0,0,1,1,0,0,0,0,1,1,0,0,0,0,0,1,0,0,1,1,1,0,1,1,1,87.45,117.31,98.04
case-000943,85,0,1.61,3,3,11,27,0,1,CD,0.9233,1,0,1,0,0,1,0,0,0,0,0,0,0,0,0,0,0,0,1,1,0,0,0,1,0,0,0,0,0,0,0,1,0,0,1,1,1,0,1,1,1,109.3,114.65,93.32
case-000944,18,1,1.05,1,3,10,29,0,1,STTC,0.8333,0,0,1,1,0,0,1,0,0,0,0,0,0,0,0,0,0,0,0,0,0,0,0,0,0,0,0,0,0,0,1,0,0,0,1,1,1,1,0,1,1,106.95,105.08,99.26
case-000945,75,1,2.1,3,3,10,23,0,1,CD,0.9233,0,0,0,0,1,1,0,1,0,0,0,0,0,0,0,0,0,0,1,1,0,0,0,1,0,0,0,0,0,0,0,1,0,0,1,1,1,0,1,1,1,84.43,165.28,98.37
case-000946,57,0,0.89,1,3,10,22,0,1,STTC,0.8333,0,0,0,0,1,1,0,0,1,0,0,0,0,0,0,0,0,0,0,0,0,0,0,0,0,0,0,0,0,0,1,0,0,0,1,1,1,0,1,1,1,70.87,111.7,98.59
case-000947,54,0,1.01,3,3,9,15,0,1,CD,0.8273,1,0,0,0,0,1,0,0,0,0,0,0,0,1,0,0,0,0,1,1,0,0,0,1,0,0,0,0,0,0,0,0,0,0,1,1,1,0,0,0,0,64.28,122.69,95.94
case-000948,79,0,3.28,3,3,8,18,0,1,MI,0.9067,0,0,1,1,0,1,0,0,0,0,0,0,0,0,0,0,1,1,0,0,0,0,0,1,0,0,0,0,0,0,0,1,0,0,1,1,1,0,0,0,0,84.37,113.6,94.23
case-000949,68,0,1.11,3,3,8,23,0,1,CD,0.89,0,0,0,1,1,1,0,0,0,0,0,0,0,0,0,0,1,0,0,0,0,0,1,1,0,0,0,0,0,0,0,1,0,0,1,1,1,0,1,1,1,,109.04,93.95
case-000950,73,0,0.25,1,3,7,22,0,1,HYP,0.8333,0,0,0,0,1,1,0,0,0,1,0,0,0,0,0,0,0,0,0,0,0,0,0,1,0,0,0,0,0,0,0,0,0,0,1,1,1,0,1,1,1,67.16,140.78,95.87
case-000951,70,1,1.55,5,3,6,19,0,1,CD,0.8993,0,0,0,0,1,1,0,0,0,1,0,0,0,0,0,0,0,0,1,1,0,0,0,1,1,1,0,0,0,0,0,1,0,0,1,1,1,0,1,0,0,78.52,101.59,97.36
case-000952,70,0,1.28,3,3,5,21,0,1,CD,0.8993,1,0,0,0,0,1,0,0,1,0,0,0,0,0,0,0,1,0,1,1,0,0,0,0,0,0,0,0,0,0,0,0,0,0,1,1,1,0,0,1,1,71.87,102.96,99.7
case-000953,72,0,0.78,1,3,5,21,0,1,HYP,0.8333,0,0,1,1,0,0,0,0,0,0,0,0,0,1,0,0,0,0,0,0,0,0,0,1,0,0,0,0,0,0,0,0,0,0,1,1,1,0,0,1,1,69.48,116.14,97.8
case-000954,71,0,0.59,4,3,5,23,0,1,HYP,0.8753,0,0,0,0,0,1,0,1,1,0,0,0,0,0,0,0,1,0,0,0,0,0,0,1,0,0,0,1,0,0,1,0,0,0,1,1,1,0,1,1,1,81.65,105.5,96.3
case-000955,56,1,0.46,1,3,3,33,0,1,HYP,0.8453,0,0,1,0,0,1,0,0,0,0,0,0,0,1,0,0,0,0,0,0,0,0,0,1,0,0,0,0,0,0,0,0,0,1,1,1,1,1,1,1,1,76.81,117.67,95.49
case-000956,85,0,0.88,5,7,72,33,0,1,NONE,0.9367,1,0,1,0,1,1,0,1,1,0,0,0,0,1,0,0,0,0,1,1,0,0,0,1,1,1,0,0,0,0,0,0,1,0,1,1,1,1,1,1,1,100.27,105.02,93.61
case-000957,65,0,1.14,3,5,25,26,0,1,HYP,0.9367,1,0,1,1,0,1,0,0,1,0,0,0,0,0,0,0,0,1,0,0,0,0,0,1,0,0,0,0,1,0,0,0,0,0,1,1,1,0,0,1,1,73.18,105.41,98.91
case-000958,51,1,0.68,1,5,13,21,0,1,HYP,0.8467,0,0,1,0,1,0,1,0,0,0,1,0,0,1,0,0,0,0,0,0,0,0,0,1,0,0,0,0,0,0,0,0,0,0,1,1,1,0,0,1,1,80.12,121.69,95.49
case-000959,67,1,0.98,1,4,59,32,0,1,STTC,0.8467,1,0,0,1,0,1,0,0,0,0,0,0,0,1,0,0,0,0,0,0,0,0,0,0,0,0,0,0,1,0,0,0,0,0,1,1,1,1,1,1,1,89.78,142.62,98.43
case-000960,81,1,1.1,1,4,42,18,0,1,CD,0.83,0,0,0,1,1,1,0,1,0,0,0,0,0,0,0,0,0,0,0,0,0,0,1,0,0,0,0,0,0,0,0,0,0,0,1,1,1,0,0,0,0,74.89,126.0,96.97
case-000961,69,0,0.94,4,4,37,21,0,1,NORM,0.9367,1,0,1,1,1,0,0,0,0,0,0,0,0,0,1,0,0,0,0,0,0,0,0,1,0,0,0,0,1,0,1,0,0,0,1,1,1,0,0,0,0,48.54,115.9,96.74
case-000962,26,1,0.47,2,4,28,20,0,1,NORM,0.92,1,0,1,0,1,0,0,0,0,0,0,0,0,1,1,0,0,0,0,0,0,0,0,1,0,0,0,0,0,0,0,1,0,1,1,1,1,0,0,0,0,111.27,138.52,95.41
case-000963,89,1,2.83,2,4,27,24,0,1,CD,0.9367,0,0,1,1,0,1,1,0,0,0,0,0,0,0,1,0,0,0,0,0,0,0,0,1,0,0,0,0,0,0,0,1,0,0,1,1,1,1,0,0,0,78.53,120.07,97.41
case-000964,70,1,0.84,3,4,21,30,0,1,STTC,0.9367,0,0,1,1,0,1,0,1,0,0,0,0,0,0,1,0,0,0,1,1,0,0,0,0,0,0,0,0,0,0,0,1,0,1,1,1,1,0,1,1,1,78.22,143.29,93.87
case-000965,90,1,1.18,4,4,20,24,0,1,STTC,0.92,0,0,1,1,0,1,0,0,1,0,0,0,0,0,0,0,0,0,1,1,0,0,0,1,0,0,0,0,0,0,1,1,0,1,1,1,1,0,1,1,1,61.08,116.1,
case-000966,82,1,3.48,2,4,17,15,1,1,HYP,0.9367,0,1,1,1,1,0,0,0,0,0,0,0,0,0,0,0,0,0,0,0,0,0,0,1,0,0,1,0,0,0,0,0,0,0,1,1,1,0,0,0,0,80.62,96.79,92.18
case-000967,24,0,0.89,1,4,10,23,0,1,STTC,0.8467,0,0,1,0,1,0,0,0,0,0,1,0,0,1,0,0,0,0,0,0,0,0,0,0,0,1,0,0,0,0,0,0,0,0,1,1,1,0,0,1,1,65.09,106.45,97.08
case-000968,80,0,0.65,2,4,9,29,0,1,STTC,0.9367,1,0,1,0,1,0,1,0,0,0,0,0,0,0,0,0,0,0,0,0,0,0,0,0,1,1,0,0,0,0,0,0,0,0,1,1,1,0,1,1,1,79.24,122.88,95.79
case-000969,86,1,0.17,4,4,8,26,1,1,CD,0.9367,0,0,1,0,0,1,1,1,0,0,0,0,0,0,1,0,0,0,0,0,0,0,0,1,1,1,0,0,0,0,0,0,0,0,1,1,1,0,0,1,1,92.0,121.38,94.33
case-000970,59,1,1.78,1,3,105,28,1,1,STTC,0.8467,0,0,1,0,0,0,0,0,0,1,0,0,1,0,0,0,0,0,0,0,0,0,0,0,0,0,0,0,1,0,0,0,0,0,1,1,1,1,1,1,1,96.21,101.3,98.08
case-000971,80,1,0.64,3,3,94,19,0,1,HYP,0.9367,0,0,1,0,1,0,0,0,0,0,0,0,0,1,0,0,1,0,0,0,0,0,0,1,0,0,0,0,1,0,0,0,1,0,1,1,1,0,1,0,0,63.72,110.43,98.37
case-000972,82,1,2.51,1,3,50,24,0,1,STTC,0.8467,0,0,1,0,1,0,0,0,0,1,0,0,0,0,0,0,0,0,0,0,0,0,0,0,0,0,0,0,0,0,1,0,0,0,1,1,1,1,1,1,1,84.36,107.78,98.83
case-000973,41,1,0.64,2,3,45,32,0,1,NORM,0.9367,0,0,1,0,1,0,0,0,0,0,0,0,0,1,1,0,0,0,0,0,0,0,0,0,0,0,1,0,0,0,0,1,0,1,1,1,1,0,1,1,1,80.6,113.07,99.65
case-000974,62,0,1.73,1,3,38,25,0,1,HYP,0.8467,0,0,0,0,1,0,0,0,1,0,1,0,0,0,0,0,0,0,0,0,0,0,0,1,0,0,0,0,0,0,0,0,0,0,1,1,1,0,0,1,1,83.61,97.05,97.56
case-000975,67,0,2.04,2,3,36,13,0,1,CD,0.9367,0,0,0,1,1,0,0,0,1,0,0,0,0,0,0,0,0,0,1,1,0,0,0,0,0,0,0,0,0,0,0,0,0,0,1,1,1,0,0,0,0,59.69,132.28,96.29
case-000976,78,0,4.1,4,3,31,25,0,1,CD,0.9367,0,0,0,1,0,1,0,0,0,0,0,0,0,1,1,0,1,0,0,0,0,0,1,1,0,0,0,0,0,0,0,1,0,0,1,1,1,0,1,0,0,84.28,109.41,94.39
case-000977,50,1,1.7,1,3,25,14,0,1,HYP,0.8467,0,0,0,0,0,1,0,1,1,0,0,0,0,0,0,0,0,0,0,0,0,0,0,1,0,0,0,0,0,0,0,0,0,0,1,1,1,0,0,0,0,101.04,114.2,94.79
case-000978,72,1,0.71,1,3,23,20,0,1,HYP,0.83,1,0,0,1,0,0,0,0,1,0,0,0,0,0,0,0,0,0,0,0,0,0,0,1,0,0,0,0,0,0,0,0,0,0,1,1,1,0,0,1,1,72.94,141.0,98.45
case-000979,89,1,4.01,3,3,20,28,0,1,NORM,0.9367,0,0,1,0,0,1,1,0,0,0,0,0,0,0,1,0,0,0,0,0,0,0,0,1,0,0,0,0,0,0,1,0,1,0,1,1,1,0,0,1,1,63.5,151.3,94.53
case-000980,83,1,2.04,2,3,15,27,1,1,HYP,0.9367,0,0,1,1,0,1,0,0,0,0,0,0,0,0,0,0,0,0,0,0,0,0,0,1,0,0,1,0,0,0,0,1,0,0,1,1,1,0,0,1,1,81.74,119.93,97.25
case-000981,79,1,0.96,2,3,8,21,0,1,NORM,0.9367,1,0,0,1,0,1,0,0,0,0,0,0,0,0,0,0,0,0,0,0,0,0,0,0,1,1,0,0,0,0,0,0,0,0,1,1,1,0,1,1,1,78.35,115.36,97.24
case-000982,54,1,2.2,2,2,115,31,0,1,STTC,0.9333,1,0,1,0,0,0,0,0,0,0,0,0,0,0,0,0,0,0,0,0,0,0,0,0,0,1,0,0,1,0,0,1,0,0,1,1,1,0,1,1,1,87.06,115.53,97.51
case-000983,70,1,0.91,1,2,89,29,0,1,HYP,0.8433,0,0,0,1,0,0,0,0,1,0,0,0,0,0,0,0,0,0,0,0,0,0,0,1,0,0,0,0,0,0,0,1,0,1,1,1,1,0,1,1,1,66.21,138.88,95.7
case-000984,69,0,3.32,4,2,82,25,0,1,MI,0.9333,0,0,0,1,0,1,0,0,0,0,0,0,0,0,0,0,1,1,0,0,0,0,0,1,0,0,0,0,0,1,0,1,0,0,1,1,1,0,1,1,1,68.22,135.75,96.29
case-000985,54,0,2.19,2,2,52,26,0,1,HYP,0.9333,0,0,0,1,0,1,0,0,0,0,0,0,0,0,0,0,1,0,0,0,0,0,0,1,0,0,0,0,0,0,0,1,0,0,1,1,1,0,1,1,1,85.96,105.56,94.8
case-000986,67,0,4.62,1,2,48,24,0,1,HYP,0.8433,0,0,0,0,0,1,0,0,1,0,0,0,0,0,0,0,0,0,0,0,0,0,0,1,0,0,0,0,0,0,0,0,0,0,1,1,1,0,1,1,1,73.24,115.48,97.53
case-000987,65,1,4.8,2,2,46,35,0,1,HYP,0.9333,0,0,0,1,1,0,0,0,0,0,0,0,0,0,0,0,0,0,0,0,0,0,0,1,0,0,0,0,1,0,0,1,0,1,1,1,1,1,1,1,1,87.47,116.54,97.49
case-000988,90,1,1.98,4,2,42,33,0,1,CD,0.9333,0,0,1,0,1,0,0,0,0,0,0,0,0,0,0,0,0,0,1,1,0,0,1,1,0,0,0,0,0,0,0,0,1,0,1,1,1,0,1,1,1,71.44,135.72,97.98
case-000989,63,1,0.69,3,2,40,35,0,1,CD,0.9333,0,0,0,0,1,0,0,0,1,0,0,0,0,0,0,0,0,0,1,1,0,0,0,1,0,0,0,0,0,0,0,1,0,1,1,1,1,1,1,1,1,109.49,172.35,97.46
case-000990,68,1,4.98,2,2,38,34,1,1,HYP,0.9333,0,0,0,1,0,1,0,0,0,0,0,0,0,0,0,0,1,0,0,0,0,0,0,1,0,0,0,0,0,0,0,1,0,1,1,1,1,1,1,1,1,94.87,140.23,97.26
case-000991,71,0,1.82,2,2,31,24,0,1,HYP,0.9333,0,0,1,0,0,1,0,0,0,0,0,0,0,0,0,0,0,0,0,0,0,0,0,1,0,0,0,0,0,0,1,1,0,0,1,1,1,0,1,1,1,86.96,123.97,94.39
case-000992,90,0,0.47,1,2,30,34,1,1,CD,0.8433,0,0,0,1,0,1,0,0,0,0,0,0,0,0,0,0,1,0,0,0,0,0,0,0,0,0,0,0,0,0,0,1,0,1,1,1,1,1,1,1,1,75.77,91.3,98.93
case-000993,26,1,0.53,2,2,29,17,0,1,NORM,0.9167,1,0,0,0,1,0,0,0,0,0,0,0,0,0,1,0,0,0,0,0,0,0,0,1,0,0,0,0,0,0,0,1,0,1,1,1,1,0,0,0,0,93.3,134.96,97.97
case-000994,90,1,1.27,4,2,29,33,1,1,CD,0.9333,0,0,1,0,1,0,0,0,0,0,0,0,0,0,1,0,0,0,0,1,0,0,1,1,0,0,0,0,0,0,0,1,0,1,1,1,1,0,1,1,1,60.19,125.02,93.59
case-000995,66,1,1.47,2,2,27,16,0,1,HYP,0.9167,0,0,0,0,0,1,0,1,0,0,0,0,0,0,0,0,1,0,0,0,0,0,0,1,0,0,0,0,0,0,0,1,0,0,1,1,1,0,1,0,0,67.73,152.16,98.74
case-000996,73,1,1.4,3,2,26,22,0,1,HYP,0.9167,0,0,0,1,0,1,0,0,0,0,0,0,0,0,0,0,1,0,0,1,0,0,0,1,0,0,0,0,0,0,0,1,0,1,1,1,1,0,0,1,1,74.35,138.81,92.94
case-000997,26,1,1.36,3,2,25,15,0,1,NORM,0.9167,1,0,0,0,1,0,0,0,0,0,0,0,0,0,1,0,0,0,0,1,0,0,0,1,0,0,0,0,0,0,0,1,0,0,1,1,1,0,0,0,0,102.89,168.31,97.03
case-000998,70,1,0.85,1,2,23,18,0,1,STTC,0.8433,0,0,1,0,0,1,0,0,0,0,0,0,0,0,0,0,0,0,0,0,0,0,0,0,0,0,0,0,0,0,1,0,1,0,1,1,1,1,0,0,0,105.56,111.54,96.28
case-000999,64,0,0.81,6,2,23,23,0,1,CD,0.9333,0,0,1,1,0,0,0,0,0,0,0,0,0,0,1,0,0,0,1,1,0,0,0,1,0,1,0,0,1,0,0,0,0,0,1,1,1,0,1,1,1,105.62,121.38,97.31
case-001000,56,0,2.11,2,2,22,15,0,1,HYP,0.9333,0,0,1,0,0,1,0,0,0,0,0,0,0,0,0,0,0,0,0,0,0,0,0,1,0,0,0,0,0,0,1,0,0,0,1,1,1,0,0,0,0,94.98,128.64,97.41
