case_id,vital,mean,min,max,count
case-000001,Heart rate,86.29,71.0,131.0,1772
case-000001,Respiratory rate,15.31,9.0,38.0,1767
case-000001,Oxygen saturation,96.44,64.0,100.0,1762
case-000001,Systolic blood pressure,99.96,65.0,128.0,154
case-000001,Diastolic blood pressure,59.69,43.0,84.0,154
case-000001,Mean arterial pressure,68.42,52.0,94.0,154
case-000002,Heart rate,84.34,44.0,184.0,3320
case-000002,Systolic blood pressure,109.93,-3.0,236.0,2753
case-000002,Diastolic blood pressure,56.82,-3.0,230.0,2753
case-000002,Mean arterial pressure,77.03,-3.0,233.0,2757
case-000002,Respiratory rate,22.2,9.0,128.0,3320
case-000002,Oxygen saturation,93.83,77.0,100.0,3305
case-000003,Heart rate,82.43,62.0,101.0,472
case-000003,Respiratory rate,22.49,16.0,32.0,471
case-000003,Oxygen saturation,95.33,87.0,100.0,461
case-000003,Systolic blood pressure,113.4,93.0,130.0,42
case-000003,Diastolic blood pressure,71.48,53.0,106.0,42
case-000003,Mean arterial pressure,81.12,66.0,111.0,42
case-000004,Heart rate,77.93,58.0,131.0,4769
case-000004,Systolic blood pressure,143.13,49.0,217.0,3971
case-000004,Diastolic blood pressure,54.43,16.0,139.0,3971
case-000004,Mean arterial pressure,76.23,29.0,266.0,3971
case-000004,Respiratory rate,25.25,0.0,40.0,4769
case-000004,Oxygen saturation,97.48,56.0,100.0,4747
case-000005,Heart rate,58.33,40.0,116.0,351
case-000005,Respiratory rate,17.41,13.0,25.0,344
case-000005,Oxygen saturation,95.76,79.0,100.0,196
case-000005,Systolic blood pressure,136.64,117.0,156.0,47
case-000005,Diastolic blood pressure,87.57,68.0,99.0,47
case-000005,Mean arterial pressure,98.94,80.0,112.0,47
case-000006,Heart rate,85.4,53.0,158.0,1818
case-000006,Respiratory rate,16.65,9.0,32.0,935
case-000006,Oxygen saturation,97.27,68.0,100.0,1542
case-000006,Systolic blood pressure,148.02,108.0,213.0,200
case-000006,Diastolic blood pressure,90.48,55.0,151.0,200
case-000006,Mean arterial pressure,103.71,76.0,157.0,200
case-000007,Heart rate,86.28,77.0,96.0,592
case-000007,Respiratory rate,20.37,13.0,42.0,588
case-000007,Oxygen saturation,92.35,81.0,99.0,806
case-000007,Systolic blood pressure,116.92,72.0,158.0,53
case-000007,Diastolic blood pressure,54.0,37.0,89.0,53
case-000007,Mean arterial pressure,68.17,46.0,93.0,53
case-000008,Heart rate,82.24,56.0,127.0,1041
case-000008,Systolic blood pressure,157.49,68.0,259.0,695
case-000008,Diastolic blood pressure,71.74,35.0,195.0,695
case-000008,Mean arterial pressure,102.64,55.0,201.0,695
case-000008,Respiratory rate,19.15,8.0,59.0,1041
case-000008,Oxygen saturation,96.08,76.0,100.0,992
case-000009,Heart rate,83.5,60.0,120.0,747
case-000009,Systolic blood pressure,115.02,93.0,288.0,304
case-000009,Diastolic blood pressure,66.02,51.0,286.0,304
case-000009,Mean arterial pressure,84.14,66.0,286.0,304
case-000009,Respiratory rate,17.53,5.0,28.0,747
case-000009,Oxygen saturation,96.08,89.0,100.0,746
case-000010,Heart rate,69.39,45.0,140.0,2282
case-000010,Respiratory rate,21.93,11.0,41.0,1096
case-000010,Oxygen saturation,94.84,48.0,100.0,1956
case-000010,Systolic blood pressure,118.73,74.0,165.0,222
case-000010,Diastolic blood pressure,81.64,45.0,131.0,222
case-000010,Mean arterial pressure,90.06,49.0,134.0,223
case-000011,Heart rate,78.03,60.0,163.0,580
case-000011,Respiratory rate,18.18,11.0,41.0,580
case-000011,Oxygen saturation,95.95,92.0,100.0,528
case-000011,Systolic blood pressure,113.31,85.0,134.0,54
case-000011,Diastolic blood pressure,68.09,57.0,88.0,54
case-000011,Mean arterial pressure,85.67,70.0,108.0,54
case-000012,Heart rate,88.52,61.0,119.0,284
case-000012,Respiratory rate,19.99,13.0,28.0,241
case-000012,Oxygen saturation,95.92,79.0,100.0,270
case-000012,Body temperature,37.76,35.9,38.3,163
case-000012,Systolic blood pressure,111.04,74.0,154.0,47
case-000012,Diastolic blood pressure,52.94,33.0,114.0,47
case-000012,Mean arterial pressure,65.91,44.0,117.0,47
case-000013,Heart rate,74.7,61.0,90.0,378
case-000013,Respiratory rate,22.22,15.0,39.0,378
case-000013,Oxygen saturation,96.08,85.0,100.0,375
case-000013,Systolic blood pressure,135.93,82.0,238.0,55
case-000013,Diastolic blood pressure,62.96,41.0,105.0,55
case-000013,Mean arterial pressure,90.27,62.0,150.0,55
case-000014,Heart rate,106.78,78.0,130.0,2600
case-000014,Oxygen saturation,97.62,59.0,100.0,2114
case-000014,Systolic blood pressure,119.14,61.0,180.0,505
case-000014,Diastolic blood pressure,70.0,37.0,123.0,505
case-000014,Mean arterial pressure,80.86,41.0,138.0,505
case-000015,Heart rate,88.83,26.0,154.0,1448
case-000015,Respiratory rate,20.64,3.0,41.0,1438
case-000015,Oxygen saturation,98.31,70.0,100.0,1370
case-000015,Systolic blood pressure,105.96,77.0,185.0,390
case-000015,Diastolic blood pressure,60.25,33.0,142.0,390
case-000015,Mean arterial pressure,70.47,45.0,152.0,390
case-000016,Heart rate,81.29,68.0,98.0,139
case-000016,Respiratory rate,17.8,8.0,31.0,134
case-000016,Oxygen saturation,99.57,92.0,100.0,134
case-000016,Systolic blood pressure,119.88,98.0,142.0,8
case-000016,Diastolic blood pressure,75.12,65.0,85.0,8
case-000016,Mean arterial pressure,92.12,80.0,110.0,8
case-000017,Heart rate,120.59,108.0,136.0,87
case-000017,Systolic blood pressure,96.76,-12.0,229.0,135
case-000017,Diastolic blood pressure,64.81,-19.0,215.0,135
case-000017,Mean arterial pressure,76.62,-16.0,240.0,139
case-000017,Respiratory rate,19.51,14.0,63.0,87
case-000017,Oxygen saturation,91.29,82.0,94.0,75
case-000018,Heart rate,95.94,0.0,115.0,829
case-000018,Respiratory rate,16.91,13.0,29.0,763
case-000018,Oxygen saturation,97.65,80.0,100.0,495
case-000018,Systolic blood pressure,85.4,49.0,141.0,144
case-000018,Diastolic blood pressure,57.31,30.0,117.0,144
case-000018,Mean arterial pressure,63.46,34.0,121.0,144
case-000019,Heart rate,76.1,66.0,96.0,269
case-000019,Respiratory rate,17.72,7.0,24.0,269
case-000019,Oxygen saturation,95.75,87.0,100.0,87
case-000019,Systolic blood pressure,113.96,81.0,182.0,24
case-000019,Diastolic blood pressure,43.54,30.0,84.0,24
case-000019,Mean arterial pressure,60.84,45.0,101.0,25
case-000020,Heart rate,64.74,26.0,90.0,580
case-000020,Respiratory rate,16.86,13.0,31.0,580
case-000020,Oxygen saturation,97.35,76.0,100.0,526
case-000020,Systolic blood pressure,106.61,72.0,144.0,49
case-000020,Diastolic blood pressure,50.86,34.0,92.0,49
case-000020,Mean arterial pressure,63.84,43.0,95.0,49
case-000021,Heart rate,136.14,123.0,146.0,64
case-000021,Respiratory rate,36.38,25.0,42.0,64
case-000021,Oxygen saturation,94.02,89.0,98.0,64
case-000021,Systolic blood pressure,112.14,107.0,125.0,7
case-000021,Diastolic blood pressure,60.29,47.0,95.0,7
case-000021,Mean arterial pressure,72.29,62.0,98.0,7
case-000022,Heart rate,92.44,79.0,119.0,1180
case-000022,Oxygen saturation,96.96,79.0,100.0,1180
case-000022,Systolic blood pressure,149.46,105.0,197.0,183
case-000022,Diastolic blood pressure,79.8,47.0,121.0,183
case-000022,Mean arterial pressure,96.39,62.0,137.0,183
case-000023,Heart rate,86.55,0.0,137.0,2792
case-000023,Respiratory rate,19.87,9.0,32.0,2793
case-000023,Oxygen saturation,93.78,84.0,99.0,2795
case-000023,Body temperature,36.51,35.222,37.25,1923
case-000023,Systolic blood pressure,115.54,73.0,157.0,624
case-000023,Diastolic blood pressure,61.02,39.0,105.0,624
case-000023,Mean arterial pressure,72.94,48.0,113.0,624
case-000024,Heart rate,103.27,84.0,120.0,357
case-000024,Respiratory rate,21.36,14.0,34.0,357
case-000024,Oxygen saturation,94.61,81.0,99.0,352
case-000024,Body temperature,37.53,36.9,38.4,147
case-000024,Systolic blood pressure,118.52,103.0,133.0,29
case-000024,Diastolic blood pressure,65.03,51.0,96.0,29
case-000024,Mean arterial pressure,77.62,66.0,100.0,29
case-000025,Heart rate,91.21,66.0,115.0,1148
case-000025,Oxygen saturation,97.86,67.0,100.0,785
case-000025,Systolic blood pressure,104.28,76.0,163.0,172
case-000025,Diastolic blood pressure,62.88,39.0,120.0,172
case-000025,Mean arterial pressure,72.53,52.0,132.0,172
case-000026,Heart rate,89.67,74.0,131.0,1133
case-000026,Respiratory rate,17.14,11.0,26.0,1133
case-000026,Oxygen saturation,94.62,1.0,100.0,1023
case-000026,Systolic blood pressure,112.31,56.0,236.0,183
case-000026,Diastolic blood pressure,62.55,24.0,119.0,183
case-000026,Mean arterial pressure,74.27,37.0,140.0,190
case-000027,Heart rate,106.47,73.0,145.0,4007
case-000027,Systolic blood pressure,145.82,75.0,295.0,3784
case-000027,Diastolic blood pressure,75.13,19.0,276.0,3784
case-000027,Mean arterial pressure,91.08,12.0,263.0,3784
case-000027,Respiratory rate,26.57,0.0,40.0,4007
case-000027,Oxygen saturation,96.65,44.0,100.0,3739
case-000028,Heart rate,90.32,0.0,132.0,955
case-000028,Respiratory rate,14.84,6.0,25.0,903
case-000028,Oxygen saturation,98.57,66.0,100.0,932
case-000028,Systolic blood pressure,124.96,62.0,181.0,207
case-000028,Diastolic blood pressure,73.87,30.0,146.0,207
case-000028,Mean arterial pressure,85.89,39.0,151.0,208
case-000029,Heart rate,101.47,79.0,177.0,842
case-000029,Respiratory rate,27.23,2.0,46.0,842
case-000029,Oxygen saturation,93.89,39.0,100.0,766
case-000029,Systolic blood pressure,119.85,74.0,162.0,93
case-000029,Diastolic blood pressure,56.96,15.0,115.0,93
case-000029,Mean arterial pressure,71.48,28.0,118.0,97
case-000030,Heart rate,99.81,64.0,142.0,1072
case-000030,Respiratory rate,17.71,0.0,34.0,1062
case-000030,Oxygen saturation,95.94,53.0,100.0,1053
case-000030,Systolic blood pressure,113.7,59.0,158.0,216
case-000030,Diastolic blood pressure,82.81,19.0,112.0,216
case-000030,Mean arterial pressure,89.86,26.0,117.0,217
case-000031,Heart rate,91.5,75.0,105.0,430
case-000031,Respiratory rate,34.62,15.0,98.0,430
case-000031,Oxygen saturation,95.53,90.0,99.0,430
case-000031,Systolic blood pressure,149.27,112.0,187.0,79
case-000031,Diastolic blood pressure,66.95,55.0,79.0,79
case-000031,Mean arterial pressure,96.24,79.0,114.0,79
case-000032,Heart rate,76.15,0.0,162.0,48
case-000032,Systolic blood pressure,138.28,-3.0,235.0,50
case-000032,Diastolic blood pressure,58.0,-43.0,123.0,51
case-000032,Mean arterial pressure,94.0,-3.0,158.0,51
case-000032,Respiratory rate,0.29,0.0,5.0,48
case-000032,Oxygen saturation,84.78,55.0,100.0,37
case-000033,Heart rate,84.29,64.0,100.0,606
case-000033,Respiratory rate,21.83,0.0,28.0,606
case-000033,Oxygen saturation,96.4,78.0,100.0,605
case-000033,Systolic blood pressure,111.66,72.0,146.0,82
case-000033,Diastolic blood pressure,66.41,41.0,91.0,82
case-000033,Mean arterial pressure,77.16,48.0,104.0,82
case-000034,Heart rate,80.53,69.0,104.0,311
case-000034,Respiratory rate,18.73,13.0,24.0,297
case-000034,Oxygen saturation,99.25,87.0,100.0,303
case-000034,Systolic blood pressure,121.11,91.0,192.0,35
case-000034,Diastolic blood pressure,67.51,53.0,113.0,35
case-000034,Mean arterial pressure,80.11,62.0,132.0,35
case-000035,Heart rate,76.52,66.0,96.0,692
case-000035,Respiratory rate,15.57,0.0,25.0,682
case-000035,Oxygen saturation,95.42,75.0,100.0,664
case-000035,Systolic blood pressure,109.6,87.0,149.0,88
case-000035,Diastolic blood pressure,65.82,48.0,124.0,88
case-000035,Mean arterial pressure,75.57,56.0,128.0,88
case-000036,Heart rate,92.29,74.0,122.0,856
case-000036,Systolic blood pressure,118.92,-8.0,230.0,543
case-000036,Diastolic blood pressure,55.27,-76.0,163.0,543
case-000036,Mean arterial pressure,78.6,-45.0,179.0,543
case-000036,Respiratory rate,18.76,8.0,43.0,856
case-000036,Oxygen saturation,96.58,80.0,100.0,854
case-000037,Heart rate,74.41,64.0,96.0,216
case-000037,Respiratory rate,21.87,9.0,35.0,216
case-000037,Oxygen saturation,96.79,89.0,99.0,201
case-000037,Systolic blood pressure,141.95,110.0,180.0,19
case-000037,Diastolic blood pressure,64.79,48.0,98.0,19
case-000037,Mean arterial pressure,91.11,66.0,131.0,19
case-000038,Heart rate,70.6,0.0,86.0,1162
case-000038,Systolic blood pressure,123.11,68.0,174.0,689
case-000038,Diastolic blood pressure,63.69,36.0,97.0,689
case-000038,Mean arterial pressure,87.13,0.0,123.0,689
case-000038,Respiratory rate,27.88,0.0,121.0,1136
case-000038,Oxygen saturation,94.8,80.0,99.0,1150
case-000039,Heart rate,66.49,60.0,120.0,463
case-000039,Systolic blood pressure,94.52,13.0,189.0,474
case-000039,Diastolic blood pressure,46.68,7.0,75.0,474
case-000039,Mean arterial pressure,57.52,-7.0,144.0,478
case-000039,Respiratory rate,16.19,0.0,37.0,463
case-000039,Oxygen saturation,98.36,63.0,100.0,442
case-000040,Heart rate,102.17,76.0,130.0,860
case-000040,Respiratory rate,17.65,9.0,33.0,845
case-000040,Oxygen saturation,98.28,71.0,100.0,830
case-000040,Systolic blood pressure,147.12,106.0,197.0,130
case-000040,Diastolic blood pressure,85.72,56.0,129.0,130
case-000040,Mean arterial pressure,99.48,70.0,135.0,130
case-000041,Heart rate,72.5,61.0,104.0,1324
case-000041,Respiratory rate,20.72,16.0,32.0,1324
case-000041,Oxygen saturation,97.56,76.0,100.0,1324
case-000041,Systolic blood pressure,163.31,120.0,195.0,160
case-000041,Diastolic blood pressure,59.51,39.0,136.0,160
case-000041,Mean arterial pressure,85.99,62.0,141.0,160
case-000042,Heart rate,99.98,82.0,128.0,294
case-000042,Respiratory rate,15.34,7.0,24.0,294
case-000042,Oxygen saturation,97.76,84.0,100.0,289
case-000042,Systolic blood pressure,121.07,88.0,158.0,67
case-000042,Diastolic blood pressure,72.96,32.0,107.0,67
case-000042,Mean arterial pressure,83.99,46.0,118.0,67
case-000043,Heart rate,82.9,60.0,109.0,269
case-000043,Systolic blood pressure,111.0,87.0,273.0,264
case-000043,Diastolic blood pressure,74.0,63.0,272.0,264
case-000043,Mean arterial pressure,87.0,77.0,272.0,264
case-000043,Respiratory rate,30.74,19.0,131.0,269
case-000043,Oxygen saturation,99.23,93.0,100.0,250
case-000044,Heart rate,99.13,50.0,129.0,83
case-000044,Respiratory rate,21.63,10.0,36.0,83
case-000044,Oxygen saturation,98.47,76.0,100.0,78
case-000044,Body temperature,36.82,34.4,37.8,81
case-000044,Systolic blood pressure,91.43,44.0,135.0,72
case-000044,Diastolic blood pressure,52.01,17.0,104.0,72
case-000044,Mean arterial pressure,60.11,24.0,108.0,72
case-000045,Heart rate,107.43,91.0,134.0,1155
case-000045,Respiratory rate,24.76,16.0,34.0,1130
case-000045,Oxygen saturation,94.38,81.0,99.0,791
case-000045,Systolic blood pressure,112.79,58.0,154.0,134
case-000045,Diastolic blood pressure,74.03,32.0,109.0,134
case-000045,Mean arterial pressure,82.39,37.0,117.0,135
case-000046,Heart rate,66.28,58.0,84.0,310
case-000046,Respiratory rate,20.98,13.0,27.0,306
case-000046,Oxygen saturation,95.21,89.0,100.0,112
case-000046,Systolic blood pressure,156.69,140.0,172.0,13
case-000046,Diastolic blood pressure,62.15,54.0,69.0,13
case-000046,Mean arterial pressure,85.77,78.0,96.0,13
case-000047,Heart rate,67.49,58.0,97.0,813
case-000047,Respiratory rate,26.49,12.0,35.0,799
case-000047,Oxygen saturation,94.44,64.0,100.0,779
case-000047,Systolic blood pressure,115.43,76.0,226.0,95
case-000047,Diastolic blood pressure,56.25,41.0,188.0,95
case-000047,Mean arterial pressure,72.54,51.0,232.0,98
case-000048,Heart rate,69.78,54.0,84.0,635
case-000048,Systolic blood pressure,107.57,65.0,198.0,430
case-000048,Diastolic blood pressure,55.51,34.0,102.0,430
case-000048,Mean arterial pressure,67.56,44.0,163.0,431
case-000048,Respiratory rate,1.0,0.0,2.0,2
case-000048,Oxygen saturation,97.38,88.0,100.0,531
case-000048,Body temperature,36.38,35.8,37.2,345
case-000049,Heart rate,57.81,36.0,105.0,260
case-000049,Respiratory rate,15.11,10.0,23.0,260
case-000049,Oxygen saturation,94.28,62.0,100.0,265
case-000049,Systolic blood pressure,90.35,52.0,131.0,31
case-000049,Diastolic blood pressure,52.13,36.0,83.0,31
case-000049,Mean arterial pressure,61.0,40.0,92.0,31
case-000050,Heart rate,98.41,76.0,126.0,373
case-000050,Respiratory rate,24.84,4.0,35.0,366
case-000050,Oxygen saturation,95.96,91.0,100.0,273
case-000050,Systolic blood pressure,152.87,113.0,195.0,46
case-000050,Diastolic blood pressure,82.83,62.0,122.0,46
case-000050,Mean arterial pressure,98.87,76.0,131.0,46
case-000051,Heart rate,70.82,56.0,91.0,722
case-000051,Respiratory rate,16.26,3.0,25.0,720
case-000051,Oxygen saturation,96.04,84.0,100.0,228
case-000051,Systolic blood pressure,117.38,94.0,152.0,60
case-000051,Diastolic blood pressure,62.38,37.0,111.0,60
case-000051,Mean arterial pressure,75.4,53.0,115.0,60
case-000052,Heart rate,73.18,0.0,103.0,1318
case-000052,Respiratory rate,19.87,0.0,30.0,1299
case-000052,Oxygen saturation,97.8,64.0,100.0,1304
case-000052,Systolic blood pressure,121.3,75.0,174.0,202
case-000052,Diastolic blood pressure,59.83,18.0,149.0,202
case-000052,Mean arterial pressure,73.76,32.0,155.0,202
case-000053,Heart rate,89.85,66.0,110.0,552
case-000053,Respiratory rate,23.64,0.0,114.0,504
case-000053,Oxygen saturation,96.47,90.0,100.0,548
case-000053,Systolic blood pressure,109.65,85.0,135.0,193
case-000053,Diastolic blood pressure,61.39,48.0,82.0,193
case-000053,Mean arterial pressure,80.55,58.0,97.0,193
case-000054,Heart rate,73.07,0.0,111.0,573
case-000054,Respiratory rate,17.8,10.0,27.0,572
case-000054,Oxygen saturation,93.5,88.0,99.0,549
case-000054,Systolic blood pressure,119.21,96.0,151.0,62
case-000054,Diastolic blood pressure,78.18,51.0,134.0,62
case-000054,Mean arterial pressure,87.6,63.0,138.0,62
case-000055,Heart rate,83.48,61.0,135.0,819
case-000055,Systolic blood pressure,122.33,66.0,218.0,763
case-000055,Diastolic blood pressure,77.6,45.0,163.0,763
case-000055,Mean arterial pressure,95.27,60.0,211.0,763
case-000055,Respiratory rate,19.52,6.0,33.0,789
case-000055,Oxygen saturation,96.05,33.0,100.0,822
case-000055,Body temperature,37.65,36.8,38.2,822
case-000056,Heart rate,63.66,53.0,98.0,551
case-000056,Respiratory rate,17.44,0.0,25.0,541
case-000056,Oxygen saturation,97.98,69.0,100.0,548
case-000056,Body temperature,36.31,35.722,37.778,276
case-000056,Systolic blood pressure,111.94,71.0,159.0,102
case-000056,Diastolic blood pressure,49.13,30.0,96.0,102
case-000056,Mean arterial pressure,64.37,47.0,99.0,102
case-000057,Heart rate,96.09,71.0,146.0,2154
case-000057,Respiratory rate,15.53,7.0,35.0,2154
case-000057,Oxygen saturation,94.92,30.0,100.0,2032
case-000057,Systolic blood pressure,122.51,66.0,159.0,192
case-000057,Diastolic blood pressure,75.04,29.0,113.0,192
case-000057,Mean arterial pressure,86.74,45.0,120.0,202
case-000058,Heart rate,111.04,102.0,117.0,881
case-000058,Systolic blood pressure,118.35,64.0,206.0,710
case-000058,Diastolic blood pressure,76.29,31.0,125.0,710
case-000058,Mean arterial pressure,89.98,55.0,266.0,711
case-000058,Respiratory rate,11.46,0.0,41.0,883
case-000058,Oxygen saturation,95.64,66.0,100.0,881
case-000059,Heart rate,78.3,54.0,101.0,309
case-000059,Systolic blood pressure,128.14,80.0,161.0,312
case-000059,Diastolic blood pressure,62.06,18.0,77.0,312
case-000059,Mean arterial pressure,83.6,35.0,121.0,313
case-000059,Respiratory rate,13.45,8.0,23.0,309
case-000059,Oxygen saturation,99.0,93.0,100.0,307
case-000059,Body temperature,36.76,35.8,37.2,222
case-000060,Heart rate,103.72,97.0,120.0,408
case-000060,Respiratory rate,11.35,8.0,20.0,408
case-000060,Oxygen saturation,97.83,90.0,100.0,409
case-000060,Systolic blood pressure,127.74,93.0,157.0,65
case-000060,Diastolic blood pressure,52.26,33.0,93.0,65
case-000060,Mean arterial pressure,70.17,49.0,99.0,65
case-000061,Heart rate,70.88,59.0,91.0,520
case-000061,Respiratory rate,17.57,10.0,26.0,517
case-000061,Oxygen saturation,93.12,84.0,96.0,24
case-000061,Systolic blood pressure,105.58,84.0,140.0,45
case-000061,Diastolic blood pressure,63.87,48.0,97.0,45
case-000061,Mean arterial pressure,73.64,58.0,105.0,45
case-000062,Heart rate,101.17,88.0,118.0,633
case-000062,Oxygen saturation,94.75,81.0,99.0,536
case-000062,Systolic blood pressure,115.63,85.0,164.0,197
case-000062,Diastolic blood pressure,54.74,40.0,81.0,197
case-000062,Mean arterial pressure,68.43,51.0,88.0,197
case-000063,Heart rate,87.0,86.0,97.0,689
case-000063,Systolic blood pressure,80.36,62.0,107.0,480
case-000063,Diastolic blood pressure,71.47,58.0,91.0,480
case-000063,Mean arterial pressure,75.04,60.0,98.0,480
case-000063,Respiratory rate,18.92,1.0,29.0,670
case-000063,Oxygen saturation,97.7,62.0,100.0,612
case-000064,Heart rate,83.38,41.0,112.0,564
case-000064,Respiratory rate,15.49,10.0,27.0,564
case-000064,Oxygen saturation,97.43,80.0,100.0,532
case-000064,Systolic blood pressure,138.29,68.0,204.0,87
case-000064,Diastolic blood pressure,62.28,40.0,125.0,87
case-000064,Mean arterial pressure,80.03,56.0,130.0,87
case-000065,Heart rate,65.24,55.0,80.0,125
case-000065,Oxygen saturation,99.83,99.0,100.0,6
case-000065,Systolic blood pressure,128.39,94.0,215.0,23
case-000065,Diastolic blood pressure,80.3,44.0,198.0,23
case-000065,Mean arterial pressure,90.92,57.0,201.0,24
case-000066,Heart rate,79.34,68.0,122.0,2210
case-000066,Respiratory rate,22.49,10.0,36.0,2210
case-000066,Oxygen saturation,97.98,23.0,100.0,2202
case-000066,Systolic blood pressure,120.04,70.0,170.0,508
case-000066,Diastolic blood pressure,54.51,28.0,94.0,508
case-000066,Mean arterial pressure,69.7,41.0,98.0,508
case-000067,Heart rate,86.96,64.0,121.0,937
case-000067,Respiratory rate,16.91,0.0,46.0,937
case-000067,Oxygen saturation,97.93,80.0,100.0,935
case-000067,Body temperature,38.2,37.1,39.7,930
case-000067,Systolic blood pressure,105.07,49.0,201.0,228
case-000067,Diastolic blood pressure,60.82,31.0,133.0,228
case-000067,Mean arterial pressure,71.42,36.0,148.0,228
case-000068,Heart rate,74.05,0.0,107.0,474
case-000068,Systolic blood pressure,115.05,33.0,178.0,321
case-000068,Diastolic blood pressure,46.26,13.0,67.0,321
case-000068,Mean arterial pressure,62.72,19.0,86.0,321
case-000068,Respiratory rate,19.66,0.0,27.0,464
case-000068,Oxygen saturation,97.35,69.0,100.0,347
case-000069,Heart rate,104.14,21.0,130.0,502
case-000069,Respiratory rate,7.72,0.0,26.0,428
case-000069,Oxygen saturation,96.76,71.0,100.0,271
case-000069,Body temperature,36.55,35.9,37.6,292
case-000069,Systolic blood pressure,90.77,35.0,175.0,246
case-000069,Diastolic blood pressure,46.74,10.0,119.0,246
case-000069,Mean arterial pressure,56.66,17.0,126.0,247
case-000070,Heart rate,95.52,0.0,167.0,3410
case-000070,Respiratory rate,17.62,9.0,55.0,3381
case-000070,Oxygen saturation,98.48,32.0,100.0,2952
case-000070,Systolic blood pressure,129.4,77.0,188.0,445
case-000070,Diastolic blood pressure,67.23,31.0,132.0,445
case-000070,Mean arterial pressure,87.87,40.0,148.0,445
case-000071,Heart rate,98.49,76.0,123.0,669
case-000071,Systolic blood pressure,92.23,30.0,186.0,650
case-000071,Diastolic blood pressure,50.83,13.0,140.0,650
case-000071,Mean arterial pressure,59.85,17.0,312.0,652
case-000071,Respiratory rate,13.61,0.0,45.0,668
case-000071,Oxygen saturation,97.35,83.0,100.0,619
case-000072,Heart rate,80.86,63.0,135.0,580
case-000072,Respiratory rate,20.32,13.0,36.0,580
case-000072,Oxygen saturation,98.01,90.0,100.0,570
case-000072,Systolic blood pressure,126.7,96.0,149.0,122
case-000072,Diastolic blood pressure,57.02,47.0,108.0,122
case-000072,Mean arterial pressure,72.88,61.0,112.0,122
case-000073,Heart rate,64.46,51.0,100.0,777
case-000073,Respiratory rate,21.49,10.0,55.0,776
case-000073,Oxygen saturation,98.09,93.0,100.0,775
case-000073,Systolic blood pressure,134.15,94.0,188.0,148
case-000073,Diastolic blood pressure,64.17,51.0,92.0,148
case-000073,Mean arterial pressure,90.8,72.0,119.0,148
case-000074,Heart rate,109.36,90.0,135.0,1075
case-000074,Systolic blood pressure,135.99,84.0,248.0,851
case-000074,Diastolic blood pressure,63.32,39.0,248.0,851
case-000074,Mean arterial pressure,89.28,54.0,248.0,851
case-000074,Respiratory rate,29.11,0.0,62.0,1076
case-000074,Oxygen saturation,95.11,86.0,100.0,1072
case-000075,Heart rate,74.78,57.0,109.0,672
case-000075,Respiratory rate,18.21,14.0,29.0,671
case-000075,Oxygen saturation,97.02,93.0,100.0,523
case-000075,Systolic blood pressure,134.0,94.0,166.0,69
case-000075,Diastolic blood pressure,79.28,54.0,102.0,69
case-000075,Mean arterial pressure,93.19,63.0,125.0,72
case-000076,Heart rate,77.83,61.0,120.0,305
case-000076,Systolic blood pressure,97.38,45.0,152.0,243
case-000076,Diastolic blood pressure,52.19,29.0,113.0,243
case-000076,Mean arterial pressure,63.0,32.0,124.0,243
case-000076,Respiratory rate,16.09,9.0,23.0,297
case-000076,Oxygen saturation,98.62,90.0,100.0,292
case-000076,Body temperature,37.1,36.0,37.5,195
case-000077,Heart rate,95.94,74.0,128.0,824
case-000077,Respiratory rate,26.25,10.0,50.0,824
case-000077,Oxygen saturation,98.26,73.0,100.0,608
case-000077,Systolic blood pressure,98.17,66.0,176.0,58
case-000077,Diastolic blood pressure,61.07,39.0,92.0,58
case-000077,Mean arterial pressure,74.79,33.0,110.0,63
case-000078,Heart rate,83.08,51.0,155.0,909
case-000078,Respiratory rate,31.21,0.0,128.0,907
case-000078,Oxygen saturation,94.51,43.0,99.0,881
case-000078,Systolic blood pressure,129.2,35.0,251.0,297
case-000078,Diastolic blood pressure,56.91,19.0,153.0,297
case-000078,Mean arterial pressure,81.98,29.0,177.0,298
case-000079,Heart rate,92.32,80.0,110.0,399
case-000079,Respiratory rate,21.98,0.0,70.0,399
case-000079,Oxygen saturation,96.08,77.0,100.0,399
case-000079,Systolic blood pressure,75.76,43.0,101.0,242
case-000079,Diastolic blood pressure,51.05,21.0,66.0,242
case-000079,Mean arterial pressure,60.9,26.0,87.0,253
case-000080,Heart rate,78.01,68.0,101.0,308
case-000080,Respiratory rate,22.4,15.0,33.0,308
case-000080,Oxygen saturation,97.77,92.0,100.0,308
case-000080,Systolic blood pressure,151.5,117.0,180.0,34
case-000080,Diastolic blood pressure,72.59,54.0,115.0,34
case-000080,Mean arterial pressure,91.12,70.0,119.0,34
case-000081,Heart rate,90.19,58.0,203.0,2372
case-000081,Systolic blood pressure,109.24,65.0,187.0,2401
case-000081,Diastolic blood pressure,65.63,-13.0,111.0,2401
case-000081,Mean arterial pressure,81.82,47.0,136.0,2401
case-000081,Respiratory rate,20.16,10.0,35.0,2357
case-000081,Oxygen saturation,89.87,42.0,100.0,2362
case-000082,Heart rate,77.35,56.0,105.0,3944
case-000082,Respiratory rate,17.7,8.0,32.0,3908
case-000082,Oxygen saturation,91.63,73.0,99.0,3932
case-000082,Systolic blood pressure,107.56,69.0,138.0,335
case-000082,Diastolic blood pressure,59.77,33.0,95.0,335
case-000082,Mean arterial pressure,70.79,49.0,101.0,335
case-000083,Heart rate,92.66,80.0,112.0,277
case-000083,Respiratory rate,18.47,10.0,34.0,277
case-000083,Oxygen saturation,98.08,92.0,100.0,263
case-000083,Systolic blood pressure,133.32,95.0,164.0,22
case-000083,Diastolic blood pressure,61.77,43.0,88.0,22
case-000083,Mean arterial pressure,83.59,63.0,106.0,22
case-000084,Heart rate,87.87,54.0,124.0,1577
case-000084,Systolic blood pressure,92.89,54.0,204.0,562
case-000084,Diastolic blood pressure,57.55,39.0,197.0,561
case-000084,Mean arterial pressure,68.22,2.0,236.0,572
case-000084,Respiratory rate,17.49,10.0,47.0,1573
case-000084,Oxygen saturation,99.68,85.0,100.0,1576
case-000085,Heart rate,109.79,85.0,131.0,378
case-000085,Respiratory rate,28.4,6.0,39.0,371
case-000085,Oxygen saturation,95.86,42.0,100.0,273
case-000085,Systolic blood pressure,111.89,92.0,183.0,27
case-000085,Diastolic blood pressure,70.81,52.0,107.0,27
case-000085,Mean arterial pressure,80.0,64.0,110.0,27
case-000086,Heart rate,99.91,69.0,142.0,1232
case-000086,Respiratory rate,17.61,0.0,37.0,1188
case-000086,Oxygen saturation,98.81,88.0,100.0,1217
case-000086,Systolic blood pressure,103.74,80.0,140.0,136
case-000086,Diastolic blood pressure,63.13,35.0,88.0,136
case-000086,Mean arterial pressure,71.97,49.0,92.0,136
case-000087,Heart rate,77.95,66.0,96.0,267
case-000087,Respiratory rate,22.36,15.0,32.0,247
case-000087,Oxygen saturation,95.01,83.0,99.0,258
case-000087,Systolic blood pressure,143.19,125.0,157.0,26
case-000087,Diastolic blood pressure,91.46,67.0,109.0,26
case-000087,Mean arterial pressure,104.08,83.0,120.0,26
case-000088,Heart rate,56.81,46.0,100.0,192
case-000088,Respiratory rate,15.01,12.0,26.0,192
case-000088,Oxygen saturation,96.41,87.0,100.0,192
case-000088,Systolic blood pressure,89.61,77.0,109.0,61
case-000088,Diastolic blood pressure,49.93,35.0,71.0,61
case-000088,Mean arterial pressure,64.0,49.0,78.0,61
case-000089,Heart rate,100.78,86.0,119.0,420
case-000089,Respiratory rate,21.1,11.0,28.0,420
case-000089,Oxygen saturation,97.71,84.0,100.0,409
case-000089,Systolic blood pressure,107.75,79.0,141.0,120
case-000089,Diastolic blood pressure,64.6,47.0,102.0,120
case-000089,Mean arterial pressure,74.04,59.0,108.0,120
case-000090,Heart rate,71.43,60.0,122.0,1104
case-000090,Respiratory rate,18.96,11.0,35.0,977
case-000090,Oxygen saturation,95.07,55.0,100.0,1087
case-000090,Body temperature,37.58,36.3,39.2,1087
case-000090,Systolic blood pressure,104.39,68.0,151.0,226
case-000090,Diastolic blood pressure,55.47,36.0,90.0,226
case-000090,Mean arterial pressure,72.33,48.0,116.0,226
case-000091,Heart rate,95.28,48.0,132.0,1630
case-000091,Respiratory rate,20.21,0.0,60.0,1329
case-000091,Oxygen saturation,96.88,79.0,100.0,1029
case-000091,Systolic blood pressure,126.01,59.0,188.0,140
case-000091,Diastolic blood pressure,76.4,39.0,111.0,140
case-000091,Mean arterial pressure,94.73,54.0,157.0,140
case-000092,Heart rate,77.5,65.0,88.0,177
case-000092,Systolic blood pressure,130.87,62.0,225.0,141
case-000092,Diastolic blood pressure,52.35,37.0,98.0,141
case-000092,Mean arterial pressure,71.22,7.0,153.0,143
case-000092,Respiratory rate,11.96,0.0,20.0,47
case-000092,Oxygen saturation,97.54,94.0,100.0,127
case-000093,Heart rate,101.98,73.0,144.0,1115
case-000093,Respiratory rate,30.05,10.0,64.0,1115
case-000093,Oxygen saturation,92.59,71.0,100.0,1105
case-000093,Systolic blood pressure,121.23,53.0,179.0,190
case-000093,Diastolic blood pressure,68.37,34.0,107.0,190
case-000093,Mean arterial pressure,90.07,46.0,124.0,193
case-000094,Heart rate,88.15,67.0,135.0,9333
case-000094,Oxygen saturation,96.08,83.0,100.0,9354
case-000094,Systolic blood pressure,131.08,31.0,179.0,1443
case-000094,Diastolic blood pressure,68.09,12.0,146.0,1443
case-000094,Mean arterial pressure,82.34,17.0,154.0,1445
case-000095,Heart rate,78.7,69.0,92.0,383
case-000095,Respiratory rate,17.95,14.0,27.0,383
case-000095,Oxygen saturation,94.9,92.0,98.0,307
case-000095,Systolic blood pressure,122.04,96.0,141.0,27
case-000095,Diastolic blood pressure,53.33,39.0,81.0,27
case-000095,Mean arterial pressure,70.63,57.0,87.0,27
case-000096,Heart rate,70.09,63.0,83.0,339
case-000096,Respiratory rate,16.52,12.0,25.0,339
case-000096,Oxygen saturation,95.79,83.0,99.0,318
case-000096,Systolic blood pressure,137.48,109.0,188.0,29
case-000096,Diastolic blood pressure,58.55,40.0,98.0,29
case-000096,Mean arterial pressure,76.48,57.0,110.0,29
case-000097,Heart rate,70.62,59.0,121.0,561
case-000097,Respiratory rate,19.64,11.0,42.0,561
case-000097,Oxygen saturation,94.25,82.0,100.0,532
case-000097,Systolic blood pressure,163.0,90.0,209.0,68
case-000097,Diastolic blood pressure,73.25,52.0,126.0,68
case-000097,Mean arterial pressure,104.24,69.0,144.0,68
case-000098,Heart rate,90.19,58.0,124.0,521
case-000098,Systolic blood pressure,110.11,73.0,156.0,231
case-000098,Diastolic blood pressure,41.41,28.0,85.0,231
case-000098,Mean arterial pressure,57.22,44.0,258.0,248
case-000098,Respiratory rate,21.92,12.0,35.0,521
case-000098,Oxygen saturation,96.06,79.0,100.0,455
case-000099,Heart rate,77.11,62.0,100.0,288
case-000099,Systolic blood pressure,119.84,97.0,145.0,176
case-000099,Diastolic blood pressure,65.84,44.0,86.0,176
case-000099,Mean arterial pressure,78.21,63.0,206.0,178
case-000099,Respiratory rate,15.31,7.0,22.0,288
case-000099,Oxygen saturation,97.2,92.0,100.0,288
case-000100,Heart rate,97.31,83.0,106.0,265
case-000100,Respiratory rate,31.08,19.0,39.0,265
case-000100,Oxygen saturation,95.68,85.0,98.0,265
case-000100,Systolic blood pressure,106.45,87.0,126.0,62
case-000100,Diastolic blood pressure,64.79,48.0,83.0,62
case-000100,Mean arterial pressure,81.52,65.0,103.0,62
case-000101,Heart rate,85.59,65.0,113.0,419
case-000101,Respiratory rate,16.66,13.0,23.0,419
case-000101,Oxygen saturation,97.29,6.0,100.0,419
case-000101,Systolic blood pressure,107.4,92.0,124.0,30
case-000101,Diastolic blood pressure,61.27,49.0,82.0,30
case-000101,Mean arterial pressure,71.57,59.0,91.0,30
case-000102,Heart rate,93.64,69.0,126.0,726
case-000102,Systolic blood pressure,111.73,81.0,169.0,629
case-000102,Diastolic blood pressure,65.46,28.0,84.0,629
case-000102,Mean arterial pressure,80.59,-9.0,110.0,631
case-000102,Respiratory rate,19.91,11.0,30.0,726
case-000102,Oxygen saturation,92.38,82.0,98.0,727
case-000103,Heart rate,79.47,51.0,108.0,182
case-000103,Respiratory rate,16.24,10.0,24.0,182
case-000103,Oxygen saturation,99.29,88.0,100.0,182
case-000103,Systolic blood pressure,125.21,90.0,179.0,39
case-000103,Diastolic blood pressure,69.38,41.0,91.0,39
case-000103,Mean arterial pressure,82.59,54.0,112.0,39
case-000104,Heart rate,83.42,66.0,124.0,535
case-000104,Respiratory rate,13.42,8.0,21.0,535
case-000104,Oxygen saturation,94.1,84.0,100.0,534
case-000104,Body temperature,97.86,96.6,99.0,535
case-000104,Systolic blood pressure,125.37,91.0,194.0,102
case-000104,Diastolic blood pressure,73.02,34.0,144.0,102
case-000104,Mean arterial pressure,86.46,59.0,152.0,109
case-000105,Heart rate,67.09,54.0,105.0,999
case-000105,Respiratory rate,17.77,13.0,27.0,999
case-000105,Oxygen saturation,99.0,73.0,100.0,962
case-000105,Systolic blood pressure,149.11,90.0,228.0,120
case-000105,Diastolic blood pressure,52.45,23.0,205.0,120
case-000105,Mean arterial pressure,76.8,48.0,211.0,120
case-000106,Heart rate,87.19,65.0,124.0,476
case-000106,Respiratory rate,14.92,0.0,25.0,476
case-000106,Oxygen saturation,96.44,81.0,100.0,216
case-000106,Systolic blood pressure,111.35,78.0,142.0,49
case-000106,Diastolic blood pressure,64.96,53.0,94.0,49
case-000106,Mean arterial pressure,76.12,65.0,102.0,49
case-000107,Heart rate,87.51,64.0,111.0,341
case-000107,Respiratory rate,20.34,10.0,35.0,341
case-000107,Oxygen saturation,98.78,96.0,100.0,343
case-000107,Systolic blood pressure,143.17,91.0,206.0,98
case-000107,Diastolic blood pressure,81.6,35.0,131.0,98
case-000107,Mean arterial pressure,95.94,52.0,144.0,98
case-000108,Heart rate,63.9,53.0,84.0,709
case-000108,Respiratory rate,21.25,9.0,37.0,709
case-000108,Oxygen saturation,97.98,71.0,100.0,692
case-000108,Systolic blood pressure,97.28,68.0,124.0,243
case-000108,Diastolic blood pressure,61.74,38.0,84.0,243
case-000108,Mean arterial pressure,70.03,46.0,92.0,243
case-000109,Heart rate,80.51,62.0,116.0,1478
case-000109,Respiratory rate,25.54,16.0,40.0,1477
case-000109,Oxygen saturation,95.24,75.0,100.0,1492
case-000109,Systolic blood pressure,132.11,93.0,172.0,154
case-000109,Diastolic blood pressure,60.86,39.0,109.0,154
case-000109,Mean arterial pressure,77.56,54.0,118.0,154
case-000110,Heart rate,79.8,58.0,123.0,3348
case-000110,Oxygen saturation,98.04,51.0,100.0,3230
case-000110,Systolic blood pressure,154.32,67.0,205.0,517
case-000110,Diastolic blood pressure,55.92,23.0,180.0,517
case-000110,Mean arterial pressure,78.92,46.0,185.0,517
case-000111,Heart rate,95.26,84.0,109.0,223
case-000111,Respiratory rate,15.97,10.0,29.0,223
case-000111,Oxygen saturation,96.5,82.0,100.0,215
case-000111,Systolic blood pressure,105.82,91.0,128.0,22
case-000111,Diastolic blood pressure,64.68,52.0,86.0,22
case-000111,Mean arterial pressure,72.38,57.0,95.0,24
case-000112,Heart rate,73.72,0.0,85.0,79
case-000112,Respiratory rate,18.97,13.0,23.0,77
case-000112,Oxygen saturation,97.57,96.0,99.0,42
case-000112,Systolic blood pressure,142.5,141.0,144.0,4
case-000112,Diastolic blood pressure,62.0,54.0,74.0,4
case-000112,Mean arterial pressure,82.75,77.0,88.0,4
case-000113,Heart rate,49.05,34.0,59.0,422
case-000113,Respiratory rate,15.57,11.0,22.0,411
case-000113,Oxygen saturation,99.37,84.0,100.0,419
case-000113,Systolic blood pressure,105.74,71.0,131.0,80
case-000113,Diastolic blood pressure,49.6,38.0,100.0,80
case-000113,Mean arterial pressure,63.04,51.0,107.0,80
case-000114,Heart rate,92.81,76.0,121.0,140
case-000114,Respiratory rate,18.81,14.0,27.0,140
case-000114,Oxygen saturation,96.92,92.0,100.0,130
case-000114,Systolic blood pressure,105.0,85.0,116.0,19
case-000114,Diastolic blood pressure,58.74,43.0,84.0,19
case-000114,Mean arterial pressure,70.0,58.0,92.0,19
case-000115,Heart rate,98.16,81.0,139.0,320
case-000115,Respiratory rate,22.57,12.0,29.0,319
case-000115,Oxygen saturation,95.3,91.0,100.0,321
case-000115,Systolic blood pressure,136.12,91.0,178.0,104
case-000115,Diastolic blood pressure,66.75,45.0,126.0,104
case-000115,Mean arterial pressure,83.12,67.0,131.0,104
case-000116,Heart rate,89.66,74.0,125.0,396
case-000116,Respiratory rate,16.94,12.0,29.0,396
case-000116,Oxygen saturation,97.01,87.0,100.0,394
case-000116,Systolic blood pressure,136.27,101.0,169.0,48
case-000116,Diastolic blood pressure,61.35,36.0,92.0,48
case-000116,Mean arterial pressure,79.17,61.0,106.0,54
case-000117,Heart rate,105.47,83.0,123.0,476
case-000117,Respiratory rate,18.95,11.0,34.0,476
case-000117,Oxygen saturation,95.41,87.0,99.0,476
case-000117,Systolic blood pressure,112.83,92.0,137.0,81
case-000117,Diastolic blood pressure,74.65,60.0,92.0,81
case-000117,Mean arterial pressure,89.77,71.0,105.0,81
case-000118,Heart rate,77.21,62.0,104.0,378
case-000118,Respiratory rate,19.0,0.0,43.0,378
case-000118,Oxygen saturation,95.93,92.0,99.0,276
case-000118,Systolic blood pressure,117.92,90.0,156.0,26
case-000118,Diastolic blood pressure,63.38,39.0,82.0,26
case-000118,Mean arterial pressure,82.0,59.0,105.0,26
case-000119,Heart rate,91.9,82.0,107.0,280
case-000119,Respiratory rate,20.55,14.0,26.0,280
case-000119,Oxygen saturation,97.42,95.0,100.0,280
case-000119,Systolic blood pressure,111.57,91.0,158.0,7
case-000119,Diastolic blood pressure,74.71,63.0,99.0,7
case-000119,Mean arterial pressure,84.0,70.0,115.0,7
case-000120,Heart rate,79.78,63.0,117.0,1648
case-000120,Respiratory rate,16.65,0.0,32.0,1648
case-000120,Oxygen saturation,94.86,84.0,99.0,1628
case-000120,Systolic blood pressure,145.94,88.0,200.0,280
case-000120,Diastolic blood pressure,75.55,47.0,158.0,280
case-000120,Mean arterial pressure,92.77,56.0,166.0,280
case-000121,Heart rate,102.7,96.0,110.0,148
case-000121,Respiratory rate,20.8,12.0,28.0,148
case-000121,Oxygen saturation,96.79,91.0,99.0,148
case-000121,Systolic blood pressure,165.0,156.0,178.0,3
case-000121,Diastolic blood pressure,72.33,67.0,78.0,3
case-000121,Mean arterial pressure,96.0,90.0,105.0,3
case-000122,Heart rate,85.61,49.0,129.0,3391
case-000122,Systolic blood pressure,126.05,64.0,202.0,2833
case-000122,Diastolic blood pressure,64.15,28.0,140.0,2833
case-000122,Mean arterial pressure,78.69,41.0,253.0,2924
case-000122,Respiratory rate,19.2,0.0,55.0,1170
case-000122,Oxygen saturation,96.94,71.0,100.0,3268
case-000122,Body temperature,37.34,35.7,38.3,2132
case-000123,Heart rate,94.15,68.0,144.0,1178
case-000123,Systolic blood pressure,119.83,87.0,216.0,749
case-000123,Diastolic blood pressure,56.17,28.0,96.0,749
case-000123,Mean arterial pressure,80.73,50.0,224.0,749
case-000123,Respiratory rate,26.16,0.0,42.0,1178
case-000123,Oxygen saturation,96.93,63.0,100.0,1176
case-000124,Heart rate,90.07,59.0,132.0,5585
case-000124,Respiratory rate,23.67,0.0,69.0,5524
case-000124,Oxygen saturation,99.18,84.0,100.0,5595
case-000124,Systolic blood pressure,102.78,66.0,231.0,1107
case-000124,Diastolic blood pressure,67.75,42.0,113.0,1107
case-000124,Mean arterial pressure,80.39,52.0,158.0,1107
case-000125,Heart rate,76.72,49.0,169.0,2344
case-000125,Systolic blood pressure,125.78,74.0,200.0,2473
case-000125,Diastolic blood pressure,75.82,37.0,124.0,2473
case-000125,Mean arterial pressure,95.26,52.0,148.0,2473
case-000125,Respiratory rate,18.93,11.0,45.0,2344
case-000125,Oxygen saturation,99.34,92.0,100.0,2341
case-000126,Heart rate,103.77,84.0,142.0,1099
case-000126,Systolic blood pressure,116.95,65.0,300.0,641
case-000126,Diastolic blood pressure,47.61,30.0,300.0,644
case-000126,Mean arterial pressure,71.89,41.0,300.0,644
case-000126,Respiratory rate,17.4,9.0,33.0,1145
case-000126,Oxygen saturation,99.36,88.0,100.0,1144
case-000127,Heart rate,75.68,57.0,110.0,1957
case-000127,Systolic blood pressure,105.03,70.0,147.0,1170
case-000127,Diastolic blood pressure,55.36,35.0,100.0,1170
case-000127,Mean arterial pressure,67.42,43.0,156.0,1170
case-000127,Oxygen saturation,97.61,84.0,100.0,1919
case-000128,Heart rate,74.39,40.0,115.0,906
case-000128,Respiratory rate,14.91,8.0,33.0,906
case-000128,Oxygen saturation,92.27,67.0,100.0,894
case-000128,Systolic blood pressure,119.95,71.0,187.0,116
case-000128,Diastolic blood pressure,58.41,36.0,109.0,116
case-000128,Mean arterial pressure,73.18,44.0,113.0,116
case-000129,Heart rate,71.43,66.0,80.0,480
case-000129,Systolic blood pressure,112.63,95.0,149.0,329
case-000129,Diastolic blood pressure,61.1,39.0,87.0,329
case-000129,Mean arterial pressure,73.5,56.0,92.0,330
case-000129,Respiratory rate,16.45,8.0,39.0,480
case-000129,Oxygen saturation,96.06,88.0,100.0,480
case-000130,Heart rate,64.3,52.0,82.0,166
case-000130,Respiratory rate,21.67,13.0,55.0,166
case-000130,Oxygen saturation,98.51,89.0,100.0,166
case-000130,Systolic blood pressure,106.68,81.0,121.0,38
case-000130,Diastolic blood pressure,55.76,41.0,72.0,38
case-000130,Mean arterial pressure,73.05,57.0,90.0,38
case-000131,Heart rate,89.43,0.0,186.0,5060
case-000131,Respiratory rate,22.35,0.0,80.0,5085
case-000131,Oxygen saturation,94.17,67.0,100.0,5000
case-000131,Systolic blood pressure,117.22,51.0,214.0,921
case-000131,Diastolic blood pressure,68.1,26.0,184.0,921
case-000131,Mean arterial pressure,86.6,37.0,190.0,921
case-000132,Heart rate,88.63,69.0,109.0,836
case-000132,Respiratory rate,15.98,0.0,30.0,837
case-000132,Oxygen saturation,97.4,63.0,100.0,815
case-000132,Systolic blood pressure,153.47,92.0,185.0,133
case-000132,Diastolic blood pressure,75.62,52.0,119.0,133
case-000132,Mean arterial pressure,105.56,70.0,144.0,133
case-000133,Heart rate,101.59,0.0,141.0,132
case-000133,Respiratory rate,25.42,0.0,36.0,132
case-000133,Oxygen saturation,91.93,0.0,100.0,123
case-000133,Systolic blood pressure,88.23,47.0,124.0,78
case-000133,Diastolic blood pressure,57.87,22.0,92.0,78
case-000133,Mean arterial pressure,67.06,35.0,100.0,78
case-000134,Heart rate,78.2,65.0,117.0,703
case-000134,Respiratory rate,21.23,3.0,32.0,703
case-000134,Oxygen saturation,96.07,83.0,100.0,696
case-000134,Body temperature,37.07,36.5,38.0,531
case-000134,Systolic blood pressure,131.45,52.0,208.0,89
case-000134,Diastolic blood pressure,63.42,30.0,121.0,89
case-000134,Mean arterial pressure,79.28,35.0,127.0,90
case-000135,Heart rate,81.41,60.0,104.0,577
case-000135,Systolic blood pressure,128.87,84.0,188.0,483
case-000135,Diastolic blood pressure,77.26,44.0,102.0,483
case-000135,Mean arterial pressure,94.1,56.0,274.0,483
case-000135,Respiratory rate,14.85,0.0,29.0,187
case-000135,Oxygen saturation,97.83,89.0,100.0,562
case-000135,Body temperature,37.3,35.5,37.7,224
case-000136,Heart rate,65.72,59.0,157.0,2085
case-000136,Respiratory rate,27.28,8.0,63.0,1992
case-000136,Oxygen saturation,94.73,81.0,100.0,2084
case-000136,Systolic blood pressure,113.01,63.0,157.0,404
case-000136,Diastolic blood pressure,65.61,36.0,97.0,404
case-000136,Mean arterial pressure,86.56,42.0,124.0,405
case-000137,Heart rate,97.14,79.0,126.0,666
case-000137,Systolic blood pressure,134.83,76.0,222.0,449
case-000137,Diastolic blood pressure,76.49,56.0,204.0,449
case-000137,Mean arterial pressure,99.27,71.0,206.0,449
case-000137,Respiratory rate,19.92,0.0,44.0,656
case-000137,Oxygen saturation,97.74,72.0,100.0,664
case-000138,Heart rate,105.13,80.0,132.0,922
case-000138,Respiratory rate,25.01,0.0,49.0,922
case-000138,Oxygen saturation,98.87,83.0,100.0,912
case-000138,Systolic blood pressure,144.71,91.0,218.0,86
case-000138,Diastolic blood pressure,80.4,56.0,111.0,86
case-000138,Mean arterial pressure,101.28,68.0,144.0,87
case-000139,Heart rate,75.89,63.0,108.0,503
case-000139,Respiratory rate,23.8,10.0,58.0,503
case-000139,Oxygen saturation,97.69,69.0,100.0,474
case-000139,Systolic blood pressure,86.11,72.0,107.0,119
case-000139,Diastolic blood pressure,50.7,40.0,72.0,119
case-000139,Mean arterial pressure,63.55,51.0,81.0,119
case-000140,Heart rate,89.01,66.0,148.0,1845
case-000140,Oxygen saturation,95.51,86.0,100.0,1841
case-000140,Systolic blood pressure,116.53,75.0,170.0,224
case-000140,Diastolic blood pressure,69.29,27.0,113.0,224
case-000140,Mean arterial pressure,80.18,39.0,120.0,224
case-000141,Heart rate,72.25,52.0,126.0,1054
case-000141,Respiratory rate,22.52,11.0,30.0,1054
case-000141,Oxygen saturation,93.49,44.0,100.0,986
case-000141,Systolic blood pressure,108.74,61.0,162.0,129
case-000141,Diastolic blood pressure,59.77,17.0,126.0,129
case-000141,Mean arterial pressure,74.8,28.0,231.0,147
case-000142,Heart rate,93.21,79.0,118.0,583
case-000142,Respiratory rate,22.3,16.0,28.0,558
case-000142,Oxygen saturation,95.05,70.0,100.0,473
case-000142,Systolic blood pressure,110.71,87.0,132.0,75
case-000142,Diastolic blood pressure,56.97,43.0,104.0,75
case-000142,Mean arterial pressure,69.65,51.0,107.0,75
case-000143,Heart rate,89.46,76.0,114.0,315
case-000143,Systolic blood pressure,103.68,78.0,198.0,402
case-000143,Diastolic blood pressure,62.95,44.0,92.0,402
case-000143,Mean arterial pressure,75.38,56.0,127.0,402
case-000143,Respiratory rate,16.2,10.0,31.0,308
case-000143,Oxygen saturation,99.2,86.0,100.0,310
case-000143,Body temperature,37.71,37.0,38.8,301
case-000144,Heart rate,69.35,34.0,80.0,212
case-000144,Respiratory rate,19.92,11.0,38.0,212
case-000144,Oxygen saturation,97.48,86.0,100.0,208
case-000144,Systolic blood pressure,141.78,92.0,185.0,45
case-000144,Diastolic blood pressure,67.38,49.0,94.0,45
case-000144,Mean arterial pressure,95.22,62.0,143.0,45
case-000145,Heart rate,78.44,60.0,92.0,285
case-000145,Systolic blood pressure,90.2,55.0,125.0,287
case-000145,Diastolic blood pressure,44.0,28.0,63.0,287
case-000145,Mean arterial pressure,55.4,38.0,81.0,287
case-000145,Respiratory rate,16.7,10.0,23.0,285
case-000145,Oxygen saturation,97.35,92.0,100.0,278
case-000146,Heart rate,93.03,59.0,116.0,809
case-000146,Respiratory rate,24.57,5.0,37.0,809
case-000146,Oxygen saturation,94.51,64.0,100.0,801
case-000146,Systolic blood pressure,129.34,68.0,161.0,76
case-000146,Diastolic blood pressure,76.53,46.0,132.0,76
case-000146,Mean arterial pressure,91.88,55.0,144.0,76
case-000147,Heart rate,91.47,78.0,120.0,248
case-000147,Respiratory rate,20.12,15.0,28.0,248
case-000147,Oxygen saturation,99.08,67.0,100.0,247
case-000147,Systolic blood pressure,101.48,75.0,127.0,50
case-000147,Diastolic blood pressure,46.16,36.0,64.0,50
case-000147,Mean arterial pressure,64.69,46.0,88.0,51
case-000148,Heart rate,100.81,64.0,140.0,2789
case-000148,Systolic blood pressure,109.12,64.0,158.0,2780
case-000148,Diastolic blood pressure,52.25,30.0,94.0,2780
case-000148,Mean arterial pressure,72.0,52.0,298.0,2780
case-000148,Respiratory rate,18.89,3.0,75.0,2786
case-000148,Oxygen saturation,99.48,90.0,100.0,2770
case-000149,Heart rate,82.54,68.0,118.0,553
case-000149,Respiratory rate,22.6,0.0,43.0,245
case-000149,Oxygen saturation,97.37,70.0,100.0,494
case-000149,Systolic blood pressure,111.22,72.0,150.0,41
case-000149,Diastolic blood pressure,58.39,38.0,92.0,41
case-000149,Mean arterial pressure,76.66,50.0,130.0,41
case-000150,Heart rate,74.67,65.0,87.0,477
case-000150,Respiratory rate,19.09,13.0,25.0,477
case-000150,Oxygen saturation,93.68,76.0,100.0,461
case-000150,Systolic blood pressure,121.84,61.0,159.0,51
case-000150,Diastolic blood pressure,65.24,42.0,102.0,51
case-000150,Mean arterial pressure,78.37,46.0,112.0,51
case-000151,Heart rate,97.08,78.0,124.0,1256
case-000151,Respiratory rate,21.19,0.0,40.0,1229
case-000151,Oxygen saturation,95.92,91.0,100.0,218
case-000151,Systolic blood pressure,143.85,97.0,188.0,107
case-000151,Diastolic blood pressure,80.66,48.0,152.0,107
case-000151,Mean arterial pressure,95.59,60.0,158.0,107
case-000152,Heart rate,74.39,63.0,97.0,868
case-000152,Respiratory rate,18.41,13.0,26.0,867
case-000152,Oxygen saturation,95.3,85.0,100.0,866
case-000152,Systolic blood pressure,118.05,93.0,174.0,76
case-000152,Diastolic blood pressure,46.97,16.0,102.0,76
case-000152,Mean arterial pressure,64.13,39.0,111.0,76
case-000153,Heart rate,88.66,62.0,114.0,334
case-000153,Systolic blood pressure,126.0,84.0,200.0,315
case-000153,Diastolic blood pressure,65.0,42.0,118.0,315
case-000153,Mean arterial pressure,84.0,62.0,132.0,315
case-000153,Respiratory rate,20.96,5.0,32.0,334
case-000153,Oxygen saturation,98.24,80.0,100.0,314
case-000154,Heart rate,89.06,74.0,112.0,203
case-000154,Respiratory rate,17.79,0.0,31.0,154
case-000154,Oxygen saturation,95.79,59.0,100.0,199
case-000154,Systolic blood pressure,127.9,97.0,165.0,50
case-000154,Diastolic blood pressure,64.12,40.0,97.0,50
case-000154,Mean arterial pressure,80.11,54.0,112.0,54
case-000155,Heart rate,78.13,51.0,175.0,1111
case-000155,Respiratory rate,17.78,8.0,28.0,1111
case-000155,Oxygen saturation,98.45,96.0,100.0,1077
case-000155,Systolic blood pressure,153.71,52.0,227.0,361
case-000155,Diastolic blood pressure,91.35,23.0,125.0,361
case-000155,Mean arterial pressure,106.01,34.0,146.0,361
case-000156,Heart rate,105.71,83.0,120.0,745
case-000156,Respiratory rate,20.48,0.0,31.0,744
case-000156,Oxygen saturation,99.52,93.0,100.0,562
case-000156,Systolic blood pressure,149.54,30.0,183.0,71
case-000156,Diastolic blood pressure,90.49,19.0,106.0,71
case-000156,Mean arterial pressure,104.61,22.0,124.0,71
case-000157,Heart rate,112.68,98.0,135.0,561
case-000157,Respiratory rate,25.78,15.0,34.0,549
case-000157,Oxygen saturation,96.11,91.0,100.0,561
case-000157,Systolic blood pressure,122.36,99.0,138.0,45
case-000157,Diastolic blood pressure,58.16,38.0,78.0,45
case-000157,Mean arterial pressure,71.82,64.0,90.0,45
case-000158,Heart rate,70.56,0.0,100.0,268
case-000158,Respiratory rate,19.64,0.0,32.0,266
case-000158,Oxygen saturation,95.77,88.0,100.0,268
case-000158,Systolic blood pressure,117.48,52.0,139.0,27
case-000158,Diastolic blood pressure,68.19,39.0,98.0,27
case-000158,Mean arterial pressure,79.48,42.0,105.0,27
case-000159,Heart rate,65.11,53.0,106.0,448
case-000159,Respiratory rate,19.84,13.0,27.0,448
case-000159,Oxygen saturation,94.89,88.0,100.0,448
case-000159,Systolic blood pressure,145.57,125.0,163.0,40
case-000159,Diastolic blood pressure,56.58,44.0,107.0,40
case-000159,Mean arterial pressure,78.75,67.0,111.0,40
case-000160,Heart rate,88.04,75.0,95.0,119
case-000160,Respiratory rate,16.85,12.0,30.0,119
case-000160,Oxygen saturation,97.0,95.0,99.0,119
case-000160,Systolic blood pressure,100.53,70.0,123.0,30
case-000160,Diastolic blood pressure,56.6,44.0,67.0,30
case-000160,Mean arterial pressure,73.4,55.0,87.0,30
case-000161,Heart rate,100.04,95.0,106.0,79
case-000161,Systolic blood pressure,107.71,17.0,119.0,26
case-000161,Diastolic blood pressure,48.95,-4.0,57.0,26
case-000161,Mean arterial pressure,69.19,1.0,87.0,26
case-000161,Respiratory rate,1.49,0.0,12.0,77
case-000161,Oxygen saturation,92.33,81.0,97.0,39
case-000162,Heart rate,62.26,56.0,69.0,138
case-000162,Respiratory rate,16.72,12.0,21.0,138
case-000162,Oxygen saturation,97.36,95.0,100.0,138
case-000162,Systolic blood pressure,112.61,98.0,130.0,23
case-000162,Diastolic blood pressure,54.7,43.0,67.0,23
case-000162,Mean arterial pressure,68.39,56.0,81.0,23
case-000163,Heart rate,76.47,59.0,102.0,612
case-000163,Systolic blood pressure,124.64,40.0,159.0,351
case-000163,Diastolic blood pressure,73.86,4.0,98.0,351
case-000163,Mean arterial pressure,92.51,13.0,117.0,352
case-000163,Respiratory rate,17.54,8.0,76.0,587
case-000163,Oxygen saturation,94.88,91.0,99.0,591
case-000164,Heart rate,99.83,90.0,112.0,161
case-000164,Respiratory rate,18.96,14.0,22.0,161
case-000164,Oxygen saturation,94.64,91.0,99.0,161
case-000164,Systolic blood pressure,126.36,87.0,140.0,25
case-000164,Diastolic blood pressure,71.56,62.0,83.0,25
case-000164,Mean arterial pressure,83.16,74.0,91.0,25
case-000165,Heart rate,105.7,69.0,129.0,1159
case-000165,Respiratory rate,22.76,11.0,33.0,1158
case-000165,Oxygen saturation,94.77,87.0,100.0,307
case-000165,Systolic blood pressure,117.73,51.0,155.0,91
case-000165,Diastolic blood pressure,65.31,21.0,118.0,91
case-000165,Mean arterial pressure,77.63,29.0,125.0,91
case-000166,Heart rate,91.53,76.0,118.0,413
case-000166,Respiratory rate,18.58,12.0,27.0,409
case-000166,Oxygen saturation,95.45,86.0,100.0,413
case-000166,Systolic blood pressure,112.14,83.0,168.0,44
case-000166,Diastolic blood pressure,65.48,35.0,97.0,44
case-000166,Mean arterial pressure,79.41,49.0,108.0,44
case-000167,Heart rate,73.17,61.0,148.0,944
case-000167,Respiratory rate,19.23,12.0,31.0,944
case-000167,Oxygen saturation,98.1,89.0,100.0,947
case-000167,Systolic blood pressure,132.59,86.0,173.0,90
case-000167,Diastolic blood pressure,74.86,45.0,111.0,90
case-000167,Mean arterial pressure,91.57,58.0,123.0,90
case-000168,Heart rate,97.31,46.0,167.0,1171
case-000168,Oxygen saturation,94.76,42.0,100.0,1116
case-000168,Systolic blood pressure,114.42,67.0,159.0,50
case-000168,Diastolic blood pressure,72.64,36.0,130.0,50
case-000168,Mean arterial pressure,85.14,47.0,138.0,51
case-000169,Heart rate,91.09,81.0,111.0,504
case-000169,Respiratory rate,17.33,0.0,35.0,504
case-000169,Oxygen saturation,96.38,89.0,100.0,476
case-000169,Systolic blood pressure,115.17,81.0,151.0,96
case-000169,Diastolic blood pressure,59.31,45.0,88.0,96
case-000169,Mean arterial pressure,77.95,59.0,107.0,96
case-000170,Heart rate,98.43,72.0,162.0,274
case-000170,Respiratory rate,27.11,16.0,36.0,274
case-000170,Oxygen saturation,94.94,84.0,100.0,276
case-000170,Systolic blood pressure,119.0,83.0,164.0,122
case-000170,Diastolic blood pressure,64.26,42.0,144.0,122
case-000170,Mean arterial pressure,76.95,52.0,148.0,122
case-000171,Heart rate,94.11,61.0,123.0,760
case-000171,Respiratory rate,27.6,14.0,71.0,242
case-000171,Oxygen saturation,94.4,79.0,100.0,760
case-000171,Systolic blood pressure,117.75,87.0,206.0,68
case-000171,Diastolic blood pressure,75.71,43.0,191.0,68
case-000171,Mean arterial pressure,92.65,67.0,199.0,69
case-000172,Heart rate,92.71,85.0,109.0,45
case-000172,Respiratory rate,19.72,15.0,32.0,46
case-000172,Oxygen saturation,97.89,91.0,100.0,38
case-000172,Systolic blood pressure,138.71,137.0,140.0,7
case-000172,Diastolic blood pressure,73.86,65.0,89.0,7
case-000172,Mean arterial pressure,101.71,99.0,106.0,7
case-000173,Heart rate,105.44,84.0,170.0,1129
case-000173,Respiratory rate,34.28,8.0,66.0,989
case-000173,Oxygen saturation,98.87,55.0,100.0,1127
case-000173,Systolic blood pressure,110.32,69.0,173.0,593
case-000173,Diastolic blood pressure,57.39,34.0,103.0,593
case-000173,Mean arterial pressure,79.38,53.0,139.0,594
case-000174,Heart rate,79.11,61.0,109.0,737
case-000174,Systolic blood pressure,96.25,82.0,165.0,798
case-000174,Diastolic blood pressure,66.82,47.0,89.0,798
case-000174,Mean arterial pressure,79.15,60.0,121.0,798
case-000174,Respiratory rate,18.53,10.0,29.0,737
case-000174,Oxygen saturation,95.76,58.0,100.0,729
case-000175,Heart rate,57.98,41.0,78.0,258
case-000175,Respiratory rate,14.95,8.0,27.0,258
case-000175,Oxygen saturation,98.76,90.0,100.0,258
case-000175,Systolic blood pressure,130.64,94.0,162.0,73
case-000175,Diastolic blood pressure,43.36,25.0,97.0,73
case-000175,Mean arterial pressure,64.07,46.0,101.0,74
case-000176,Heart rate,89.5,68.0,120.0,201
case-000176,Respiratory rate,18.26,14.0,26.0,193
case-000176,Oxygen saturation,97.98,95.0,100.0,189
case-000176,Systolic blood pressure,115.98,98.0,152.0,44
case-000176,Diastolic blood pressure,69.91,55.0,89.0,44
case-000176,Mean arterial pressure,79.73,20.0,105.0,45
case-000177,Heart rate,87.69,85.0,101.0,258
case-000177,Respiratory rate,22.1,15.0,31.0,235
case-000177,Oxygen saturation,95.37,88.0,99.0,270
case-000178,Heart rate,86.13,63.0,122.0,1354
case-000178,Respiratory rate,18.13,4.0,50.0,1287
case-000178,Oxygen saturation,95.38,70.0,100.0,1346
case-000179,Heart rate,85.93,0.0,106.0,615
case-000179,Systolic blood pressure,85.87,39.0,106.0,497
case-000179,Diastolic blood pressure,74.56,28.0,89.0,497
case-000179,Mean arterial pressure,76.82,15.0,239.0,569
case-000179,Respiratory rate,15.07,0.0,28.0,604
case-000179,Oxygen saturation,98.09,70.0,100.0,547
case-000179,Body temperature,36.95,33.0,37.7,505
case-000180,Heart rate,87.38,73.0,103.0,525
case-000180,Respiratory rate,18.87,13.0,27.0,522
case-000180,Oxygen saturation,95.83,85.0,99.0,487
case-000180,Systolic blood pressure,98.87,68.0,127.0,87
case-000180,Diastolic blood pressure,59.41,45.0,82.0,87
case-000180,Mean arterial pressure,68.29,50.0,90.0,87
case-000181,Heart rate,75.37,57.0,112.0,1553
case-000181,Respiratory rate,22.91,13.0,29.0,520
case-000181,Oxygen saturation,94.9,50.0,100.0,1621
case-000181,Systolic blood pressure,149.11,94.0,187.0,122
case-000181,Diastolic blood pressure,78.97,41.0,157.0,122
case-000181,Mean arterial pressure,96.34,54.0,165.0,122
case-000182,Heart rate,100.06,74.0,128.0,458
case-000182,Systolic blood pressure,49.45,0.0,148.0,464
case-000182,Diastolic blood pressure,20.73,11.0,62.0,464
case-000182,Mean arterial pressure,28.18,17.0,183.0,464
case-000182,Respiratory rate,31.28,0.0,50.0,333
case-000182,Oxygen saturation,89.3,28.0,100.0,433
case-000182,Body temperature,37.55,19.0,39.8,177
case-000183,Heart rate,77.2,62.0,92.0,498
case-000183,Respiratory rate,14.47,5.0,33.0,470
case-000183,Oxygen saturation,96.22,91.0,98.0,27
case-000183,Systolic blood pressure,96.4,64.0,110.0,30
case-000183,Diastolic blood pressure,52.03,29.0,70.0,30
case-000183,Mean arterial pressure,62.0,37.0,79.0,30
case-000184,Heart rate,79.73,76.0,92.0,680
case-000184,Respiratory rate,20.59,13.0,37.0,683
case-000184,Oxygen saturation,96.66,78.0,100.0,600
case-000184,Systolic blood pressure,95.0,77.0,156.0,48
case-000184,Diastolic blood pressure,66.08,34.0,139.0,48
case-000184,Mean arterial pressure,74.02,51.0,143.0,57
case-000185,Heart rate,70.01,61.0,79.0,227
case-000185,Respiratory rate,17.45,11.0,38.0,227
case-000185,Oxygen saturation,99.93,98.0,100.0,227
case-000185,Systolic blood pressure,158.0,133.0,200.0,35
case-000185,Diastolic blood pressure,71.77,59.0,121.0,35
case-000185,Mean arterial pressure,102.06,89.0,144.0,35
case-000186,Heart rate,86.03,71.0,136.0,844
case-000186,Oxygen saturation,99.26,97.0,100.0,54
case-000186,Systolic blood pressure,105.72,89.0,122.0,46
case-000186,Diastolic blood pressure,61.76,49.0,75.0,46
case-000186,Mean arterial pressure,76.7,65.0,93.0,46
case-000187,Heart rate,54.75,49.0,61.0,52
case-000187,Respiratory rate,17.6,14.0,21.0,52
case-000187,Oxygen saturation,98.56,97.0,100.0,52
case-000187,Systolic blood pressure,104.21,84.0,127.0,19
case-000187,Diastolic blood pressure,48.05,39.0,73.0,19
case-000187,Mean arterial pressure,61.37,49.0,77.0,19
case-000188,Heart rate,102.98,83.0,143.0,805
case-000188,Oxygen saturation,93.0,90.0,94.0,4
case-000188,Systolic blood pressure,132.31,97.0,171.0,49
case-000188,Diastolic blood pressure,71.1,55.0,84.0,49
case-000188,Mean arterial pressure,90.1,70.0,111.0,49
case-000189,Heart rate,68.32,51.0,99.0,561
case-000189,Systolic blood pressure,112.57,83.0,188.0,224
case-000189,Diastolic blood pressure,52.77,36.0,100.0,224
case-000189,Mean arterial pressure,67.9,50.0,146.0,226
case-000189,Respiratory rate,15.65,0.0,22.0,561
case-000189,Oxygen saturation,97.54,89.0,100.0,533
case-000190,Heart rate,70.23,52.0,113.0,905
case-000190,Respiratory rate,14.54,9.0,27.0,891
case-000190,Oxygen saturation,93.32,85.0,99.0,902
case-000190,Systolic blood pressure,147.67,38.0,196.0,112
case-000190,Diastolic blood pressure,77.21,20.0,159.0,112
case-000190,Mean arterial pressure,93.84,23.0,166.0,112
case-000191,Heart rate,79.96,60.0,112.0,198
case-000191,Respiratory rate,14.46,10.0,24.0,198
case-000191,Oxygen saturation,97.62,89.0,100.0,169
case-000191,Systolic blood pressure,100.77,43.0,133.0,47
case-000191,Diastolic blood pressure,57.64,15.0,82.0,47
case-000191,Mean arterial pressure,67.0,21.0,86.0,47
case-000192,Heart rate,66.81,49.0,100.0,268
case-000192,Systolic blood pressure,119.1,103.0,189.0,323
case-000192,Diastolic blood pressure,50.03,41.0,106.0,323
case-000192,Mean arterial pressure,66.63,60.0,113.0,323
case-000192,Respiratory rate,16.23,10.0,24.0,268
case-000192,Oxygen saturation,97.85,93.0,100.0,268
case-000193,Heart rate,91.24,81.0,118.0,202
case-000193,Respiratory rate,23.15,14.0,38.0,202
case-000193,Oxygen saturation,97.22,89.0,100.0,196
case-000193,Systolic blood pressure,113.32,93.0,141.0,71
case-000193,Diastolic blood pressure,69.7,52.0,92.0,71
case-000193,Mean arterial pressure,86.08,67.0,105.0,71
case-000194,Heart rate,100.62,79.0,131.0,1284
case-000194,Respiratory rate,15.59,10.0,27.0,1255
case-000194,Oxygen saturation,96.71,83.0,100.0,1133
case-000194,Systolic blood pressure,107.15,63.0,141.0,209
case-000194,Diastolic blood pressure,58.8,25.0,113.0,209
case-000194,Mean arterial pressure,69.77,35.0,118.0,209
case-000195,Heart rate,83.75,0.0,109.0,60
case-000195,Respiratory rate,18.0,1.0,24.0,60
case-000195,Oxygen saturation,98.45,66.0,100.0,60
case-000195,Systolic blood pressure,87.62,48.0,137.0,13
case-000195,Diastolic blood pressure,59.54,18.0,119.0,13
case-000195,Mean arterial pressure,67.57,24.0,123.0,14
case-000196,Heart rate,93.57,78.0,127.0,564
case-000196,Respiratory rate,20.71,13.0,57.0,563
case-000196,Oxygen saturation,97.62,87.0,100.0,452
case-000196,Body temperature,37.79,37.2,38.3,561
case-000196,Systolic blood pressure,160.42,120.0,200.0,62
case-000196,Diastolic blood pressure,87.45,69.0,158.0,62
case-000196,Mean arterial pressure,104.35,84.0,163.0,62
case-000197,Heart rate,102.23,0.0,130.0,3166
case-000197,Systolic blood pressure,135.73,75.0,215.0,721
case-000197,Diastolic blood pressure,63.19,37.0,151.0,721
case-000197,Mean arterial pressure,89.15,53.0,172.0,721
case-000197,Respiratory rate,23.99,0.0,44.0,1522
case-000197,Oxygen saturation,95.8,51.0,100.0,2833
case-000198,Heart rate,79.11,59.0,113.0,1673
case-000198,Systolic blood pressure,120.16,2.0,213.0,1778
case-000198,Diastolic blood pressure,60.65,1.0,95.0,1778
case-000198,Mean arterial pressure,84.09,2.0,132.0,1778
case-000198,Respiratory rate,20.63,1.0,61.0,1655
case-000198,Oxygen saturation,94.89,62.0,100.0,1618
case-000199,Heart rate,94.62,0.0,164.0,2910
case-000199,Respiratory rate,27.08,0.0,92.0,2861
case-000199,Oxygen saturation,98.71,63.0,100.0,2832
case-000199,Systolic blood pressure,102.84,30.0,244.0,2010
case-000199,Diastolic blood pressure,45.53,11.0,192.0,2010
case-000199,Mean arterial pressure,64.65,16.0,212.0,2010
case-000200,Heart rate,63.61,40.0,91.0,1998
case-000200,Systolic blood pressure,125.19,84.0,212.0,1724
case-000200,Diastolic blood pressure,51.44,34.0,125.0,1724
case-000200,Mean arterial pressure,69.79,51.0,228.0,1729
case-000200,Respiratory rate,20.42,0.0,46.0,1981
case-000200,Oxygen saturation,98.15,78.0,100.0,1838
case-000200,Body temperature,35.63,27.556,37.667,1062
case-000201,Heart rate,95.35,56.0,130.0,1114
case-000201,Respiratory rate,20.77,0.0,36.0,1114
case-000201,Oxygen saturation,97.66,34.0,100.0,819
case-000201,Systolic blood pressure,110.05,62.0,176.0,150
case-000201,Diastolic blood pressure,60.03,41.0,93.0,150
case-000201,Mean arterial pressure,79.07,49.0,135.0,150
case-000202,Heart rate,86.54,62.0,115.0,1313
case-000202,Oxygen saturation,99.7,85.0,100.0,1316
case-000202,Systolic blood pressure,108.82,65.0,144.0,246
case-000202,Diastolic blood pressure,63.88,36.0,98.0,246
case-000202,Mean arterial pressure,74.28,46.0,102.0,246
case-000203,Heart rate,81.63,79.0,164.0,768
case-000203,Systolic blood pressure,146.76,6.0,187.0,437
case-000203,Diastolic blood pressure,76.99,-24.0,107.0,437
case-000203,Mean arterial pressure,108.36,-9.0,147.0,437
case-000203,Respiratory rate,24.12,0.0,94.0,768
case-000203,Oxygen saturation,97.42,83.0,100.0,765
case-000204,Heart rate,71.06,70.0,80.0,266
case-000204,Systolic blood pressure,110.91,90.0,196.0,202
case-000204,Diastolic blood pressure,51.67,41.0,85.0,202
case-000204,Mean arterial pressure,65.81,44.0,124.0,202
case-000204,Respiratory rate,20.03,0.0,27.0,266
case-000204,Oxygen saturation,99.5,96.0,100.0,266
case-000205,Heart rate,107.1,78.0,150.0,841
case-000205,Respiratory rate,21.8,14.0,29.0,838
case-000205,Oxygen saturation,95.45,88.0,100.0,787
case-000205,Systolic blood pressure,110.91,48.0,135.0,124
case-000205,Diastolic blood pressure,69.42,32.0,114.0,124
case-000205,Mean arterial pressure,78.45,36.0,118.0,124
case-000206,Heart rate,57.76,48.0,127.0,806
case-000206,Respiratory rate,16.16,5.0,35.0,724
case-000206,Oxygen saturation,96.04,87.0,100.0,735
case-000206,Systolic blood pressure,142.43,102.0,189.0,116
case-000206,Diastolic blood pressure,70.72,50.0,127.0,116
case-000206,Mean arterial pressure,104.63,73.0,149.0,116
case-000207,Heart rate,101.93,82.0,135.0,616
case-000207,Respiratory rate,22.92,8.0,48.0,616
case-000207,Oxygen saturation,97.69,82.0,100.0,615
case-000207,Systolic blood pressure,126.77,69.0,203.0,123
case-000207,Diastolic blood pressure,70.21,25.0,136.0,123
case-000207,Mean arterial pressure,91.84,36.0,141.0,125
case-000208,Heart rate,72.17,57.0,117.0,4659
case-000208,Respiratory rate,15.77,0.0,27.0,4626
case-000208,Oxygen saturation,97.46,77.0,100.0,4664
case-000208,Systolic blood pressure,108.76,58.0,160.0,570
case-000208,Diastolic blood pressure,54.13,35.0,117.0,570
case-000208,Mean arterial pressure,67.14,43.0,121.0,571
case-000209,Heart rate,84.48,68.0,110.0,1088
case-000209,Respiratory rate,31.35,13.0,55.0,1083
case-000209,Oxygen saturation,93.52,80.0,99.0,989
case-000209,Systolic blood pressure,135.84,92.0,188.0,220
case-000209,Diastolic blood pressure,71.73,53.0,116.0,220
case-000209,Mean arterial pressure,96.22,72.0,144.0,220
case-000210,Heart rate,87.07,77.0,119.0,427
case-000210,Respiratory rate,11.01,6.0,25.0,427
case-000210,Oxygen saturation,97.79,89.0,100.0,424
case-000210,Systolic blood pressure,138.32,115.0,166.0,68
case-000210,Diastolic blood pressure,90.09,75.0,112.0,68
case-000210,Mean arterial pressure,109.79,83.0,130.0,68
case-000211,Heart rate,63.9,46.0,90.0,735
case-000211,Respiratory rate,20.73,9.0,38.0,276
case-000211,Oxygen saturation,95.08,87.0,100.0,269
case-000211,Systolic blood pressure,130.9,106.0,185.0,77
case-000211,Diastolic blood pressure,74.7,52.0,99.0,77
case-000211,Mean arterial pressure,95.55,68.0,132.0,77
case-000212,Heart rate,61.3,54.0,81.0,146
case-000212,Oxygen saturation,99.72,96.0,100.0,146
case-000212,Systolic blood pressure,102.33,80.0,140.0,27
case-000212,Diastolic blood pressure,53.78,41.0,101.0,27
case-000212,Mean arterial pressure,69.15,51.0,110.0,27
case-000213,Heart rate,81.37,66.0,97.0,504
case-000213,Respiratory rate,23.96,11.0,49.0,499
case-000213,Oxygen saturation,96.32,78.0,100.0,503
case-000213,Systolic blood pressure,123.23,87.0,189.0,35
case-000213,Diastolic blood pressure,66.11,44.0,114.0,35
case-000213,Mean arterial pressure,86.66,60.0,147.0,35
case-000214,Heart rate,81.56,78.0,88.0,225
case-000214,Respiratory rate,14.45,4.0,32.0,225
case-000214,Oxygen saturation,95.76,80.0,100.0,225
case-000214,Systolic blood pressure,128.1,111.0,158.0,49
case-000214,Diastolic blood pressure,76.67,63.0,90.0,49
case-000214,Mean arterial pressure,96.67,82.0,117.0,49
case-000215,Heart rate,74.48,54.0,99.0,376
case-000215,Respiratory rate,24.54,0.0,33.0,370
case-000215,Oxygen saturation,93.66,72.0,99.0,378
case-000215,Systolic blood pressure,128.89,84.0,186.0,65
case-000215,Diastolic blood pressure,64.35,37.0,109.0,65
case-000215,Mean arterial pressure,78.95,56.0,114.0,65
case-000216,Heart rate,91.84,77.0,112.0,414
case-000216,Systolic blood pressure,112.11,68.0,179.0,196
case-000216,Diastolic blood pressure,58.05,50.0,177.0,196
case-000216,Mean arterial pressure,79.19,57.0,178.0,196
case-000216,Respiratory rate,25.12,12.0,44.0,414
case-000216,Oxygen saturation,97.47,91.0,100.0,414
case-000216,Body temperature,37.66,36.6,37.9,200
case-000217,Heart rate,87.42,68.0,114.0,674
case-000217,Respiratory rate,19.93,10.0,37.0,630
case-000217,Oxygen saturation,95.63,91.0,99.0,622
case-000217,Systolic blood pressure,156.25,96.0,212.0,67
case-000217,Diastolic blood pressure,75.28,53.0,119.0,67
case-000217,Mean arterial pressure,103.48,59.0,170.0,67
case-000218,Heart rate,94.87,74.0,117.0,1070
case-000218,Systolic blood pressure,132.97,82.0,186.0,535
case-000218,Diastolic blood pressure,63.57,31.0,101.0,535
case-000218,Mean arterial pressure,85.84,49.0,116.0,536
case-000218,Respiratory rate,19.89,14.0,33.0,1070
case-000218,Oxygen saturation,96.49,84.0,100.0,1048
case-000219,Heart rate,89.76,75.0,138.0,895
case-000219,Respiratory rate,25.54,11.0,34.0,878
case-000219,Oxygen saturation,94.18,86.0,100.0,895
case-000219,Systolic blood pressure,116.42,64.0,144.0,181
case-000219,Diastolic blood pressure,56.45,24.0,104.0,181
case-000219,Mean arterial pressure,69.98,43.0,109.0,181
case-000220,Heart rate,127.08,101.0,174.0,324
case-000220,Systolic blood pressure,88.28,60.0,134.0,297
case-000220,Diastolic blood pressure,52.89,31.0,83.0,297
case-000220,Mean arterial pressure,60.89,1.0,87.0,298
case-000220,Respiratory rate,22.98,15.0,30.0,315
case-000220,Oxygen saturation,94.46,88.0,98.0,324
case-000221,Heart rate,87.16,72.0,106.0,341
case-000221,Respiratory rate,17.41,11.0,30.0,298
case-000221,Oxygen saturation,95.76,91.0,99.0,306
case-000221,Systolic blood pressure,91.65,69.0,125.0,72
case-000221,Diastolic blood pressure,57.36,47.0,75.0,72
case-000221,Mean arterial pressure,68.19,52.0,94.0,73
case-000222,Heart rate,116.01,88.0,144.0,1068
case-000222,Respiratory rate,19.36,10.0,27.0,975
case-000222,Oxygen saturation,96.38,89.0,100.0,1061
case-000222,Systolic blood pressure,130.73,65.0,177.0,165
case-000222,Diastolic blood pressure,56.65,27.0,136.0,165
case-000222,Mean arterial pressure,73.12,34.0,139.0,165
case-000223,Heart rate,65.39,60.0,78.0,226
case-000223,Oxygen saturation,98.72,95.0,100.0,226
case-000223,Systolic blood pressure,131.27,98.0,203.0,22
case-000223,Diastolic blood pressure,69.86,55.0,93.0,22
case-000223,Mean arterial pressure,90.73,70.0,133.0,22
case-000224,Heart rate,81.83,74.0,104.0,271
case-000224,Respiratory rate,14.08,12.0,21.0,12
case-000224,Oxygen saturation,94.94,85.0,99.0,149
case-000224,Systolic blood pressure,95.16,55.0,140.0,70
case-000224,Diastolic blood pressure,58.94,34.0,77.0,70
case-000224,Mean arterial pressure,70.37,40.0,94.0,70
case-000225,Heart rate,81.93,74.0,103.0,406
case-000225,Respiratory rate,13.99,9.0,35.0,403
case-000225,Oxygen saturation,99.5,95.0,100.0,385
case-000225,Systolic blood pressure,98.24,84.0,110.0,50
case-000225,Diastolic blood pressure,65.9,51.0,80.0,50
case-000225,Mean arterial pressure,77.2,64.0,91.0,50
case-000226,Heart rate,92.0,57.0,178.0,1815
case-000226,Respiratory rate,21.0,0.0,37.0,1815
case-000226,Oxygen saturation,97.06,81.0,100.0,1812
case-000226,Body temperature,36.81,28.0,38.1,102
case-000226,Systolic blood pressure,122.98,44.0,202.0,525
case-000226,Diastolic blood pressure,87.6,11.0,160.0,525
case-000226,Mean arterial pressure,95.56,14.0,167.0,525
case-000227,Heart rate,74.97,59.0,108.0,568
case-000227,Respiratory rate,21.96,6.0,43.0,563
case-000227,Oxygen saturation,93.35,90.0,99.0,568
case-000227,Systolic blood pressure,164.27,91.0,200.0,198
case-000227,Diastolic blood pressure,77.89,42.0,150.0,198
case-000227,Mean arterial pressure,114.87,62.0,168.0,198
case-000228,Heart rate,90.63,71.0,113.0,509
case-000228,Respiratory rate,26.0,26.0,26.0,1
case-000228,Oxygen saturation,97.5,83.0,100.0,398
case-000228,Systolic blood pressure,123.72,96.0,156.0,83
case-000228,Diastolic blood pressure,68.08,42.0,104.0,83
case-000228,Mean arterial pressure,87.61,64.0,122.0,83
case-000229,Heart rate,101.44,77.0,162.0,241
case-000229,Oxygen saturation,96.58,93.0,100.0,238
case-000229,Systolic blood pressure,142.92,111.0,177.0,13
case-000229,Diastolic blood pressure,88.31,56.0,114.0,13
case-000229,Mean arterial pressure,100.38,68.0,128.0,13
case-000230,Heart rate,64.07,60.0,97.0,571
case-000230,Respiratory rate,18.95,14.0,32.0,571
case-000230,Oxygen saturation,95.8,87.0,100.0,538
case-000230,Body temperature,37.6,37.15,38.3,283
case-000230,Systolic blood pressure,111.49,63.0,163.0,137
case-000230,Diastolic blood pressure,45.82,32.0,110.0,137
case-000230,Mean arterial pressure,69.58,50.0,133.0,137
case-000231,Heart rate,71.38,62.0,98.0,255
case-000231,Respiratory rate,17.29,11.0,28.0,255
case-000231,Oxygen saturation,95.65,84.0,100.0,246
case-000231,Systolic blood pressure,136.57,98.0,162.0,23
case-000231,Diastolic blood pressure,54.13,32.0,122.0,23
case-000231,Mean arterial pressure,73.79,51.0,127.0,24
case-000232,Heart rate,89.84,71.0,137.0,747
case-000232,Respiratory rate,25.02,17.0,34.0,747
case-000232,Oxygen saturation,94.29,85.0,100.0,745
case-000232,Systolic blood pressure,124.87,98.0,154.0,155
case-000232,Diastolic blood pressure,59.89,37.0,109.0,155
case-000232,Mean arterial pressure,74.93,56.0,112.0,155
case-000233,Heart rate,66.71,53.0,89.0,415
case-000233,Respiratory rate,15.17,8.0,23.0,414
case-000233,Oxygen saturation,94.16,89.0,99.0,369
case-000233,Systolic blood pressure,128.51,91.0,165.0,51
case-000233,Diastolic blood pressure,47.27,24.0,113.0,51
case-000233,Mean arterial pressure,66.25,38.0,119.0,51
case-000234,Heart rate,100.38,91.0,111.0,384
case-000234,Respiratory rate,17.75,13.0,24.0,384
case-000234,Oxygen saturation,94.61,89.0,100.0,384
case-000234,Systolic blood pressure,130.49,102.0,156.0,80
case-000234,Diastolic blood pressure,76.44,61.0,104.0,80
case-000234,Mean arterial pressure,88.46,70.0,110.0,80
case-000235,Heart rate,68.93,55.0,85.0,420
case-000235,Respiratory rate,15.4,1.0,46.0,420
case-000235,Oxygen saturation,96.31,81.0,100.0,267
case-000235,Systolic blood pressure,107.69,74.0,155.0,77
case-000235,Diastolic blood pressure,52.56,29.0,126.0,77
case-000235,Mean arterial pressure,64.94,42.0,134.0,77
case-000236,Heart rate,90.28,74.0,116.0,804
case-000236,Respiratory rate,19.72,9.0,57.0,804
case-000236,Oxygen saturation,94.03,87.0,100.0,801
case-000236,Systolic blood pressure,120.97,92.0,167.0,149
case-000236,Diastolic blood pressure,67.55,46.0,110.0,149
case-000236,Mean arterial pressure,87.15,64.0,122.0,149
case-000237,Heart rate,83.67,68.0,101.0,141
case-000237,Respiratory rate,18.69,11.0,27.0,141
case-000237,Oxygen saturation,94.73,85.0,98.0,141
case-000237,Systolic blood pressure,130.5,116.0,154.0,48
case-000237,Diastolic blood pressure,84.46,76.0,96.0,48
case-000237,Mean arterial pressure,97.77,90.0,108.0,48
case-000238,Heart rate,69.32,57.0,98.0,481
case-000238,Respiratory rate,17.79,14.0,28.0,481
case-000238,Oxygen saturation,95.1,80.0,99.0,457
case-000238,Systolic blood pressure,125.24,79.0,179.0,45
case-000238,Diastolic blood pressure,72.13,46.0,110.0,45
case-000238,Mean arterial pressure,87.07,59.0,116.0,45
case-000239,Heart rate,74.32,65.0,107.0,566
case-000239,Respiratory rate,18.47,10.0,36.0,566
case-000239,Oxygen saturation,96.77,85.0,100.0,560
case-000239,Systolic blood pressure,110.86,76.0,140.0,88
case-000239,Diastolic blood pressure,50.22,36.0,74.0,88
case-000239,Mean arterial pressure,69.89,52.0,111.0,88
case-000240,Heart rate,104.87,82.0,132.0,1439
case-000240,Respiratory rate,21.07,13.0,37.0,1439
case-000240,Oxygen saturation,97.0,92.0,100.0,1445
case-000240,Systolic blood pressure,141.81,104.0,180.0,299
case-000240,Diastolic blood pressure,65.69,42.0,114.0,299
case-000240,Mean arterial pressure,83.66,58.0,118.0,299
case-000241,Heart rate,108.11,73.0,148.0,580
case-000241,Respiratory rate,18.03,11.0,44.0,577
case-000241,Oxygen saturation,96.03,88.0,100.0,436
case-000241,Systolic blood pressure,115.2,87.0,136.0,30
case-000241,Diastolic blood pressure,68.7,52.0,89.0,30
case-000241,Mean arterial pressure,79.37,63.0,100.0,30
case-000242,Heart rate,70.51,70.0,75.0,322
case-000242,Respiratory rate,18.4,9.0,29.0,322
case-000242,Oxygen saturation,96.87,93.0,100.0,322
case-000242,Systolic blood pressure,112.85,82.0,146.0,55
case-000242,Diastolic blood pressure,70.85,53.0,99.0,55
case-000242,Mean arterial pressure,80.53,60.0,108.0,55
case-000243,Heart rate,50.49,40.0,68.0,264
case-000243,Respiratory rate,24.53,20.0,42.0,264
case-000243,Oxygen saturation,92.26,87.0,96.0,251
case-000243,Body temperature,38.29,37.2,38.8,252
case-000243,Systolic blood pressure,109.2,76.0,151.0,88
case-000243,Diastolic blood pressure,56.5,46.0,74.0,88
case-000243,Mean arterial pressure,77.81,60.0,93.0,88
case-000244,Heart rate,86.4,81.0,97.0,159
case-000244,Respiratory rate,17.02,11.0,20.0,159
case-000244,Oxygen saturation,97.32,56.0,100.0,160
case-000244,Systolic blood pressure,138.18,114.0,149.0,76
case-000244,Diastolic blood pressure,73.09,59.0,79.0,76
case-000244,Mean arterial pressure,102.28,76.0,118.0,76
case-000245,Heart rate,92.09,74.0,106.0,267
case-000245,Respiratory rate,21.27,13.0,32.0,267
case-000245,Oxygen saturation,94.44,90.0,99.0,267
case-000245,Systolic blood pressure,129.21,104.0,150.0,24
case-000245,Diastolic blood pressure,78.08,55.0,124.0,24
case-000245,Mean arterial pressure,89.83,69.0,130.0,24
case-000246,Heart rate,72.57,55.0,94.0,357
case-000246,Respiratory rate,21.73,0.0,38.0,357
case-000246,Oxygen saturation,94.87,91.0,99.0,282
case-000246,Systolic blood pressure,110.68,89.0,138.0,25
case-000246,Diastolic blood pressure,57.12,38.0,86.0,25
case-000246,Mean arterial pressure,69.88,52.0,94.0,25
case-000247,Heart rate,101.56,93.0,123.0,255
case-000247,Respiratory rate,22.44,12.0,35.0,255
case-000247,Oxygen saturation,93.59,84.0,98.0,255
case-000247,Systolic blood pressure,102.2,89.0,121.0,66
case-000247,Diastolic blood pressure,63.41,48.0,72.0,66
case-000247,Mean arterial pressure,79.3,63.0,96.0,66
case-000248,Heart rate,105.58,82.0,138.0,346
case-000248,Respiratory rate,22.93,13.0,33.0,346
case-000248,Oxygen saturation,94.73,83.0,99.0,198
case-000248,Systolic blood pressure,113.22,77.0,143.0,124
case-000248,Diastolic blood pressure,41.54,28.0,81.0,124
case-000248,Mean arterial pressure,65.24,47.0,100.0,126
case-000249,Heart rate,73.61,63.0,94.0,449
case-000249,Respiratory rate,20.58,15.0,26.0,449
case-000249,Oxygen saturation,95.88,89.0,100.0,422
case-000249,Systolic blood pressure,121.74,91.0,162.0,35
case-000249,Diastolic blood pressure,51.8,33.0,101.0,35
case-000249,Mean arterial pressure,67.89,52.0,106.0,35
case-000250,Heart rate,77.69,0.0,109.0,376
case-000250,Respiratory rate,19.72,12.0,33.0,368
case-000250,Oxygen saturation,96.22,77.0,100.0,354
case-000250,Systolic blood pressure,97.72,80.0,143.0,67
case-000250,Diastolic blood pressure,60.3,43.0,91.0,67
case-000250,Mean arterial pressure,68.43,46.0,97.0,67
case-000251,Heart rate,75.91,58.0,100.0,1256
case-000251,Respiratory rate,16.58,10.0,31.0,1026
case-000251,Oxygen saturation,97.83,84.0,100.0,1119
case-000251,Systolic blood pressure,88.29,32.0,139.0,168
case-000251,Diastolic blood pressure,60.85,13.0,115.0,168
case-000251,Mean arterial pressure,67.15,18.0,121.0,169
case-000252,Heart rate,66.93,57.0,77.0,299
case-000252,Respiratory rate,16.42,5.0,28.0,292
case-000252,Oxygen saturation,93.26,90.0,97.0,273
case-000252,Systolic blood pressure,116.89,80.0,154.0,47
case-000252,Diastolic blood pressure,57.79,32.0,88.0,47
case-000252,Mean arterial pressure,82.47,60.0,118.0,47
case-000253,Heart rate,75.72,57.0,92.0,828
case-000253,Respiratory rate,18.39,9.0,25.0,722
case-000253,Oxygen saturation,94.23,83.0,99.0,481
case-000253,Systolic blood pressure,128.95,115.0,155.0,38
case-000253,Diastolic blood pressure,77.82,62.0,95.0,38
case-000253,Mean arterial pressure,88.82,77.0,105.0,38
case-000254,Heart rate,107.18,92.0,121.0,489
case-000254,Systolic blood pressure,129.78,55.0,171.0,208
case-000254,Diastolic blood pressure,63.66,41.0,101.0,208
case-000254,Mean arterial pressure,79.28,45.0,300.0,215
case-000254,Respiratory rate,16.68,12.0,31.0,488
case-000254,Oxygen saturation,97.15,94.0,100.0,138
case-000255,Heart rate,78.95,65.0,93.0,442
case-000255,Systolic blood pressure,115.17,87.0,165.0,259
case-000255,Diastolic blood pressure,65.03,46.0,94.0,259
case-000255,Mean arterial pressure,81.64,59.0,120.0,265
case-000255,Respiratory rate,17.45,2.0,35.0,442
case-000255,Oxygen saturation,98.51,93.0,100.0,254
case-000256,Heart rate,87.55,80.0,102.0,301
case-000256,Systolic blood pressure,104.44,82.0,134.0,309
case-000256,Diastolic blood pressure,62.11,34.0,92.0,309
case-000256,Mean arterial pressure,77.22,57.0,110.0,309
case-000256,Respiratory rate,21.97,13.0,40.0,301
case-000256,Oxygen saturation,95.58,88.0,100.0,301
case-000257,Heart rate,78.13,64.0,103.0,454
case-000257,Respiratory rate,18.02,4.0,23.0,454
case-000257,Oxygen saturation,96.47,89.0,100.0,451
case-000257,Systolic blood pressure,111.07,84.0,129.0,69
case-000257,Diastolic blood pressure,53.84,34.0,66.0,69
case-000257,Mean arterial pressure,67.61,46.0,77.0,69
case-000258,Heart rate,98.57,87.0,156.0,401
case-000258,Respiratory rate,18.26,9.0,30.0,396
case-000258,Oxygen saturation,95.73,91.0,100.0,379
case-000258,Systolic blood pressure,129.58,97.0,246.0,38
case-000258,Diastolic blood pressure,76.26,40.0,220.0,38
case-000258,Mean arterial pressure,88.71,58.0,224.0,38
case-000259,Heart rate,68.21,40.0,131.0,1541
case-000259,Respiratory rate,17.38,0.0,29.0,1540
case-000259,Oxygen saturation,94.67,65.0,100.0,1500
case-000259,Systolic blood pressure,116.29,75.0,165.0,155
case-000259,Diastolic blood pressure,66.79,42.0,104.0,155
case-000259,Mean arterial pressure,77.85,54.0,113.0,155
case-000260,Heart rate,57.59,53.0,71.0,134
case-000260,Respiratory rate,20.43,13.0,26.0,112
case-000260,Oxygen saturation,96.38,76.0,100.0,127
case-000260,Systolic blood pressure,133.54,72.0,169.0,37
case-000260,Diastolic blood pressure,68.05,45.0,119.0,37
case-000260,Mean arterial pressure,83.68,51.0,122.0,37
case-000261,Heart rate,77.95,63.0,94.0,282
case-000261,Systolic blood pressure,107.87,64.0,154.0,110
case-000261,Diastolic blood pressure,50.38,37.0,139.0,110
case-000261,Mean arterial pressure,63.95,50.0,144.0,110
case-000261,Respiratory rate,16.88,11.0,23.0,282
case-000261,Oxygen saturation,97.86,91.0,100.0,268
case-000262,Heart rate,57.37,36.0,84.0,456
case-000262,Respiratory rate,16.32,7.0,22.0,456
case-000262,Oxygen saturation,93.55,84.0,97.0,446
case-000262,Systolic blood pressure,128.99,83.0,211.0,99
case-000262,Diastolic blood pressure,43.01,20.0,163.0,99
case-000262,Mean arterial pressure,63.73,37.0,173.0,100
case-000263,Heart rate,97.72,89.0,109.0,168
case-000263,Respiratory rate,23.31,13.0,30.0,168
case-000263,Oxygen saturation,95.73,89.0,100.0,168
case-000263,Systolic blood pressure,109.53,95.0,125.0,15
case-000263,Diastolic blood pressure,52.6,43.0,62.0,15
case-000263,Mean arterial pressure,66.67,59.0,78.0,15
case-000264,Heart rate,75.99,53.0,101.0,986
case-000264,Oxygen saturation,96.7,69.0,100.0,855
case-000264,Systolic blood pressure,109.29,94.0,139.0,93
case-000264,Diastolic blood pressure,67.2,51.0,107.0,93
case-000264,Mean arterial pressure,76.66,64.0,115.0,93
case-000265,Heart rate,68.79,58.0,92.0,333
case-000265,Systolic blood pressure,141.5,100.0,215.0,359
case-000265,Diastolic blood pressure,62.25,35.0,97.0,359
case-000265,Mean arterial pressure,80.78,55.0,136.0,359
case-000265,Respiratory rate,17.75,9.0,28.0,333
case-000265,Oxygen saturation,94.98,92.0,98.0,308
case-000266,Heart rate,91.31,0.0,126.0,702
case-000266,Systolic blood pressure,116.6,14.0,165.0,686
case-000266,Diastolic blood pressure,60.7,11.0,69.0,686
case-000266,Mean arterial pressure,74.2,8.0,98.0,687
case-000266,Respiratory rate,19.99,0.0,25.0,702
case-000266,Oxygen saturation,98.21,86.0,100.0,303
case-000267,Heart rate,90.42,52.0,165.0,1213
case-000267,Systolic blood pressure,120.7,59.0,193.0,973
case-000267,Diastolic blood pressure,64.68,30.0,121.0,973
case-000267,Mean arterial pressure,77.57,37.0,127.0,974
case-000267,Respiratory rate,24.27,15.0,36.0,1208
case-000267,Oxygen saturation,97.84,72.0,100.0,1206
case-000268,Heart rate,84.14,52.0,129.0,1617
case-000268,Systolic blood pressure,125.51,72.0,236.0,1281
case-000268,Diastolic blood pressure,60.32,36.0,111.0,1281
case-000268,Mean arterial pressure,75.76,48.0,295.0,1288
case-000268,Respiratory rate,14.94,0.0,35.0,1614
case-000268,Oxygen saturation,94.2,73.0,100.0,1571
case-000269,Heart rate,64.55,55.0,79.0,260
case-000269,Systolic blood pressure,138.2,95.0,244.0,269
case-000269,Diastolic blood pressure,81.66,61.0,244.0,269
case-000269,Mean arterial pressure,104.37,85.0,244.0,269
case-000269,Respiratory rate,8.35,4.0,20.0,260
case-000269,Oxygen saturation,100.0,99.0,100.0,260
case-000270,Heart rate,96.89,80.0,116.0,187
case-000270,Respiratory rate,21.27,9.0,43.0,187
case-000270,Oxygen saturation,97.23,81.0,100.0,187
case-000270,Systolic blood pressure,110.77,81.0,152.0,30
case-000270,Diastolic blood pressure,55.1,37.0,82.0,30
case-000270,Mean arterial pressure,75.2,52.0,112.0,30
case-000271,Heart rate,87.05,49.0,139.0,1662
case-000271,Systolic blood pressure,122.71,73.0,173.0,980
case-000271,Diastolic blood pressure,62.42,30.0,143.0,980
case-000271,Mean arterial pressure,76.48,51.0,151.0,980
case-000271,Respiratory rate,21.78,0.0,36.0,1662
case-000271,Oxygen saturation,96.12,83.0,100.0,1665
case-000272,Heart rate,72.14,49.0,118.0,1090
case-000272,Respiratory rate,20.55,6.0,33.0,912
case-000272,Oxygen saturation,96.23,87.0,100.0,911
case-000272,Systolic blood pressure,119.86,63.0,176.0,129
case-000272,Diastolic blood pressure,71.05,40.0,136.0,129
case-000272,Mean arterial pressure,93.4,56.0,148.0,129
case-000273,Heart rate,106.35,59.0,155.0,1044
case-000273,Respiratory rate,24.49,0.0,57.0,1045
case-000273,Oxygen saturation,94.1,86.0,99.0,1040
case-000273,Body temperature,37.6,37.2,38.3,969
case-000273,Systolic blood pressure,105.39,49.0,131.0,237
case-000273,Diastolic blood pressure,59.41,34.0,80.0,237
case-000273,Mean arterial pressure,76.87,39.0,97.0,237
case-000274,Heart rate,102.17,56.0,174.0,926
case-000274,Respiratory rate,17.51,6.0,48.0,930
case-000274,Oxygen saturation,97.47,74.0,100.0,924
case-000274,Systolic blood pressure,138.83,53.0,200.0,133
case-000274,Diastolic blood pressure,82.83,36.0,167.0,133
case-000274,Mean arterial pressure,101.2,44.0,182.0,133
case-000275,Heart rate,69.84,68.0,80.0,782
case-000275,Systolic blood pressure,119.18,85.0,156.0,107
case-000275,Diastolic blood pressure,65.91,49.0,86.0,107
case-000275,Mean arterial pressure,88.85,62.0,154.0,108
case-000275,Respiratory rate,18.26,8.0,40.0,782
case-000275,Oxygen saturation,95.57,82.0,100.0,777
case-000276,Heart rate,73.82,59.0,205.0,2020
case-000276,Respiratory rate,14.51,0.0,34.0,2020
case-000276,Oxygen saturation,96.63,83.0,100.0,2011
case-000276,Systolic blood pressure,110.94,58.0,178.0,392
case-000276,Diastolic blood pressure,49.93,10.0,130.0,392
case-000276,Mean arterial pressure,65.28,26.0,187.0,397
case-000277,Heart rate,73.23,70.0,104.0,1261
case-000277,Respiratory rate,17.51,9.0,27.0,1261
case-000277,Oxygen saturation,94.86,56.0,100.0,1221
case-000277,Systolic blood pressure,119.85,69.0,166.0,325
case-000277,Diastolic blood pressure,69.04,37.0,123.0,325
case-000277,Mean arterial pressure,81.21,45.0,130.0,325
case-000278,Heart rate,100.98,73.0,110.0,242
case-000278,Respiratory rate,20.11,14.0,59.0,242
case-000278,Oxygen saturation,97.72,80.0,100.0,242
case-000278,Systolic blood pressure,93.4,72.0,112.0,95
case-000278,Diastolic blood pressure,62.11,50.0,74.0,95
case-000278,Mean arterial pressure,73.09,57.0,88.0,95
case-000279,Heart rate,80.8,64.0,102.0,297
case-000279,Systolic blood pressure,120.33,83.0,160.0,259
case-000279,Diastolic blood pressure,72.5,45.0,128.0,259
case-000279,Mean arterial pressure,83.0,58.0,140.0,259
case-000279,Respiratory rate,16.47,10.0,22.0,297
case-000279,Oxygen saturation,97.93,87.0,100.0,295
case-000280,Heart rate,85.35,64.0,104.0,724
case-000280,Respiratory rate,21.46,0.0,46.0,721
case-000280,Oxygen saturation,99.43,83.0,100.0,690
case-000280,Systolic blood pressure,125.31,91.0,164.0,64
case-000280,Diastolic blood pressure,54.98,39.0,72.0,64
case-000280,Mean arterial pressure,80.62,54.0,114.0,64
case-000281,Heart rate,94.53,80.0,113.0,362
case-000281,Respiratory rate,19.26,13.0,31.0,278
case-000281,Oxygen saturation,96.91,66.0,100.0,274
case-000281,Systolic blood pressure,131.01,73.0,169.0,76
case-000281,Diastolic blood pressure,78.37,46.0,102.0,76
case-000281,Mean arterial pressure,93.3,54.0,116.0,76
case-000282,Heart rate,87.07,76.0,100.0,353
case-000282,Systolic blood pressure,136.23,105.0,202.0,348
case-000282,Diastolic blood pressure,76.19,50.0,91.0,348
case-000282,Mean arterial pressure,95.93,72.0,128.0,348
case-000282,Respiratory rate,18.05,0.0,30.0,353
case-000282,Oxygen saturation,95.7,86.0,100.0,353
case-000283,Heart rate,72.09,60.0,95.0,583
case-000283,Respiratory rate,19.93,14.0,29.0,561
case-000283,Oxygen saturation,94.42,71.0,100.0,552
case-000283,Systolic blood pressure,125.06,66.0,173.0,63
case-000283,Diastolic blood pressure,74.94,36.0,101.0,63
case-000283,Mean arterial pressure,86.07,44.0,117.0,70
case-000284,Heart rate,100.65,81.0,133.0,1775
case-000284,Systolic blood pressure,140.48,63.0,192.0,1802
case-000284,Diastolic blood pressure,60.69,34.0,133.0,1802
case-000284,Mean arterial pressure,79.36,54.0,138.0,1802
case-000284,Respiratory rate,17.68,11.0,35.0,1766
case-000284,Oxygen saturation,98.46,80.0,100.0,1739
case-000285,Heart rate,78.47,61.0,106.0,538
case-000285,Respiratory rate,14.49,7.0,29.0,538
case-000285,Oxygen saturation,99.21,82.0,100.0,531
case-000285,Systolic blood pressure,96.32,75.0,162.0,60
case-000285,Diastolic blood pressure,54.17,37.0,116.0,60
case-000285,Mean arterial pressure,63.15,34.0,125.0,61
case-000286,Heart rate,74.43,48.0,103.0,993
case-000286,Respiratory rate,15.43,9.0,33.0,1001
case-000286,Oxygen saturation,99.6,78.0,100.0,879
case-000286,Body temperature,35.08,23.25,37.3,134
case-000286,Systolic blood pressure,121.46,83.0,170.0,142
case-000286,Diastolic blood pressure,76.27,49.0,133.0,142
case-000286,Mean arterial pressure,93.17,61.0,142.0,142
case-000287,Heart rate,70.47,68.0,138.0,3978
case-000287,Respiratory rate,22.7,11.0,172.0,3978
case-000287,Oxygen saturation,95.6,65.0,100.0,3949
case-000287,Systolic blood pressure,127.87,77.0,194.0,689
case-000287,Diastolic blood pressure,64.92,44.0,139.0,689
case-000287,Mean arterial pressure,89.39,56.0,163.0,689
case-000288,Heart rate,105.01,23.0,164.0,572
case-000288,Respiratory rate,22.57,17.0,49.0,595
case-000288,Oxygen saturation,94.24,22.0,100.0,609
case-000288,Systolic blood pressure,126.34,74.0,194.0,115
case-000288,Diastolic blood pressure,77.13,43.0,121.0,115
case-000288,Mean arterial pressure,92.78,53.0,139.0,115
case-000289,Heart rate,93.17,61.0,126.0,800
case-000289,Respiratory rate,31.86,14.0,59.0,789
case-000289,Oxygen saturation,98.02,72.0,100.0,781
case-000289,Systolic blood pressure,116.79,93.0,161.0,132
case-000289,Diastolic blood pressure,76.39,49.0,112.0,132
case-000289,Mean arterial pressure,94.03,70.0,131.0,132
case-000290,Heart rate,69.36,55.0,97.0,601
case-000290,Respiratory rate,16.87,0.0,25.0,601
case-000290,Oxygen saturation,96.32,93.0,100.0,330
case-000290,Systolic blood pressure,123.28,89.0,180.0,58
case-000290,Diastolic blood pressure,58.95,42.0,117.0,58
case-000290,Mean arterial pressure,77.02,57.0,124.0,58
case-000291,Heart rate,79.25,56.0,134.0,397
case-000291,Oxygen saturation,98.38,95.0,100.0,273
case-000291,Systolic blood pressure,129.09,98.0,170.0,33
case-000291,Diastolic blood pressure,77.88,53.0,161.0,33
case-000291,Mean arterial pressure,101.73,77.0,166.0,33
case-000292,Heart rate,80.56,68.0,99.0,278
case-000292,Respiratory rate,20.71,7.0,28.0,278
case-000292,Oxygen saturation,96.12,93.0,99.0,278
case-000292,Systolic blood pressure,106.57,86.0,120.0,7
case-000292,Diastolic blood pressure,66.43,52.0,76.0,7
case-000292,Mean arterial pressure,74.86,58.0,85.0,7
case-000293,Heart rate,85.93,70.0,109.0,587
case-000293,Respiratory rate,15.18,8.0,29.0,587
case-000293,Oxygen saturation,97.5,83.0,100.0,512
case-000293,Systolic blood pressure,109.97,59.0,162.0,67
case-000293,Diastolic blood pressure,52.49,33.0,111.0,67
case-000293,Mean arterial pressure,73.66,48.0,134.0,67
case-000294,Heart rate,114.93,105.0,133.0,169
case-000294,Oxygen saturation,99.0,99.0,99.0,1
case-000294,Systolic blood pressure,179.89,149.0,195.0,9
case-000294,Diastolic blood pressure,119.44,96.0,130.0,9
case-000294,Mean arterial pressure,138.56,114.0,151.0,9
case-000295,Heart rate,95.88,80.0,125.0,827
case-000295,Oxygen saturation,97.97,61.0,100.0,317
case-000295,Systolic blood pressure,137.64,82.0,206.0,103
case-000295,Diastolic blood pressure,86.69,40.0,142.0,103
case-000295,Mean arterial pressure,102.21,55.0,155.0,104
case-000296,Heart rate,92.44,66.0,174.0,434
case-000296,Respiratory rate,20.96,5.0,36.0,407
case-000296,Oxygen saturation,94.38,89.0,99.0,431
case-000296,Systolic blood pressure,94.38,70.0,140.0,55
case-000296,Diastolic blood pressure,62.49,49.0,84.0,55
case-000296,Mean arterial pressure,73.24,57.0,109.0,55
case-000297,Heart rate,79.11,61.0,95.0,369
case-000297,Respiratory rate,21.53,15.0,28.0,369
case-000297,Oxygen saturation,98.93,91.0,100.0,363
case-000297,Systolic blood pressure,129.62,97.0,153.0,40
case-000297,Diastolic blood pressure,72.33,47.0,122.0,40
case-000297,Mean arterial pressure,86.3,59.0,129.0,40
case-000298,Heart rate,68.11,55.0,91.0,379
case-000298,Systolic blood pressure,95.05,-23.0,145.0,284
case-000298,Diastolic blood pressure,54.13,-23.0,80.0,284
case-000298,Mean arterial pressure,69.77,-23.0,103.0,284
case-000298,Respiratory rate,19.7,13.0,39.0,379
case-000298,Oxygen saturation,97.96,87.0,100.0,378
case-000299,Heart rate,79.11,69.0,96.0,288
case-000299,Systolic blood pressure,118.96,62.0,223.0,205
case-000299,Diastolic blood pressure,59.81,47.0,242.0,205
case-000299,Mean arterial pressure,82.96,61.0,222.0,205
case-000299,Respiratory rate,23.33,15.0,35.0,287
case-000299,Oxygen saturation,95.22,86.0,98.0,288
case-000300,Heart rate,77.83,50.0,130.0,1123
case-000300,Respiratory rate,21.49,9.0,48.0,1158
case-000300,Oxygen saturation,97.26,87.0,100.0,1156
case-000300,Body temperature,37.13,26.2,37.5,611
case-000300,Systolic blood pressure,147.35,99.0,192.0,310
case-000300,Diastolic blood pressure,57.59,41.0,99.0,312
case-000300,Mean arterial pressure,85.42,53.0,131.0,313
case-000301,Heart rate,85.54,59.0,128.0,495
case-000301,Respiratory rate,21.2,0.0,34.0,319
case-000301,Oxygen saturation,96.88,94.0,100.0,495
case-000301,Systolic blood pressure,125.78,93.0,151.0,46
case-000301,Diastolic blood pressure,72.15,51.0,104.0,46
case-000301,Mean arterial pressure,84.3,62.0,108.0,46
case-000302,Heart rate,69.92,69.0,165.0,195
case-000302,Respiratory rate,34.63,26.0,67.0,195
case-000302,Oxygen saturation,95.65,85.0,100.0,193
case-000302,Systolic blood pressure,103.88,92.0,120.0,16
case-000302,Diastolic blood pressure,53.44,51.0,55.0,16
case-000302,Mean arterial pressure,74.56,67.0,79.0,16
case-000303,Heart rate,110.83,87.0,124.0,484
case-000303,Respiratory rate,16.98,13.0,30.0,484
case-000303,Oxygen saturation,99.43,92.0,100.0,473
case-000303,Systolic blood pressure,113.36,76.0,148.0,94
case-000303,Diastolic blood pressure,53.72,35.0,102.0,94
case-000303,Mean arterial pressure,66.88,43.0,107.0,94
case-000304,Heart rate,120.24,111.0,131.0,323
case-000304,Respiratory rate,21.43,17.0,31.0,323
case-000304,Oxygen saturation,96.04,88.0,100.0,323
case-000304,Systolic blood pressure,109.58,80.0,166.0,115
case-000304,Diastolic blood pressure,58.34,40.0,98.0,115
case-000304,Mean arterial pressure,69.54,49.0,103.0,115
case-000305,Heart rate,81.98,62.0,109.0,259
case-000305,Respiratory rate,18.27,11.0,26.0,259
case-000305,Oxygen saturation,95.81,88.0,100.0,258
case-000305,Systolic blood pressure,125.58,97.0,168.0,24
case-000305,Diastolic blood pressure,59.21,36.0,136.0,24
case-000305,Mean arterial pressure,75.21,50.0,143.0,24
case-000306,Heart rate,82.75,75.0,95.0,339
case-000306,Respiratory rate,24.78,18.0,41.0,338
case-000306,Oxygen saturation,97.82,84.0,100.0,294
case-000306,Systolic blood pressure,150.91,123.0,176.0,33
case-000306,Diastolic blood pressure,100.09,73.0,123.0,33
case-000306,Mean arterial pressure,112.39,90.0,135.0,33
case-000307,Heart rate,106.35,76.0,163.0,1164
case-000307,Respiratory rate,22.13,9.0,52.0,1152
case-000307,Oxygen saturation,93.18,86.0,100.0,1093
case-000307,Systolic blood pressure,104.22,75.0,167.0,289
case-000307,Diastolic blood pressure,58.19,35.0,94.0,289
case-000307,Mean arterial pressure,76.42,59.0,118.0,289
case-000308,Heart rate,73.95,52.0,109.0,644
case-000308,Respiratory rate,21.62,14.0,32.0,543
case-000308,Systolic blood pressure,140.0,107.0,181.0,54
case-000308,Diastolic blood pressure,76.17,56.0,144.0,54
case-000308,Mean arterial pressure,91.34,69.0,148.0,56
case-000309,Heart rate,85.52,69.0,108.0,183
case-000309,Respiratory rate,24.88,16.0,75.0,182
case-000309,Oxygen saturation,93.85,79.0,98.0,184
case-000309,Systolic blood pressure,164.95,117.0,208.0,39
case-000309,Diastolic blood pressure,78.85,50.0,187.0,39
case-000309,Mean arterial pressure,110.92,74.0,197.0,40
case-000310,Heart rate,83.85,72.0,145.0,240
case-000310,Respiratory rate,15.61,10.0,25.0,238
case-000310,Oxygen saturation,96.4,92.0,100.0,117
case-000310,Systolic blood pressure,138.1,84.0,177.0,21
case-000310,Diastolic blood pressure,79.48,45.0,119.0,21
case-000310,Mean arterial pressure,93.52,53.0,122.0,21
case-000311,Heart rate,97.71,87.0,111.0,190
case-000311,Respiratory rate,17.12,0.0,47.0,189
case-000311,Oxygen saturation,96.5,91.0,100.0,190
case-000311,Systolic blood pressure,121.36,94.0,162.0,69
case-000311,Diastolic blood pressure,75.7,55.0,127.0,69
case-000311,Mean arterial pressure,95.29,71.0,150.0,69
case-000312,Heart rate,78.81,64.0,107.0,442
case-000312,Respiratory rate,18.65,0.0,28.0,442
case-000312,Oxygen saturation,95.94,77.0,100.0,408
case-000312,Systolic blood pressure,101.6,64.0,148.0,75
case-000312,Diastolic blood pressure,54.41,31.0,85.0,75
case-000312,Mean arterial pressure,65.55,39.0,93.0,75
case-000313,Heart rate,99.03,79.0,131.0,303
case-000313,Respiratory rate,21.74,13.0,30.0,303
case-000313,Oxygen saturation,93.56,84.0,100.0,303
case-000313,Systolic blood pressure,113.66,87.0,138.0,47
case-000313,Diastolic blood pressure,59.91,18.0,94.0,47
case-000313,Mean arterial pressure,72.71,35.0,97.0,48
case-000314,Heart rate,104.65,82.0,151.0,554
case-000314,Respiratory rate,22.0,9.0,33.0,554
case-000314,Oxygen saturation,98.13,78.0,100.0,549
case-000314,Systolic blood pressure,117.75,67.0,174.0,130
case-000314,Diastolic blood pressure,69.92,33.0,128.0,130
case-000314,Mean arterial pressure,80.55,42.0,139.0,130
case-000315,Heart rate,96.05,82.0,108.0,128
case-000315,Oxygen saturation,98.3,96.0,100.0,128
case-000315,Systolic blood pressure,112.79,84.0,146.0,14
case-000315,Diastolic blood pressure,53.14,34.0,64.0,14
case-000315,Mean arterial pressure,72.43,56.0,88.0,14
case-000316,Heart rate,97.63,84.0,121.0,861
case-000316,Respiratory rate,18.17,13.0,26.0,861
case-000316,Oxygen saturation,96.74,90.0,100.0,853
case-000316,Systolic blood pressure,96.44,79.0,128.0,134
case-000316,Diastolic blood pressure,61.48,51.0,92.0,134
case-000316,Mean arterial pressure,72.66,64.0,105.0,134
case-000317,Heart rate,68.89,53.0,104.0,430
case-000317,Respiratory rate,20.97,7.0,64.0,430
case-000317,Oxygen saturation,96.4,91.0,100.0,430
case-000317,Systolic blood pressure,132.39,89.0,185.0,89
case-000317,Diastolic blood pressure,83.78,50.0,118.0,89
case-000317,Mean arterial pressure,105.18,70.0,145.0,89
case-000318,Heart rate,76.65,65.0,93.0,324
case-000318,Respiratory rate,18.23,13.0,26.0,324
case-000318,Oxygen saturation,97.11,92.0,100.0,324
case-000318,Systolic blood pressure,102.38,77.0,136.0,34
case-000318,Diastolic blood pressure,45.53,35.0,60.0,34
case-000318,Mean arterial pressure,58.79,47.0,72.0,34
case-000319,Heart rate,64.26,58.0,73.0,145
case-000319,Respiratory rate,15.33,10.0,19.0,78
case-000319,Oxygen saturation,97.53,94.0,100.0,145
case-000319,Systolic blood pressure,100.63,86.0,117.0,35
case-000319,Diastolic blood pressure,63.2,50.0,76.0,35
case-000319,Mean arterial pressure,72.03,59.0,84.0,35
case-000320,Heart rate,90.05,87.0,97.0,60
case-000320,Respiratory rate,21.43,11.0,28.0,60
case-000320,Oxygen saturation,96.65,92.0,98.0,60
case-000321,Heart rate,68.83,59.0,93.0,1070
case-000321,Respiratory rate,18.7,10.0,34.0,676
case-000321,Oxygen saturation,94.13,67.0,100.0,968
case-000321,Systolic blood pressure,111.61,65.0,140.0,373
case-000321,Diastolic blood pressure,47.86,34.0,97.0,373
case-000321,Mean arterial pressure,63.27,41.0,105.0,373
case-000322,Heart rate,93.83,60.0,120.0,651
case-000322,Systolic blood pressure,129.62,75.0,186.0,369
case-000322,Diastolic blood pressure,63.65,18.0,126.0,369
case-000322,Mean arterial pressure,84.52,38.0,189.0,406
case-000322,Respiratory rate,15.75,8.0,24.0,651
case-000322,Oxygen saturation,94.06,89.0,99.0,647
case-000322,Body temperature,36.19,35.4,36.9,225
case-000323,Heart rate,60.08,47.0,92.0,191
case-000323,Respiratory rate,15.01,10.0,24.0,191
case-000323,Oxygen saturation,97.87,95.0,100.0,191
case-000323,Systolic blood pressure,120.36,92.0,147.0,50
case-000323,Diastolic blood pressure,55.32,39.0,109.0,50
case-000323,Mean arterial pressure,76.1,62.0,114.0,52
case-000324,Heart rate,105.21,96.0,133.0,472
case-000324,Respiratory rate,15.81,10.0,25.0,472
case-000324,Oxygen saturation,99.13,82.0,100.0,397
case-000324,Systolic blood pressure,140.39,120.0,158.0,44
case-000324,Diastolic blood pressure,81.5,64.0,103.0,44
case-000324,Mean arterial pressure,95.36,65.0,115.0,50
case-000325,Heart rate,87.08,86.0,143.0,960
case-000325,Systolic blood pressure,78.88,54.0,128.0,419
case-000325,Diastolic blood pressure,70.39,47.0,106.0,419
case-000325,Mean arterial pressure,40.0,40.0,276.0,458
case-000325,Respiratory rate,22.02,0.0,38.0,958
case-000325,Oxygen saturation,97.62,76.0,100.0,845
case-000326,Heart rate,94.41,70.0,158.0,160
case-000326,Respiratory rate,17.4,7.0,31.0,160
case-000326,Oxygen saturation,95.84,91.0,100.0,160
case-000326,Systolic blood pressure,118.85,91.0,155.0,39
case-000326,Diastolic blood pressure,60.62,40.0,100.0,39
case-000326,Mean arterial pressure,72.82,52.0,104.0,39
case-000327,Heart rate,65.5,51.0,82.0,439
case-000327,Respiratory rate,20.17,15.0,25.0,439
case-000327,Oxygen saturation,97.5,93.0,100.0,395
case-000327,Systolic blood pressure,132.34,112.0,152.0,32
case-000327,Diastolic blood pressure,53.09,37.0,115.0,32
case-000327,Mean arterial pressure,72.62,56.0,119.0,32
case-000328,Heart rate,84.67,74.0,111.0,307
case-000328,Respiratory rate,28.55,10.0,100.0,181
case-000328,Oxygen saturation,92.56,60.0,100.0,440
case-000328,Systolic blood pressure,129.05,86.0,157.0,22
case-000328,Diastolic blood pressure,69.36,53.0,122.0,22
case-000328,Mean arterial pressure,92.0,75.0,133.0,22
case-000329,Heart rate,94.64,85.0,111.0,154
case-000329,Respiratory rate,21.97,18.0,27.0,148
case-000329,Oxygen saturation,93.83,88.0,98.0,154
case-000329,Systolic blood pressure,121.95,85.0,135.0,22
case-000329,Diastolic blood pressure,54.18,36.0,64.0,22
case-000329,Mean arterial pressure,69.14,45.0,81.0,22
case-000330,Heart rate,89.76,74.0,112.0,186
case-000330,Respiratory rate,12.61,10.0,18.0,179
case-000330,Oxygen saturation,93.32,87.0,98.0,189
case-000330,Systolic blood pressure,111.0,96.0,134.0,13
case-000330,Diastolic blood pressure,65.15,56.0,72.0,13
case-000330,Mean arterial pressure,75.31,67.0,83.0,13
case-000331,Heart rate,82.98,70.0,105.0,284
case-000331,Systolic blood pressure,145.82,129.0,205.0,267
case-000331,Diastolic blood pressure,73.07,51.0,91.0,267
case-000331,Mean arterial pressure,91.0,72.0,128.0,267
case-000331,Respiratory rate,15.62,10.0,26.0,284
case-000331,Oxygen saturation,98.15,95.0,100.0,286
case-000332,Heart rate,92.16,0.0,137.0,4542
case-000332,Systolic blood pressure,105.54,54.0,196.0,1067
case-000332,Diastolic blood pressure,66.26,10.0,142.0,1067
case-000332,Mean arterial pressure,75.09,-13.0,145.0,1075
case-000332,Respiratory rate,22.35,0.0,49.0,4469
case-000332,Oxygen saturation,98.49,69.0,100.0,3796
case-000333,Heart rate,70.35,56.0,98.0,1158
case-000333,Respiratory rate,25.22,11.0,40.0,1158
case-000333,Oxygen saturation,98.56,88.0,100.0,1157
case-000333,Body temperature,36.79,13.9,38.2,995
case-000333,Systolic blood pressure,149.29,98.0,183.0,279
case-000333,Diastolic blood pressure,59.3,25.0,121.0,279
case-000333,Mean arterial pressure,89.75,61.0,149.0,280
case-000334,Heart rate,101.93,55.0,139.0,2267
case-000334,Systolic blood pressure,124.94,45.0,175.0,790
case-000334,Diastolic blood pressure,53.19,26.0,148.0,790
case-000334,Mean arterial pressure,69.81,-6.0,291.0,808
case-000334,Respiratory rate,20.38,0.0,60.0,2252
case-000334,Oxygen saturation,93.65,57.0,100.0,2209
case-000335,Heart rate,95.87,80.0,173.0,941
case-000335,Systolic blood pressure,134.39,92.0,234.0,887
case-000335,Diastolic blood pressure,64.73,41.0,203.0,887
case-000335,Mean arterial pressure,91.26,60.0,203.0,887
case-000335,Respiratory rate,19.08,7.0,53.0,937
case-000335,Oxygen saturation,99.12,93.0,100.0,940
case-000336,Heart rate,100.73,0.0,145.0,1981
case-000336,Oxygen saturation,94.69,73.0,100.0,1978
case-000336,Systolic blood pressure,137.39,58.0,185.0,194
case-000336,Diastolic blood pressure,61.42,30.0,163.0,194
case-000336,Mean arterial pressure,83.71,39.0,168.0,194
case-000337,Heart rate,106.16,70.0,150.0,2976
case-000337,Respiratory rate,18.63,0.0,133.0,2935
case-000337,Oxygen saturation,98.15,78.0,100.0,2898
case-000337,Systolic blood pressure,150.46,77.0,257.0,451
case-000337,Diastolic blood pressure,85.42,56.0,151.0,451
case-000337,Mean arterial pressure,111.3,63.0,216.0,454
case-000338,Heart rate,84.45,62.0,132.0,2249
case-000338,Systolic blood pressure,127.88,-44.0,174.0,980
case-000338,Diastolic blood pressure,84.43,-45.0,128.0,980
case-000338,Mean arterial pressure,104.06,-45.0,144.0,980
case-000338,Respiratory rate,26.63,0.0,65.0,2249
case-000338,Oxygen saturation,95.43,73.0,100.0,2230
case-000339,Heart rate,57.97,40.0,93.0,647
case-000339,Systolic blood pressure,98.49,70.0,149.0,436
case-000339,Diastolic blood pressure,49.72,22.0,73.0,436
case-000339,Mean arterial pressure,60.74,36.0,331.0,439
case-000339,Respiratory rate,15.85,0.0,21.0,647
case-000339,Oxygen saturation,98.53,79.0,100.0,629
case-000340,Heart rate,84.29,67.0,118.0,642
case-000340,Respiratory rate,17.25,10.0,31.0,625
case-000340,Oxygen saturation,98.45,91.0,100.0,627
case-000340,Systolic blood pressure,117.57,90.0,143.0,53
case-000340,Diastolic blood pressure,57.49,43.0,77.0,53
case-000340,Mean arterial pressure,78.4,60.0,100.0,53
case-000341,Heart rate,89.34,56.0,130.0,1964
case-000341,Systolic blood pressure,116.44,68.0,230.0,1966
case-000341,Diastolic blood pressure,69.39,42.0,162.0,1966
case-000341,Mean arterial pressure,86.51,55.0,192.0,1967
case-000341,Respiratory rate,16.69,0.0,32.0,1846
case-000341,Oxygen saturation,98.06,86.0,100.0,1892
case-000342,Heart rate,88.96,74.0,128.0,884
case-000342,Respiratory rate,16.99,0.0,40.0,884
case-000342,Oxygen saturation,98.63,92.0,100.0,801
case-000342,Systolic blood pressure,136.32,103.0,196.0,77
case-000342,Diastolic blood pressure,74.38,43.0,128.0,77
case-000342,Mean arterial pressure,95.39,68.0,146.0,77
case-000343,Heart rate,88.03,64.0,129.0,967
case-000343,Systolic blood pressure,146.1,75.0,211.0,406
case-000343,Diastolic blood pressure,73.96,50.0,211.0,406
case-000343,Mean arterial pressure,101.94,72.0,211.0,406
case-000343,Respiratory rate,15.76,7.0,34.0,572
case-000343,Oxygen saturation,94.85,86.0,99.0,565
case-000344,Heart rate,83.88,61.0,114.0,519
case-000344,Systolic blood pressure,108.63,72.0,280.0,526
case-000344,Diastolic blood pressure,65.84,42.0,153.0,526
case-000344,Mean arterial pressure,75.79,51.0,205.0,526
case-000344,Respiratory rate,21.01,13.0,33.0,519
case-000344,Oxygen saturation,97.23,67.0,100.0,515
case-000345,Heart rate,72.36,49.0,96.0,916
case-000345,Systolic blood pressure,113.45,64.0,290.0,883
case-000345,Diastolic blood pressure,62.39,36.0,201.0,883
case-000345,Mean arterial pressure,74.34,45.0,249.0,913
case-000345,Respiratory rate,20.61,0.0,29.0,916
case-000345,Oxygen saturation,96.68,9.0,100.0,851
case-000346,Heart rate,126.93,84.0,143.0,239
case-000346,Systolic blood pressure,107.69,46.0,169.0,265
case-000346,Diastolic blood pressure,66.81,25.0,110.0,265
case-000346,Mean arterial pressure,80.73,30.0,122.0,265
case-000346,Respiratory rate,31.26,11.0,63.0,216
case-000346,Oxygen saturation,95.92,73.0,99.0,228
case-000347,Heart rate,114.87,71.0,159.0,558
case-000347,Respiratory rate,19.54,8.0,48.0,558
case-000347,Oxygen saturation,98.77,78.0,100.0,558
case-000347,Systolic blood pressure,131.91,78.0,165.0,128
case-000347,Diastolic blood pressure,64.53,45.0,106.0,128
case-000347,Mean arterial pressure,89.64,61.0,122.0,128
case-000348,Heart rate,96.81,66.0,128.0,916
case-000348,Respiratory rate,18.14,11.0,34.0,916
case-000348,Oxygen saturation,96.08,90.0,100.0,910
case-000348,Systolic blood pressure,126.11,98.0,144.0,91
case-000348,Diastolic blood pressure,70.52,53.0,96.0,91
case-000348,Mean arterial pressure,90.31,72.0,106.0,91
case-000349,Heart rate,76.78,67.0,89.0,311
case-000349,Respiratory rate,14.53,9.0,28.0,311
case-000349,Oxygen saturation,96.89,88.0,100.0,256
case-000349,Systolic blood pressure,140.12,97.0,172.0,32
case-000349,Diastolic blood pressure,64.97,50.0,120.0,32
case-000349,Mean arterial pressure,97.19,67.0,129.0,32
case-000350,Heart rate,79.94,64.0,98.0,583
case-000350,Systolic blood pressure,129.2,84.0,224.0,552
case-000350,Diastolic blood pressure,71.65,44.0,123.0,552
case-000350,Mean arterial pressure,85.1,61.0,163.0,552
case-000350,Respiratory rate,18.82,3.0,30.0,583
case-000350,Oxygen saturation,97.12,61.0,100.0,573
case-000351,Heart rate,103.14,71.0,122.0,490
case-000351,Systolic blood pressure,163.37,80.0,227.0,486
case-000351,Diastolic blood pressure,73.19,41.0,220.0,486
case-000351,Mean arterial pressure,102.93,63.0,223.0,486
case-000351,Respiratory rate,16.61,11.0,27.0,490
case-000351,Oxygen saturation,96.25,77.0,100.0,491
case-000352,Heart rate,67.72,36.0,109.0,999
case-000352,Respiratory rate,17.4,6.0,23.0,999
case-000352,Oxygen saturation,97.26,75.0,100.0,935
case-000352,Systolic blood pressure,106.93,62.0,138.0,89
case-000352,Diastolic blood pressure,57.96,33.0,91.0,89
case-000352,Mean arterial pressure,69.9,37.0,126.0,112
case-000353,Heart rate,70.66,35.0,99.0,1096
case-000353,Systolic blood pressure,127.59,65.0,174.0,1153
case-000353,Diastolic blood pressure,60.7,32.0,154.0,1153
case-000353,Mean arterial pressure,86.03,45.0,154.0,1153
case-000353,Respiratory rate,19.8,7.0,43.0,1096
case-000353,Oxygen saturation,97.34,90.0,100.0,1088
case-000354,Heart rate,109.41,96.0,124.0,338
case-000354,Respiratory rate,38.6,18.0,88.0,334
case-000354,Oxygen saturation,92.99,84.0,99.0,339
case-000354,Systolic blood pressure,99.42,70.0,124.0,62
case-000354,Diastolic blood pressure,57.92,39.0,76.0,62
case-000354,Mean arterial pressure,75.48,50.0,98.0,62
case-000355,Heart rate,96.74,81.0,117.0,401
case-000355,Respiratory rate,17.82,13.0,25.0,384
case-000355,Oxygen saturation,93.64,87.0,97.0,398
case-000355,Systolic blood pressure,110.21,77.0,147.0,72
case-000355,Diastolic blood pressure,67.72,43.0,97.0,72
case-000355,Mean arterial pressure,77.14,54.0,108.0,72
case-000356,Heart rate,84.56,61.0,124.0,571
case-000356,Respiratory rate,19.39,11.0,33.0,567
case-000356,Oxygen saturation,94.29,69.0,100.0,455
case-000356,Systolic blood pressure,125.9,85.0,163.0,42
case-000356,Diastolic blood pressure,72.5,42.0,103.0,42
case-000356,Mean arterial pressure,84.96,46.0,116.0,47
case-000357,Heart rate,70.96,53.0,104.0,424
case-000357,Oxygen saturation,99.91,99.0,100.0,209
case-000357,Systolic blood pressure,106.66,85.0,147.0,35
case-000357,Diastolic blood pressure,64.4,48.0,83.0,35
case-000357,Mean arterial pressure,73.8,56.0,89.0,35
case-000358,Heart rate,69.13,40.0,99.0,974
case-000358,Systolic blood pressure,99.0,64.0,162.0,777
case-000358,Diastolic blood pressure,56.61,37.0,92.0,777
case-000358,Mean arterial pressure,68.72,37.0,117.0,786
case-000358,Respiratory rate,14.85,4.0,24.0,970
case-000358,Oxygen saturation,96.28,89.0,100.0,960
case-000359,Heart rate,72.41,61.0,102.0,262
case-000359,Respiratory rate,20.33,5.0,29.0,261
case-000359,Oxygen saturation,96.41,79.0,100.0,262
case-000359,Systolic blood pressure,143.15,121.0,174.0,88
case-000359,Diastolic blood pressure,52.15,35.0,79.0,88
case-000359,Mean arterial pressure,74.33,59.0,90.0,88
case-000360,Heart rate,72.63,53.0,92.0,356
case-000360,Oxygen saturation,97.6,94.0,100.0,356
case-000360,Systolic blood pressure,110.58,94.0,127.0,19
case-000360,Diastolic blood pressure,55.84,33.0,78.0,19
case-000360,Mean arterial pressure,72.53,52.0,92.0,19
case-000361,Heart rate,101.33,92.0,117.0,293
case-000361,Respiratory rate,28.46,0.0,50.0,203
case-000361,Oxygen saturation,97.19,91.0,100.0,207
case-000361,Systolic blood pressure,120.29,91.0,151.0,14
case-000361,Diastolic blood pressure,58.79,51.0,70.0,14
case-000361,Mean arterial pressure,81.86,71.0,99.0,14
case-000362,Heart rate,91.9,73.0,124.0,274
case-000362,Respiratory rate,21.8,16.0,31.0,274
case-000362,Oxygen saturation,92.29,90.0,98.0,274
case-000362,Systolic blood pressure,135.62,60.0,181.0,72
case-000362,Diastolic blood pressure,82.54,33.0,135.0,72
case-000362,Mean arterial pressure,93.99,38.0,139.0,73
case-000363,Heart rate,76.54,53.0,107.0,590
case-000363,Respiratory rate,18.53,7.0,26.0,562
case-000363,Oxygen saturation,97.02,89.0,100.0,544
case-000363,Systolic blood pressure,164.88,121.0,199.0,68
case-000363,Diastolic blood pressure,83.63,58.0,118.0,68
case-000363,Mean arterial pressure,103.25,72.0,137.0,68
case-000364,Heart rate,60.55,48.0,105.0,419
case-000364,Respiratory rate,13.15,0.0,23.0,369
case-000364,Oxygen saturation,97.16,93.0,100.0,252
case-000364,Systolic blood pressure,128.36,88.0,162.0,28
case-000364,Diastolic blood pressure,48.79,37.0,82.0,28
case-000364,Mean arterial pressure,75.93,58.0,112.0,28
case-000365,Heart rate,94.22,13.0,124.0,611
case-000365,Respiratory rate,17.6,0.0,33.0,560
case-000365,Oxygen saturation,98.3,95.0,100.0,611
case-000365,Systolic blood pressure,145.43,72.0,223.0,158
case-000365,Diastolic blood pressure,84.85,34.0,141.0,158
case-000365,Mean arterial pressure,98.99,44.0,156.0,158
case-000366,Heart rate,103.0,92.0,124.0,114
case-000366,Respiratory rate,19.2,15.0,22.0,114
case-000366,Oxygen saturation,98.3,78.0,100.0,114
case-000366,Systolic blood pressure,79.31,64.0,93.0,39
case-000366,Diastolic blood pressure,43.21,33.0,56.0,39
case-000366,Mean arterial pressure,51.38,41.0,65.0,39
case-000367,Heart rate,71.58,54.0,99.0,822
case-000367,Respiratory rate,22.17,14.0,50.0,669
case-000367,Oxygen saturation,97.81,84.0,100.0,677
case-000367,Systolic blood pressure,135.91,103.0,170.0,116
case-000367,Diastolic blood pressure,64.58,54.0,111.0,116
case-000367,Mean arterial pressure,90.86,75.0,122.0,116
case-000368,Heart rate,94.06,74.0,136.0,777
case-000368,Respiratory rate,22.07,12.0,33.0,771
case-000368,Oxygen saturation,96.64,86.0,100.0,773
case-000368,Systolic blood pressure,103.48,62.0,167.0,255
case-000368,Diastolic blood pressure,49.09,26.0,88.0,255
case-000368,Mean arterial pressure,62.07,36.0,104.0,255
case-000369,Heart rate,101.95,85.0,117.0,250
case-000369,Respiratory rate,27.56,16.0,38.0,249
case-000369,Oxygen saturation,92.54,85.0,100.0,258
case-000369,Systolic blood pressure,157.57,102.0,230.0,54
case-000369,Diastolic blood pressure,86.76,35.0,114.0,54
case-000369,Mean arterial pressure,111.5,72.0,132.0,54
case-000370,Heart rate,109.0,68.0,138.0,694
case-000370,Respiratory rate,21.82,0.0,39.0,693
case-000370,Oxygen saturation,94.99,40.0,100.0,691
case-000370,Systolic blood pressure,117.54,62.0,181.0,222
case-000370,Diastolic blood pressure,61.77,32.0,153.0,222
case-000370,Mean arterial pressure,74.57,45.0,161.0,222
case-000371,Heart rate,78.11,64.0,98.0,506
case-000371,Respiratory rate,18.17,9.0,38.0,506
case-000371,Oxygen saturation,96.03,73.0,100.0,450
case-000371,Systolic blood pressure,97.73,67.0,120.0,90
case-000371,Diastolic blood pressure,64.52,42.0,107.0,90
case-000371,Mean arterial pressure,77.82,48.0,111.0,90
case-000372,Heart rate,87.01,64.0,103.0,232
case-000372,Respiratory rate,20.85,16.0,38.0,171
case-000372,Oxygen saturation,93.48,77.0,100.0,231
case-000372,Systolic blood pressure,111.13,96.0,124.0,23
case-000372,Diastolic blood pressure,57.91,43.0,68.0,23
case-000372,Mean arterial pressure,71.28,56.0,83.0,25
case-000373,Heart rate,82.56,58.0,106.0,308
case-000373,Respiratory rate,29.23,13.0,72.0,308
case-000373,Oxygen saturation,99.18,84.0,100.0,308
case-000373,Systolic blood pressure,156.34,103.0,181.0,94
case-000373,Diastolic blood pressure,73.16,55.0,110.0,94
case-000373,Mean arterial pressure,98.78,75.0,144.0,94
case-000374,Heart rate,100.74,72.0,125.0,980
case-000374,Respiratory rate,23.98,17.0,32.0,980
case-000374,Oxygen saturation,97.51,75.0,100.0,970
case-000374,Systolic blood pressure,131.0,54.0,183.0,105
case-000374,Diastolic blood pressure,84.18,33.0,142.0,105
case-000374,Mean arterial pressure,94.82,38.0,152.0,105
case-000375,Heart rate,63.14,52.0,78.0,585
case-000375,Respiratory rate,19.28,13.0,36.0,585
case-000375,Oxygen saturation,98.8,97.0,100.0,69
case-000375,Systolic blood pressure,173.42,126.0,207.0,103
case-000375,Diastolic blood pressure,76.55,58.0,99.0,103
case-000375,Mean arterial pressure,115.67,86.0,154.0,103
case-000376,Heart rate,62.46,55.0,73.0,229
case-000376,Respiratory rate,15.27,11.0,28.0,229
case-000376,Oxygen saturation,95.96,93.0,99.0,227
case-000376,Systolic blood pressure,149.26,97.0,212.0,58
case-000376,Diastolic blood pressure,50.93,37.0,79.0,58
case-000376,Mean arterial pressure,75.8,60.0,127.0,59
case-000377,Heart rate,95.21,84.0,112.0,173
case-000377,Respiratory rate,18.9,13.0,25.0,173
case-000377,Oxygen saturation,92.69,90.0,95.0,170
case-000377,Systolic blood pressure,126.39,85.0,147.0,36
case-000377,Diastolic blood pressure,74.14,40.0,114.0,36
case-000377,Mean arterial pressure,85.08,52.0,119.0,36
case-000378,Heart rate,72.14,56.0,117.0,512
case-000378,Respiratory rate,14.61,9.0,24.0,512
case-000378,Oxygen saturation,93.87,88.0,98.0,507
case-000378,Systolic blood pressure,119.56,100.0,144.0,43
case-000378,Diastolic blood pressure,69.84,55.0,95.0,43
case-000378,Mean arterial pressure,84.07,71.0,106.0,43
case-000379,Heart rate,80.14,68.0,105.0,153
case-000379,Respiratory rate,17.98,12.0,24.0,153
case-000379,Oxygen saturation,98.34,93.0,100.0,152
case-000379,Systolic blood pressure,121.7,103.0,148.0,40
case-000379,Diastolic blood pressure,58.52,42.0,96.0,40
case-000379,Mean arterial pressure,73.33,58.0,104.0,40
case-000380,Heart rate,71.75,63.0,95.0,97
case-000380,Respiratory rate,17.42,11.0,38.0,97
case-000380,Oxygen saturation,96.51,94.0,99.0,91
case-000380,Systolic blood pressure,140.6,93.0,156.0,10
case-000380,Diastolic blood pressure,69.4,51.0,80.0,10
case-000380,Mean arterial pressure,96.7,67.0,107.0,10
case-000381,Heart rate,114.15,0.0,145.0,5018
case-000381,Systolic blood pressure,118.98,39.0,208.0,4626
case-000381,Diastolic blood pressure,53.32,18.0,184.0,4626
case-000381,Mean arterial pressure,68.37,0.0,269.0,4841
case-000381,Respiratory rate,23.51,0.0,46.0,1103
case-000381,Oxygen saturation,94.13,36.0,100.0,4929
case-000382,Heart rate,69.5,52.0,89.0,634
case-000382,Respiratory rate,20.0,0.0,31.0,634
case-000382,Oxygen saturation,96.05,72.0,100.0,614
case-000382,Systolic blood pressure,138.69,77.0,164.0,124
case-000382,Diastolic blood pressure,60.65,29.0,132.0,124
case-000382,Mean arterial pressure,77.87,41.0,139.0,124
case-000383,Heart rate,78.97,65.0,100.0,341
case-000383,Systolic blood pressure,151.03,46.0,208.0,358
case-000383,Diastolic blood pressure,67.79,42.0,187.0,358
case-000383,Mean arterial pressure,96.71,46.0,187.0,358
case-000383,Respiratory rate,18.18,10.0,36.0,341
case-000383,Oxygen saturation,97.9,84.0,100.0,341
case-000384,Heart rate,93.94,81.0,117.0,670
case-000384,Respiratory rate,32.37,16.0,50.0,670
case-000384,Oxygen saturation,94.69,88.0,100.0,276
case-000384,Systolic blood pressure,94.39,75.0,121.0,54
case-000384,Diastolic blood pressure,50.91,37.0,69.0,54
case-000384,Mean arterial pressure,67.44,50.0,92.0,54
case-000385,Heart rate,68.06,62.0,79.0,562
case-000385,Respiratory rate,19.3,0.0,29.0,549
case-000385,Oxygen saturation,95.21,86.0,100.0,562
case-000385,Systolic blood pressure,112.52,59.0,129.0,48
case-000385,Diastolic blood pressure,59.58,35.0,75.0,48
case-000385,Mean arterial pressure,72.48,38.0,87.0,48
case-000386,Heart rate,82.96,70.0,104.0,1142
case-000386,Respiratory rate,29.31,0.0,59.0,1142
case-000386,Oxygen saturation,98.44,85.0,100.0,1142
case-000386,Systolic blood pressure,109.93,81.0,179.0,225
case-000386,Diastolic blood pressure,55.39,43.0,94.0,225
case-000386,Mean arterial pressure,77.44,60.0,110.0,225
case-000387,Heart rate,82.38,73.0,101.0,753
case-000387,Respiratory rate,14.9,0.0,49.0,751
case-000387,Oxygen saturation,96.91,82.0,100.0,753
case-000387,Systolic blood pressure,120.19,62.0,172.0,199
case-000387,Diastolic blood pressure,50.72,23.0,93.0,199
case-000387,Mean arterial pressure,70.68,31.0,110.0,199
case-000388,Heart rate,64.96,45.0,99.0,824
case-000388,Respiratory rate,21.71,0.0,31.0,806
case-000388,Oxygen saturation,96.83,92.0,100.0,602
case-000388,Systolic blood pressure,87.55,53.0,121.0,191
case-000388,Diastolic blood pressure,51.73,31.0,85.0,191
case-000388,Mean arterial pressure,59.75,37.0,90.0,191
case-000389,Heart rate,81.73,65.0,118.0,997
case-000389,Respiratory rate,23.31,11.0,33.0,997
case-000389,Oxygen saturation,94.4,85.0,100.0,840
case-000389,Systolic blood pressure,128.67,65.0,166.0,106
case-000389,Diastolic blood pressure,77.01,29.0,115.0,106
case-000389,Mean arterial pressure,89.48,46.0,122.0,108
case-000390,Heart rate,80.34,56.0,120.0,2428
case-000390,Respiratory rate,21.74,0.0,56.0,2428
case-000390,Oxygen saturation,98.4,89.0,100.0,2428
case-000390,Systolic blood pressure,134.1,92.0,195.0,332
case-000390,Diastolic blood pressure,63.82,50.0,94.0,332
case-000390,Mean arterial pressure,90.64,65.0,124.0,332
case-000391,Heart rate,103.62,77.0,149.0,810
case-000391,Respiratory rate,17.58,7.0,30.0,810
case-000391,Oxygen saturation,95.8,75.0,100.0,797
case-000391,Systolic blood pressure,101.79,58.0,136.0,280
case-000391,Diastolic blood pressure,56.96,15.0,115.0,280
case-000391,Mean arterial pressure,68.13,28.0,120.0,303
case-000392,Heart rate,59.52,44.0,78.0,1030
case-000392,Respiratory rate,17.82,0.0,28.0,974
case-000392,Oxygen saturation,96.52,70.0,100.0,404
case-000392,Systolic blood pressure,170.05,136.0,192.0,21
case-000392,Diastolic blood pressure,64.81,57.0,106.0,21
case-000392,Mean arterial pressure,89.45,75.0,114.0,22
case-000393,Heart rate,85.46,58.0,130.0,225
case-000393,Systolic blood pressure,99.57,81.0,138.0,114
case-000393,Diastolic blood pressure,61.21,39.0,87.0,114
case-000393,Mean arterial pressure,76.43,56.0,118.0,114
case-000393,Respiratory rate,16.81,8.0,46.0,225
case-000393,Oxygen saturation,95.51,64.0,100.0,79
case-000394,Heart rate,80.26,80.0,85.0,300
case-000394,Systolic blood pressure,106.42,72.0,142.0,288
case-000394,Diastolic blood pressure,53.71,40.0,133.0,288
case-000394,Mean arterial pressure,66.31,22.0,234.0,292
case-000394,Respiratory rate,23.27,17.0,34.0,300
case-000394,Oxygen saturation,98.22,89.0,100.0,301
case-000395,Heart rate,71.83,64.0,82.0,309
case-000395,Respiratory rate,19.23,15.0,30.0,309
case-000395,Oxygen saturation,97.21,94.0,100.0,199
case-000395,Systolic blood pressure,115.12,77.0,141.0,32
case-000395,Diastolic blood pressure,67.22,44.0,89.0,32
case-000395,Mean arterial pressure,82.34,62.0,103.0,32
case-000396,Heart rate,76.14,66.0,94.0,407
case-000396,Respiratory rate,23.0,17.0,50.0,368
case-000396,Oxygen saturation,93.85,81.0,100.0,305
case-000396,Systolic blood pressure,108.49,89.0,128.0,47
case-000396,Diastolic blood pressure,57.96,43.0,86.0,47
case-000396,Mean arterial pressure,70.17,56.0,91.0,47
case-000397,Heart rate,73.33,58.0,100.0,288
case-000397,Respiratory rate,20.83,7.0,37.0,288
case-000397,Oxygen saturation,97.27,82.0,100.0,288
case-000397,Systolic blood pressure,124.0,73.0,161.0,51
case-000397,Diastolic blood pressure,55.49,41.0,105.0,51
case-000397,Mean arterial pressure,76.63,51.0,128.0,51
case-000398,Heart rate,67.82,58.0,83.0,267
case-000398,Respiratory rate,15.31,11.0,20.0,267
case-000398,Oxygen saturation,97.06,90.0,100.0,266
case-000398,Systolic blood pressure,106.12,76.0,140.0,42
case-000398,Diastolic blood pressure,53.6,34.0,84.0,42
case-000398,Mean arterial pressure,65.21,44.0,90.0,42
case-000399,Heart rate,109.5,89.0,133.0,1094
case-000399,Respiratory rate,22.07,11.0,33.0,1094
case-000399,Oxygen saturation,97.81,93.0,100.0,1094
case-000399,Systolic blood pressure,112.94,59.0,161.0,186
case-000399,Diastolic blood pressure,66.76,35.0,113.0,186
case-000399,Mean arterial pressure,77.59,46.0,121.0,187
case-000400,Heart rate,97.68,79.0,114.0,603
case-000400,Systolic blood pressure,119.53,67.0,166.0,596
case-000400,Diastolic blood pressure,64.18,44.0,113.0,596
case-000400,Mean arterial pressure,77.16,52.0,117.0,596
case-000400,Respiratory rate,20.23,5.0,31.0,603
case-000400,Oxygen saturation,97.12,87.0,100.0,601
case-000401,Heart rate,88.79,71.0,110.0,447
case-000401,Systolic blood pressure,116.78,74.0,243.0,681
case-000401,Diastolic blood pressure,48.62,29.0,68.0,681
case-000401,Mean arterial pressure,79.71,43.0,208.0,681
case-000401,Respiratory rate,17.02,9.0,112.0,535
case-000401,Oxygen saturation,96.51,88.0,100.0,533
case-000401,Body temperature,37.52,36.1,38.4,500
case-000402,Heart rate,89.14,78.0,109.0,200
case-000402,Respiratory rate,19.06,14.0,24.0,199
case-000402,Oxygen saturation,94.83,90.0,100.0,200
case-000402,Systolic blood pressure,111.58,72.0,153.0,67
case-000402,Diastolic blood pressure,58.34,31.0,84.0,67
case-000402,Mean arterial pressure,70.27,36.0,90.0,67
case-000403,Heart rate,78.5,72.0,87.0,20
case-000403,Respiratory rate,22.7,14.0,57.0,20
case-000403,Oxygen saturation,95.5,93.0,99.0,20
case-000403,Systolic blood pressure,140.8,113.0,163.0,10
case-000403,Diastolic blood pressure,90.8,41.0,115.0,10
case-000403,Mean arterial pressure,109.0,66.0,134.0,10
case-000404,Heart rate,94.98,67.0,180.0,983
case-000404,Respiratory rate,19.55,10.0,37.0,996
case-000404,Oxygen saturation,96.03,81.0,100.0,999
case-000404,Systolic blood pressure,129.23,95.0,214.0,233
case-000404,Diastolic blood pressure,74.13,48.0,118.0,233
case-000404,Mean arterial pressure,95.87,66.0,133.0,233
case-000405,Heart rate,97.02,26.0,118.0,123
case-000405,Respiratory rate,23.89,1.0,30.0,123
case-000405,Oxygen saturation,92.53,52.0,100.0,122
case-000405,Systolic blood pressure,90.65,44.0,135.0,68
case-000405,Diastolic blood pressure,45.99,11.0,109.0,68
case-000405,Mean arterial pressure,55.62,16.0,116.0,69
case-000406,Heart rate,105.15,87.0,126.0,531
case-000406,Respiratory rate,18.1,10.0,30.0,505
case-000406,Oxygen saturation,95.04,86.0,100.0,529
case-000406,Systolic blood pressure,110.31,33.0,161.0,109
case-000406,Diastolic blood pressure,65.39,19.0,117.0,109
case-000406,Mean arterial pressure,75.05,23.0,128.0,110
case-000407,Heart rate,86.05,74.0,100.0,237
case-000407,Respiratory rate,20.96,6.0,44.0,223
case-000407,Oxygen saturation,94.0,85.0,96.0,49
case-000407,Systolic blood pressure,152.56,124.0,176.0,16
case-000407,Diastolic blood pressure,72.94,50.0,91.0,16
case-000407,Mean arterial pressure,96.25,75.0,115.0,16
case-000408,Heart rate,61.38,54.0,78.0,556
case-000408,Systolic blood pressure,104.78,59.0,176.0,158
case-000408,Diastolic blood pressure,54.43,29.0,139.0,158
case-000408,Mean arterial pressure,65.78,35.0,143.0,158
case-000408,Respiratory rate,17.37,0.0,28.0,550
case-000408,Oxygen saturation,96.42,88.0,99.0,555
case-000409,Heart rate,83.75,73.0,94.0,321
case-000409,Systolic blood pressure,162.0,92.0,166.0,305
case-000409,Diastolic blood pressure,78.0,48.0,83.0,305
case-000409,Mean arterial pressure,97.0,63.0,267.0,306
case-000409,Respiratory rate,20.14,10.0,29.0,321
case-000409,Oxygen saturation,96.57,93.0,100.0,319
case-000410,Heart rate,79.99,59.0,110.0,101
case-000410,Respiratory rate,18.65,14.0,55.0,101
case-000410,Oxygen saturation,97.15,95.0,100.0,101
case-000410,Systolic blood pressure,96.14,80.0,130.0,37
case-000410,Diastolic blood pressure,56.84,45.0,76.0,37
case-000410,Mean arterial pressure,71.3,59.0,98.0,37
case-000411,Heart rate,73.2,57.0,100.0,315
case-000411,Respiratory rate,20.38,15.0,26.0,315
case-000411,Oxygen saturation,98.79,61.0,100.0,289
case-000411,Systolic blood pressure,131.19,106.0,159.0,67
case-000411,Diastolic blood pressure,70.37,41.0,106.0,67
case-000411,Mean arterial pressure,85.09,59.0,112.0,67
case-000412,Heart rate,69.18,46.0,118.0,843
case-000412,Respiratory rate,21.86,15.0,30.0,820
case-000412,Oxygen saturation,98.49,86.0,100.0,843
case-000412,Systolic blood pressure,135.39,78.0,187.0,93
case-000412,Diastolic blood pressure,70.32,44.0,114.0,93
case-000412,Mean arterial pressure,85.78,56.0,124.0,93
case-000413,Heart rate,81.35,0.0,104.0,269
case-000413,Respiratory rate,27.32,0.0,44.0,269
case-000413,Oxygen saturation,93.95,41.0,100.0,198
case-000413,Systolic blood pressure,107.23,72.0,208.0,98
case-000413,Diastolic blood pressure,72.34,40.0,181.0,98
case-000413,Mean arterial pressure,80.26,49.0,187.0,98
case-000414,Heart rate,103.14,53.0,126.0,300
case-000414,Respiratory rate,18.69,12.0,27.0,300
case-000414,Oxygen saturation,96.34,81.0,100.0,297
case-000414,Systolic blood pressure,137.74,102.0,170.0,31
case-000414,Diastolic blood pressure,81.71,56.0,124.0,31
case-000414,Mean arterial pressure,94.68,67.0,129.0,31
case-000415,Heart rate,58.54,46.0,96.0,832
case-000415,Respiratory rate,13.65,0.0,29.0,736
case-000415,Oxygen saturation,98.86,75.0,100.0,831
case-000415,Systolic blood pressure,126.88,105.0,153.0,99
case-000415,Diastolic blood pressure,74.63,57.0,95.0,99
case-000415,Mean arterial pressure,89.51,72.0,110.0,99
case-000416,Heart rate,97.47,67.0,160.0,1154
case-000416,Systolic blood pressure,116.56,65.0,229.0,1181
case-000416,Diastolic blood pressure,57.79,35.0,185.0,1181
case-000416,Mean arterial pressure,81.7,46.0,185.0,1181
case-000416,Respiratory rate,23.47,0.0,75.0,1151
case-000416,Oxygen saturation,95.77,88.0,100.0,1062
case-000417,Heart rate,89.3,77.0,124.0,1111
case-000417,Systolic blood pressure,99.17,68.0,128.0,591
case-000417,Diastolic blood pressure,60.15,20.0,76.0,591
case-000417,Mean arterial pressure,69.75,33.0,207.0,597
case-000417,Respiratory rate,18.6,0.0,31.0,1079
case-000417,Oxygen saturation,98.48,86.0,100.0,1076
case-000418,Heart rate,64.15,47.0,87.0,1680
case-000418,Systolic blood pressure,112.94,77.0,158.0,1697
case-000418,Diastolic blood pressure,58.06,38.0,77.0,1697
case-000418,Mean arterial pressure,70.24,55.0,197.0,1698
case-000418,Respiratory rate,17.94,0.0,30.0,1680
case-000418,Oxygen saturation,98.06,92.0,100.0,1683
case-000419,Heart rate,53.46,34.0,84.0,647
case-000419,Respiratory rate,16.15,0.0,29.0,647
case-000419,Oxygen saturation,94.4,88.0,99.0,634
case-000419,Systolic blood pressure,147.13,113.0,187.0,60
case-000419,Diastolic blood pressure,71.8,33.0,109.0,60
case-000419,Mean arterial pressure,100.02,78.0,129.0,60
case-000420,Heart rate,95.35,71.0,110.0,457
case-000420,Respiratory rate,14.38,0.0,25.0,457
case-000420,Oxygen saturation,95.47,84.0,100.0,457
case-000420,Systolic blood pressure,113.17,87.0,152.0,71
case-000420,Diastolic blood pressure,59.65,44.0,96.0,71
case-000420,Mean arterial pressure,71.66,55.0,102.0,71
case-000421,Heart rate,68.52,61.0,81.0,107
case-000421,Oxygen saturation,99.75,95.0,100.0,106
case-000421,Systolic blood pressure,159.0,144.0,179.0,12
case-000421,Diastolic blood pressure,56.0,36.0,86.0,12
case-000421,Mean arterial pressure,89.0,75.0,108.0,12
case-000422,Heart rate,49.62,44.0,101.0,209
case-000422,Respiratory rate,16.85,0.0,21.0,209
case-000422,Oxygen saturation,99.49,83.0,100.0,213
case-000422,Systolic blood pressure,130.0,106.0,150.0,18
case-000422,Diastolic blood pressure,60.78,39.0,82.0,18
case-000422,Mean arterial pressure,94.0,63.0,111.0,18
case-000423,Heart rate,67.43,39.0,102.0,369
case-000423,Respiratory rate,27.45,15.0,45.0,369
case-000423,Oxygen saturation,95.71,87.0,100.0,276
case-000423,Systolic blood pressure,137.4,108.0,182.0,30
case-000423,Diastolic blood pressure,77.27,45.0,165.0,30
case-000423,Mean arterial pressure,98.63,59.0,167.0,30
case-000424,Heart rate,52.38,46.0,73.0,165
case-000424,Respiratory rate,15.68,12.0,21.0,165
case-000424,Oxygen saturation,96.5,95.0,98.0,2
case-000424,Systolic blood pressure,148.33,139.0,155.0,3
case-000424,Diastolic blood pressure,51.33,43.0,56.0,3
case-000424,Mean arterial pressure,75.33,68.0,82.0,3
case-000425,Heart rate,60.02,45.0,108.0,566
case-000425,Respiratory rate,15.51,9.0,41.0,566
case-000425,Oxygen saturation,98.21,81.0,100.0,565
case-000425,Systolic blood pressure,135.69,92.0,207.0,105
case-000425,Diastolic blood pressure,68.2,53.0,111.0,105
case-000425,Mean arterial pressure,94.32,67.0,123.0,105
case-000426,Heart rate,73.09,42.0,89.0,464
case-000426,Respiratory rate,17.59,0.0,28.0,460
case-000426,Oxygen saturation,97.55,79.0,100.0,376
case-000426,Systolic blood pressure,134.65,90.0,158.0,40
case-000426,Diastolic blood pressure,86.4,57.0,104.0,40
case-000426,Mean arterial pressure,98.15,62.0,114.0,40
case-000427,Heart rate,45.41,30.0,53.0,91
case-000427,Respiratory rate,23.09,8.0,72.0,91
case-000427,Oxygen saturation,88.07,57.0,98.0,72
case-000427,Systolic blood pressure,98.28,77.0,124.0,25
case-000427,Diastolic blood pressure,49.96,40.0,59.0,25
case-000427,Mean arterial pressure,69.64,57.0,85.0,25
case-000428,Heart rate,105.49,92.0,136.0,124
case-000428,Respiratory rate,22.11,15.0,32.0,124
case-000428,Oxygen saturation,94.52,72.0,100.0,118
case-000428,Systolic blood pressure,84.15,33.0,119.0,48
case-000428,Diastolic blood pressure,36.21,17.0,68.0,48
case-000428,Mean arterial pressure,46.5,20.0,73.0,48
case-000429,Heart rate,89.52,80.0,101.0,1948
case-000429,Systolic blood pressure,112.09,48.0,163.0,834
case-000429,Diastolic blood pressure,72.32,13.0,160.0,834
case-000429,Mean arterial pressure,81.35,22.0,241.0,843
case-000429,Respiratory rate,22.32,0.0,38.0,1946
case-000429,Oxygen saturation,96.17,59.0,100.0,1169
case-000429,Body temperature,37.43,36.111,38.333,945
case-000430,Heart rate,56.85,0.0,94.0,812
case-000430,Respiratory rate,20.25,3.0,29.0,812
case-000430,Oxygen saturation,96.04,85.0,100.0,783
case-000430,Systolic blood pressure,133.24,76.0,202.0,224
case-000430,Diastolic blood pressure,56.26,35.0,129.0,224
case-000430,Mean arterial pressure,73.33,22.0,134.0,240
case-000431,Heart rate,94.21,70.0,120.0,734
case-000431,Systolic blood pressure,105.49,55.0,162.0,290
case-000431,Diastolic blood pressure,67.65,26.0,108.0,290
case-000431,Mean arterial pressure,76.6,37.0,117.0,290
case-000431,Respiratory rate,20.13,12.0,45.0,702
case-000431,Oxygen saturation,99.12,96.0,100.0,159
case-000432,Heart rate,88.41,77.0,119.0,661
case-000432,Respiratory rate,19.62,8.0,27.0,640
case-000432,Oxygen saturation,98.39,90.0,100.0,654
case-000432,Systolic blood pressure,124.43,72.0,167.0,122
case-000432,Diastolic blood pressure,69.82,38.0,116.0,122
case-000432,Mean arterial pressure,82.62,46.0,124.0,122
case-000433,Heart rate,95.3,53.0,167.0,5867
case-000433,Respiratory rate,21.92,0.0,45.0,5785
case-000433,Oxygen saturation,96.11,12.0,100.0,5771
case-000433,Systolic blood pressure,125.08,50.0,206.0,839
case-000433,Diastolic blood pressure,66.2,26.0,156.0,839
case-000433,Mean arterial pressure,79.68,33.0,162.0,839
case-000434,Heart rate,80.42,63.0,96.0,448
case-000434,Respiratory rate,32.1,12.0,104.0,445
case-000434,Oxygen saturation,93.06,70.0,100.0,413
case-000434,Systolic blood pressure,109.66,79.0,138.0,47
case-000434,Diastolic blood pressure,70.4,51.0,88.0,47
case-000434,Mean arterial pressure,83.77,59.0,114.0,47
case-000435,Heart rate,70.49,50.0,105.0,5687
case-000435,Systolic blood pressure,98.52,70.0,120.0,259
case-000435,Diastolic blood pressure,64.62,37.0,91.0,259
case-000435,Mean arterial pressure,72.31,45.0,114.0,259
case-000435,Respiratory rate,17.8,0.0,33.0,5574
case-000435,Oxygen saturation,95.54,82.0,100.0,1665
case-000435,Body temperature,36.75,30.833,37.778,2840
case-000436,Heart rate,97.32,54.0,193.0,2271
case-000436,Systolic blood pressure,125.14,0.0,234.0,297
case-000436,Diastolic blood pressure,75.94,0.0,234.0,297
case-000436,Mean arterial pressure,94.62,0.0,233.0,297
case-000436,Respiratory rate,27.01,12.0,71.0,2258
case-000436,Oxygen saturation,96.87,76.0,100.0,1633
case-000437,Heart rate,97.89,89.0,119.0,174
case-000437,Respiratory rate,23.54,19.0,29.0,166
case-000437,Oxygen saturation,96.93,68.0,100.0,108
case-000437,Systolic blood pressure,93.38,76.0,117.0,21
case-000437,Diastolic blood pressure,58.67,44.0,77.0,21
case-000437,Mean arterial pressure,66.9,51.0,87.0,21
case-000438,Heart rate,93.85,60.0,146.0,8600
case-000438,Systolic blood pressure,103.13,49.0,312.0,3333
case-000438,Diastolic blood pressure,58.46,9.0,307.0,3333
case-000438,Mean arterial pressure,68.54,28.0,307.0,3343
case-000438,Oxygen saturation,99.45,43.0,100.0,8090
case-000439,Heart rate,82.54,0.0,108.0,540
case-000439,Respiratory rate,19.54,5.0,27.0,532
case-000439,Oxygen saturation,98.41,58.0,100.0,533
case-000439,Systolic blood pressure,114.82,40.0,159.0,144
case-000439,Diastolic blood pressure,72.44,19.0,109.0,144
case-000439,Mean arterial pressure,82.15,31.0,119.0,151
case-000440,Heart rate,91.56,70.0,116.0,1952
case-000440,Systolic blood pressure,106.57,50.0,156.0,1161
case-000440,Diastolic blood pressure,65.7,25.0,111.0,1161
case-000440,Mean arterial pressure,74.66,38.0,115.0,1163
case-000440,Respiratory rate,18.72,12.0,27.0,1939
case-000440,Oxygen saturation,95.67,64.0,100.0,1883
case-000440,Body temperature,37.0,30.0,38.333,1025
case-000441,Heart rate,66.08,60.0,84.0,4904
case-000441,Oxygen saturation,97.77,71.0,100.0,336
case-000441,Systolic blood pressure,116.66,51.0,218.0,575
case-000441,Diastolic blood pressure,55.45,28.0,198.0,575
case-000441,Mean arterial pressure,69.18,33.0,203.0,576
case-000442,Heart rate,79.59,62.0,101.0,63
case-000442,Systolic blood pressure,99.28,63.0,151.0,39
case-000442,Diastolic blood pressure,47.83,29.0,104.0,39
case-000442,Mean arterial pressure,60.14,41.0,321.0,53
case-000442,Respiratory rate,21.15,12.0,37.0,62
case-000442,Oxygen saturation,93.51,56.0,100.0,63
case-000443,Heart rate,93.4,54.0,154.0,4123
case-000443,Systolic blood pressure,107.05,53.0,234.0,1715
case-000443,Diastolic blood pressure,59.47,17.0,229.0,1715
case-000443,Mean arterial pressure,75.73,26.0,282.0,1776
case-000443,Respiratory rate,20.01,0.0,43.0,3159
case-000443,Oxygen saturation,98.38,65.0,100.0,4120
case-000444,Heart rate,85.07,53.0,172.0,5869
case-000444,Systolic blood pressure,117.5,41.0,252.0,2655
case-000444,Diastolic blood pressure,77.34,15.0,239.0,2655
case-000444,Mean arterial pressure,86.26,17.0,255.0,2662
case-000444,Respiratory rate,21.49,0.0,40.0,5770
case-000444,Oxygen saturation,98.13,61.0,100.0,5747
case-000444,Body temperature,37.44,36.3,38.2,167
case-000445,Heart rate,82.07,54.0,130.0,1825
case-000445,Respiratory rate,22.94,11.0,38.0,1825
case-000445,Oxygen saturation,98.28,71.0,100.0,1590
case-000445,Body temperature,37.67,32.778,39.444,1814
case-000445,Systolic blood pressure,111.14,62.0,187.0,292
case-000445,Diastolic blood pressure,62.16,37.0,119.0,292
case-000445,Mean arterial pressure,76.59,49.0,134.0,292
case-000446,Heart rate,98.64,65.0,158.0,4579
case-000446,Systolic blood pressure,110.74,48.0,235.0,2010
case-000446,Diastolic blood pressure,58.24,15.0,159.0,2010
case-000446,Mean arterial pressure,76.89,-8.0,187.0,2023
case-000446,Respiratory rate,25.91,10.0,43.0,4098
case-000446,Oxygen saturation,95.55,34.0,100.0,4321
case-000446,Body temperature,38.08,24.4,41.9,2644
case-000447,Heart rate,69.13,53.0,120.0,2733
case-000447,Systolic blood pressure,122.16,59.0,216.0,559
case-000447,Diastolic blood pressure,61.58,28.0,122.0,559
case-000447,Mean arterial pressure,75.04,10.0,126.0,560
case-000447,Respiratory rate,15.26,8.0,26.0,2727
case-000447,Oxygen saturation,99.85,1.0,100.0,1927
case-000448,Heart rate,93.98,0.0,164.0,10083
case-000448,Systolic blood pressure,116.74,54.0,232.0,3301
case-000448,Diastolic blood pressure,57.56,15.0,159.0,3301
case-000448,Mean arterial pressure,76.18,36.0,168.0,3306
case-000448,Respiratory rate,19.73,0.0,40.0,9952
case-000448,Oxygen saturation,97.66,80.0,100.0,10075
case-000449,Heart rate,94.17,49.0,145.0,3626
case-000449,Respiratory rate,22.92,0.0,43.0,3626
case-000449,Oxygen saturation,95.78,72.0,100.0,2988
case-000449,Systolic blood pressure,115.4,60.0,191.0,1094
case-000449,Diastolic blood pressure,51.7,14.0,134.0,1094
case-000449,Mean arterial pressure,65.41,30.0,139.0,1095
case-000450,Heart rate,90.89,80.0,178.0,343
case-000450,Respiratory rate,12.78,9.0,27.0,341
case-000450,Oxygen saturation,96.11,79.0,100.0,299
case-000450,Systolic blood pressure,129.8,79.0,165.0,40
case-000450,Diastolic blood pressure,73.75,53.0,93.0,40
case-000450,Mean arterial pressure,92.15,57.0,117.0,41
case-000451,Heart rate,80.3,4.0,135.0,5666
case-000451,Systolic blood pressure,150.32,78.0,233.0,1232
case-000451,Diastolic blood pressure,71.3,40.0,154.0,1232
case-000451,Mean arterial pressure,88.82,39.0,163.0,1233
case-000451,Respiratory rate,18.51,0.0,34.0,5610
case-000451,Oxygen saturation,96.96,81.0,100.0,5576
case-000451,Body temperature,37.69,36.1,38.4,1449
case-000452,Heart rate,67.35,53.0,103.0,2020
case-000452,Respiratory rate,22.95,13.0,36.0,2020
case-000452,Oxygen saturation,95.63,85.0,100.0,1946
case-000452,Systolic blood pressure,129.32,80.0,199.0,278
case-000452,Diastolic blood pressure,65.94,44.0,107.0,278
case-000452,Mean arterial pressure,81.2,53.0,123.0,278
case-000453,Heart rate,103.28,79.0,129.0,4750
case-000453,Oxygen saturation,97.04,80.0,100.0,4088
case-000453,Systolic blood pressure,101.98,56.0,146.0,1093
case-000453,Diastolic blood pressure,49.44,18.0,118.0,1093
case-000453,Mean arterial pressure,61.09,32.0,121.0,1093
case-000454,Heart rate,83.14,73.0,118.0,278
case-000454,Respiratory rate,19.85,10.0,31.0,278
case-000454,Oxygen saturation,96.52,84.0,100.0,247
case-000454,Systolic blood pressure,106.29,81.0,137.0,28
case-000454,Diastolic blood pressure,62.86,45.0,100.0,28
case-000454,Mean arterial pressure,72.36,52.0,110.0,28
case-000455,Heart rate,94.16,61.0,152.0,3629
case-000455,Systolic blood pressure,117.21,50.0,173.0,1696
case-000455,Diastolic blood pressure,65.76,33.0,126.0,1696
case-000455,Mean arterial pressure,77.92,40.0,242.0,1704
case-000455,Respiratory rate,19.96,0.0,40.0,3629
case-000455,Oxygen saturation,98.14,73.0,100.0,3533
case-000456,Heart rate,103.57,80.0,124.0,454
case-000456,Systolic blood pressure,123.52,61.0,149.0,231
case-000456,Diastolic blood pressure,60.62,39.0,113.0,231
case-000456,Mean arterial pressure,75.14,-12.0,120.0,232
case-000456,Respiratory rate,15.74,8.0,23.0,454
case-000456,Oxygen saturation,97.34,90.0,100.0,453
case-000457,Heart rate,84.02,67.0,109.0,2218
case-000457,Respiratory rate,29.67,17.0,53.0,2218
case-000457,Oxygen saturation,96.12,76.0,100.0,2059
case-000457,Systolic blood pressure,118.37,73.0,179.0,362
case-000457,Diastolic blood pressure,61.17,32.0,104.0,362
case-000457,Mean arterial pressure,74.25,43.0,118.0,362
case-000458,Heart rate,90.07,71.0,109.0,300
case-000458,Respiratory rate,26.84,16.0,42.0,300
case-000458,Oxygen saturation,94.78,85.0,99.0,259
case-000458,Systolic blood pressure,117.38,86.0,152.0,26
case-000458,Diastolic blood pressure,59.27,43.0,99.0,26
case-000458,Mean arterial pressure,72.92,53.0,108.0,26
case-000459,Heart rate,62.22,40.0,85.0,793
case-000459,Systolic blood pressure,147.0,90.0,238.0,327
case-000459,Diastolic blood pressure,66.08,33.0,237.0,327
case-000459,Mean arterial pressure,101.21,55.0,237.0,327
case-000459,Respiratory rate,22.47,7.0,106.0,790
case-000459,Oxygen saturation,96.11,88.0,100.0,816
case-000460,Heart rate,95.05,79.0,110.0,293
case-000460,Respiratory rate,24.61,10.0,35.0,293
case-000460,Oxygen saturation,95.07,81.0,100.0,286
case-000460,Systolic blood pressure,105.53,66.0,152.0,126
case-000460,Diastolic blood pressure,55.2,35.0,73.0,126
case-000460,Mean arterial pressure,75.1,47.0,99.0,126
case-000461,Heart rate,93.75,78.0,123.0,196
case-000461,Respiratory rate,21.38,7.0,32.0,196
case-000461,Oxygen saturation,91.37,86.0,94.0,196
case-000461,Systolic blood pressure,95.21,74.0,142.0,29
case-000461,Diastolic blood pressure,61.14,45.0,95.0,29
case-000461,Mean arterial pressure,68.86,55.0,105.0,29
case-000462,Heart rate,74.1,65.0,86.0,494
case-000462,Respiratory rate,14.08,10.0,26.0,494
case-000462,Oxygen saturation,95.97,82.0,100.0,492
case-000462,Systolic blood pressure,104.79,77.0,130.0,62
case-000462,Diastolic blood pressure,58.63,47.0,75.0,62
case-000462,Mean arterial pressure,69.24,55.0,83.0,62
case-000463,Heart rate,77.13,68.0,93.0,1443
case-000463,Respiratory rate,18.31,11.0,28.0,1403
case-000463,Oxygen saturation,98.29,75.0,100.0,1422
case-000463,Body temperature,36.03,35.556,36.667,1386
case-000463,Systolic blood pressure,110.63,58.0,204.0,347
case-000463,Diastolic blood pressure,66.74,28.0,173.0,347
case-000463,Mean arterial pressure,76.35,37.0,181.0,350
case-000464,Heart rate,91.52,80.0,110.0,269
case-000464,Systolic blood pressure,97.33,82.0,132.0,213
case-000464,Diastolic blood pressure,67.0,46.0,92.0,213
case-000464,Mean arterial pressure,76.67,60.0,100.0,213
case-000464,Respiratory rate,17.91,7.0,30.0,233
case-000464,Oxygen saturation,98.53,97.0,100.0,269
case-000465,Heart rate,64.45,57.0,75.0,245
case-000465,Systolic blood pressure,110.5,56.0,191.0,230
case-000465,Diastolic blood pressure,46.86,26.0,98.0,230
case-000465,Mean arterial pressure,68.71,36.0,125.0,230
case-000465,Respiratory rate,15.2,0.0,29.0,246
case-000465,Oxygen saturation,94.61,87.0,99.0,153
case-000466,Heart rate,104.91,63.0,144.0,1537
case-000466,Systolic blood pressure,108.75,62.0,206.0,554
case-000466,Diastolic blood pressure,62.05,36.0,102.0,554
case-000466,Mean arterial pressure,76.06,37.0,164.0,563
case-000466,Respiratory rate,13.7,8.0,23.0,1529
case-000466,Oxygen saturation,96.78,92.0,100.0,1095
case-000466,Body temperature,36.92,36.1,37.2,227
case-000467,Heart rate,101.12,0.0,137.0,2035
case-000467,Respiratory rate,21.8,0.0,35.0,1957
case-000467,Oxygen saturation,96.65,88.0,100.0,1911
case-000467,Systolic blood pressure,97.44,45.0,169.0,190
case-000467,Diastolic blood pressure,59.74,13.0,124.0,190
case-000467,Mean arterial pressure,68.25,21.0,127.0,191
case-000468,Heart rate,109.75,81.0,146.0,2536
case-000468,Systolic blood pressure,146.7,78.0,206.0,2449
case-000468,Diastolic blood pressure,85.23,48.0,135.0,2449
case-000468,Mean arterial pressure,98.75,60.0,152.0,2449
case-000468,Respiratory rate,23.18,16.0,38.0,2519
case-000468,Oxygen saturation,95.92,71.0,100.0,2282
case-000468,Body temperature,38.05,36.65,38.9,690
case-000469,Heart rate,103.78,76.0,158.0,4439
case-000469,Respiratory rate,18.15,10.0,36.0,4422
case-000469,Oxygen saturation,96.32,62.0,100.0,3084
case-000469,Systolic blood pressure,107.43,72.0,186.0,388
case-000469,Diastolic blood pressure,72.13,17.0,145.0,388
case-000469,Mean arterial pressure,79.92,29.0,153.0,388
case-000470,Heart rate,80.4,50.0,113.0,4893
case-000470,Systolic blood pressure,142.98,67.0,216.0,2369
case-000470,Diastolic blood pressure,69.76,42.0,207.0,2369
case-000470,Mean arterial pressure,86.69,2.0,283.0,2411
case-000470,Respiratory rate,18.23,6.0,35.0,4870
case-000470,Oxygen saturation,96.97,91.0,100.0,4852
case-000470,Body temperature,37.3,33.7,38.3,2754
case-000471,Heart rate,96.01,86.0,112.0,213
case-000471,Respiratory rate,17.99,14.0,23.0,213
case-000471,Oxygen saturation,99.34,51.0,100.0,139
case-000471,Systolic blood pressure,177.06,148.0,199.0,48
case-000471,Diastolic blood pressure,61.88,46.0,73.0,48
case-000471,Mean arterial pressure,88.79,69.0,101.0,48
case-000472,Heart rate,96.14,78.0,109.0,199
case-000472,Systolic blood pressure,111.41,55.0,187.0,213
case-000472,Diastolic blood pressure,41.2,16.0,142.0,213
case-000472,Mean arterial pressure,57.94,29.0,151.0,213
case-000472,Respiratory rate,20.7,0.0,30.0,199
case-000472,Oxygen saturation,97.37,80.0,100.0,173
case-000473,Heart rate,85.7,73.0,106.0,460
case-000473,Respiratory rate,14.75,10.0,26.0,447
case-000473,Oxygen saturation,99.01,96.0,100.0,461
case-000473,Systolic blood pressure,126.97,100.0,146.0,40
case-000473,Diastolic blood pressure,46.92,30.0,72.0,40
case-000473,Mean arterial pressure,65.72,46.0,87.0,40
case-000474,Heart rate,77.01,62.0,97.0,778
case-000474,Respiratory rate,22.8,17.0,30.0,778
case-000474,Oxygen saturation,94.18,90.0,97.0,778
case-000474,Systolic blood pressure,136.55,102.0,194.0,125
case-000474,Diastolic blood pressure,69.54,49.0,101.0,125
case-000474,Mean arterial pressure,85.04,62.0,119.0,125
case-000475,Heart rate,89.94,75.0,134.0,365
case-000475,Systolic blood pressure,122.09,98.0,186.0,275
case-000475,Diastolic blood pressure,57.0,42.0,94.0,275
case-000475,Mean arterial pressure,71.12,-16.0,99.0,275
case-000475,Respiratory rate,15.5,6.0,20.0,365
case-000475,Oxygen saturation,98.64,90.0,100.0,365
case-000476,Heart rate,91.03,47.0,131.0,1105
case-000476,Respiratory rate,18.91,10.0,36.0,1105
case-000476,Oxygen saturation,97.2,86.0,100.0,1075
case-000476,Systolic blood pressure,112.13,66.0,179.0,169
case-000476,Diastolic blood pressure,56.16,17.0,164.0,169
case-000476,Mean arterial pressure,69.28,39.0,168.0,169
case-000477,Heart rate,84.58,71.0,103.0,831
case-000477,Respiratory rate,21.7,13.0,27.0,743
case-000477,Oxygen saturation,97.41,36.0,100.0,827
case-000477,Systolic blood pressure,116.31,72.0,157.0,105
case-000477,Diastolic blood pressure,55.94,29.0,121.0,105
case-000477,Mean arterial pressure,69.68,39.0,129.0,105
case-000478,Heart rate,83.28,66.0,96.0,1015
case-000478,Respiratory rate,20.32,15.0,28.0,1013
case-000478,Oxygen saturation,94.72,70.0,100.0,1012
case-000478,Systolic blood pressure,148.64,101.0,214.0,187
case-000478,Diastolic blood pressure,81.06,52.0,124.0,187
case-000478,Mean arterial pressure,96.81,67.0,134.0,187
case-000479,Heart rate,80.6,60.0,110.0,908
case-000479,Systolic blood pressure,120.24,92.0,165.0,1087
case-000479,Diastolic blood pressure,59.31,42.0,132.0,1087
case-000479,Mean arterial pressure,74.32,55.0,315.0,1089
case-000479,Respiratory rate,19.21,8.0,51.0,909
case-000479,Oxygen saturation,93.9,76.0,100.0,859
case-000480,Heart rate,59.01,52.0,80.0,805
case-000480,Respiratory rate,18.82,10.0,29.0,800
case-000480,Oxygen saturation,96.17,73.0,100.0,787
case-000480,Systolic blood pressure,137.3,84.0,168.0,128
case-000480,Diastolic blood pressure,58.87,34.0,133.0,128
case-000480,Mean arterial pressure,77.95,58.0,138.0,128
case-000481,Heart rate,92.51,81.0,102.0,314
case-000481,Respiratory rate,20.05,0.0,34.0,314
case-000481,Oxygen saturation,99.85,65.0,100.0,276
case-000481,Systolic blood pressure,109.79,76.0,133.0,62
case-000481,Diastolic blood pressure,56.97,42.0,82.0,62
case-000481,Mean arterial pressure,69.74,50.0,86.0,62
case-000482,Heart rate,100.3,85.0,142.0,368
case-000482,Systolic blood pressure,131.22,89.0,154.0,172
case-000482,Diastolic blood pressure,69.65,41.0,138.0,172
case-000482,Mean arterial pressure,83.7,59.0,289.0,173
case-000482,Respiratory rate,17.78,4.0,28.0,368
case-000482,Oxygen saturation,99.64,94.0,100.0,365
case-000483,Heart rate,92.72,69.0,130.0,541
case-000483,Respiratory rate,20.57,10.0,32.0,541
case-000483,Oxygen saturation,94.47,80.0,98.0,452
case-000483,Systolic blood pressure,95.62,61.0,123.0,115
case-000483,Diastolic blood pressure,56.1,27.0,81.0,115
case-000483,Mean arterial pressure,65.21,35.0,91.0,115
case-000484,Heart rate,86.66,74.0,114.0,333
case-000484,Respiratory rate,22.07,11.0,32.0,333
case-000484,Oxygen saturation,96.61,92.0,100.0,333
case-000484,Systolic blood pressure,130.39,122.0,139.0,31
case-000484,Diastolic blood pressure,71.45,66.0,77.0,31
case-000484,Mean arterial pressure,84.32,81.0,92.0,31
case-000485,Heart rate,79.68,67.0,108.0,520
case-000485,Systolic blood pressure,120.28,31.0,197.0,173
case-000485,Diastolic blood pressure,66.19,16.0,122.0,173
case-000485,Mean arterial pressure,78.09,19.0,126.0,174
case-000485,Respiratory rate,20.51,13.0,27.0,511
case-000485,Oxygen saturation,94.55,70.0,100.0,500
case-000486,Heart rate,69.98,57.0,109.0,322
case-000486,Respiratory rate,16.19,10.0,29.0,322
case-000486,Oxygen saturation,96.32,85.0,100.0,264
case-000486,Systolic blood pressure,114.23,60.0,152.0,30
case-000486,Diastolic blood pressure,73.73,31.0,120.0,30
case-000486,Mean arterial pressure,83.17,38.0,127.0,30
case-000487,Heart rate,90.7,59.0,138.0,1034
case-000487,Respiratory rate,27.36,0.0,54.0,1032
case-000487,Oxygen saturation,93.27,73.0,100.0,1033
case-000487,Body temperature,37.08,36.4,38.0,914
case-000487,Systolic blood pressure,135.65,70.0,185.0,208
case-000487,Diastolic blood pressure,66.87,46.0,117.0,208
case-000487,Mean arterial pressure,92.44,60.0,129.0,208
case-000488,Heart rate,67.35,53.0,87.0,939
case-000488,Respiratory rate,20.45,0.0,24.0,922
case-000488,Oxygen saturation,97.03,87.0,100.0,819
case-000488,Systolic blood pressure,108.5,46.0,151.0,266
case-000488,Diastolic blood pressure,52.22,16.0,81.0,266
case-000488,Mean arterial pressure,71.79,29.0,96.0,267
case-000489,Heart rate,69.9,59.0,84.0,1143
case-000489,Respiratory rate,19.66,12.0,30.0,1141
case-000489,Oxygen saturation,98.31,64.0,100.0,1130
case-000489,Systolic blood pressure,158.02,64.0,216.0,294
case-000489,Diastolic blood pressure,56.31,17.0,115.0,294
case-000489,Mean arterial pressure,80.06,30.0,122.0,294
case-000490,Heart rate,82.32,64.0,102.0,454
case-000490,Respiratory rate,16.59,10.0,29.0,454
case-000490,Oxygen saturation,96.7,91.0,100.0,454
case-000490,Systolic blood pressure,101.93,80.0,142.0,60
case-000490,Diastolic blood pressure,57.03,40.0,80.0,60
case-000490,Mean arterial pressure,67.77,50.0,86.0,60
case-000491,Heart rate,71.77,47.0,105.0,6610
case-000491,Oxygen saturation,98.26,66.0,100.0,6460
case-000491,Systolic blood pressure,147.82,64.0,230.0,735
case-000491,Diastolic blood pressure,68.24,28.0,189.0,735
case-000491,Mean arterial pressure,86.79,39.0,192.0,735
case-000492,Heart rate,105.66,84.0,133.0,816
case-000492,Respiratory rate,36.06,17.0,63.0,816
case-000492,Oxygen saturation,95.83,85.0,100.0,801
case-000492,Systolic blood pressure,129.15,83.0,155.0,181
case-000492,Diastolic blood pressure,75.58,49.0,106.0,181
case-000492,Mean arterial pressure,87.23,62.0,110.0,181
case-000493,Heart rate,99.83,69.0,139.0,4207
case-000493,Respiratory rate,21.89,9.0,34.0,2999
case-000493,Systolic blood pressure,103.57,56.0,133.0,718
case-000493,Diastolic blood pressure,66.12,23.0,91.0,718
case-000493,Mean arterial pressure,74.31,24.0,107.0,723
case-000494,Heart rate,75.58,60.0,126.0,919
case-000494,Systolic blood pressure,105.82,71.0,156.0,342
case-000494,Diastolic blood pressure,58.14,31.0,90.0,342
case-000494,Mean arterial pressure,68.91,46.0,138.0,342
case-000494,Respiratory rate,20.8,3.0,45.0,919
case-000494,Oxygen saturation,95.09,83.0,100.0,733
case-000494,Body temperature,36.89,35.8,37.7,436
case-000495,Heart rate,110.44,62.0,147.0,813
case-000495,Respiratory rate,15.09,7.0,33.0,812
case-000495,Oxygen saturation,98.31,85.0,100.0,813
case-000495,Systolic blood pressure,114.14,81.0,152.0,261
case-000495,Diastolic blood pressure,68.91,30.0,98.0,261
case-000495,Mean arterial pressure,85.77,42.0,114.0,261
case-000496,Heart rate,82.61,0.0,105.0,465
case-000496,Oxygen saturation,98.88,83.0,100.0,113
case-000496,Systolic blood pressure,131.86,97.0,158.0,36
case-000496,Diastolic blood pressure,81.94,58.0,116.0,36
case-000496,Mean arterial pressure,93.39,69.0,121.0,36
case-000497,Heart rate,75.86,66.0,88.0,226
case-000497,Respiratory rate,24.3,5.0,33.0,226
case-000497,Oxygen saturation,95.13,86.0,100.0,226
case-000497,Systolic blood pressure,143.87,120.0,159.0,55
case-000497,Diastolic blood pressure,99.53,77.0,115.0,55
case-000497,Mean arterial pressure,109.15,91.0,124.0,55
case-000498,Heart rate,83.21,67.0,103.0,507
case-000498,Systolic blood pressure,132.61,88.0,164.0,228
case-000498,Diastolic blood pressure,65.5,38.0,91.0,228
case-000498,Mean arterial pressure,80.87,53.0,106.0,228
case-000498,Respiratory rate,13.25,0.0,26.0,495
case-000498,Oxygen saturation,98.24,95.0,100.0,504
case-000498,Body temperature,37.12,35.6,37.8,500
case-000499,Heart rate,84.15,60.0,100.0,312
case-000499,Systolic blood pressure,114.41,90.0,251.0,250
case-000499,Diastolic blood pressure,70.37,52.0,213.0,250
case-000499,Mean arterial pressure,88.31,65.0,234.0,250
case-000499,Respiratory rate,15.67,10.0,30.0,312
case-000499,Oxygen saturation,94.53,90.0,100.0,312
case-000500,Heart rate,87.44,61.0,126.0,520
case-000500,Respiratory rate,19.7,8.0,54.0,520
case-000500,Oxygen saturation,94.86,86.0,100.0,520
case-000500,Systolic blood pressure,107.98,71.0,141.0,43
case-000500,Diastolic blood pressure,56.56,33.0,96.0,43
case-000500,Mean arterial pressure,69.45,48.0,109.0,44
case-000501,Heart rate,74.93,63.0,101.0,3805
case-000501,Oxygen saturation,96.24,82.0,100.0,3809
case-000501,Systolic blood pressure,110.81,38.0,193.0,1072
case-000501,Diastolic blood pressure,54.27,15.0,164.0,1072
case-000501,Mean arterial pressure,67.29,20.0,172.0,1073
case-000502,Heart rate,80.66,54.0,129.0,1080
case-000502,Respiratory rate,18.81,9.0,30.0,1074
case-000502,Oxygen saturation,98.05,74.0,100.0,1064
case-000502,Systolic blood pressure,137.72,94.0,167.0,134
case-000502,Diastolic blood pressure,75.08,35.0,114.0,134
case-000502,Mean arterial pressure,89.82,55.0,117.0,134
case-000503,Heart rate,62.69,54.0,77.0,132
case-000503,Respiratory rate,15.23,12.0,20.0,132
case-000503,Oxygen saturation,98.6,84.0,100.0,89
case-000503,Systolic blood pressure,108.94,98.0,127.0,34
case-000503,Diastolic blood pressure,70.74,60.0,82.0,34
case-000503,Mean arterial pressure,79.32,74.0,88.0,34
case-000504,Heart rate,103.85,0.0,126.0,1023
case-000504,Respiratory rate,17.76,9.0,36.0,1024
case-000504,Oxygen saturation,98.61,93.0,100.0,1023
case-000504,Systolic blood pressure,118.13,88.0,146.0,114
case-000504,Diastolic blood pressure,72.93,43.0,109.0,114
case-000504,Mean arterial pressure,82.77,53.0,113.0,114
case-000505,Heart rate,99.85,83.0,141.0,213
case-000505,Respiratory rate,17.08,13.0,25.0,213
case-000505,Oxygen saturation,96.37,94.0,100.0,213
case-000505,Body temperature,37.97,36.6,38.3,213
case-000505,Systolic blood pressure,101.72,88.0,128.0,36
case-000505,Diastolic blood pressure,62.39,50.0,83.0,36
case-000505,Mean arterial pressure,70.89,59.0,91.0,36
case-000506,Heart rate,78.28,45.0,130.0,1275
case-000506,Oxygen saturation,97.98,50.0,100.0,758
case-000506,Systolic blood pressure,105.97,67.0,151.0,234
case-000506,Diastolic blood pressure,64.23,33.0,109.0,234
case-000506,Mean arterial pressure,77.47,44.0,118.0,234
case-000507,Heart rate,86.72,62.0,194.0,2519
case-000507,Systolic blood pressure,117.24,50.0,197.0,919
case-000507,Diastolic blood pressure,62.95,19.0,190.0,919
case-000507,Mean arterial pressure,75.23,28.0,353.0,933
case-000507,Respiratory rate,19.02,4.0,31.0,2321
case-000507,Oxygen saturation,96.03,76.0,100.0,2413
case-000507,Body temperature,37.55,13.9,39.9,546
case-000508,Heart rate,92.49,54.0,142.0,4816
case-000508,Systolic blood pressure,110.28,22.0,223.0,4559
case-000508,Diastolic blood pressure,69.64,15.0,197.0,4559
case-000508,Mean arterial pressure,78.31,3.0,349.0,4574
case-000508,Respiratory rate,21.28,11.0,41.0,4381
case-000508,Oxygen saturation,94.4,78.0,100.0,3848
case-000509,Heart rate,67.31,0.0,145.0,2678
case-000509,Systolic blood pressure,102.82,24.0,203.0,2733
case-000509,Diastolic blood pressure,64.91,17.0,136.0,2733
case-000509,Mean arterial pressure,73.85,9.0,155.0,2737
case-000509,Respiratory rate,20.53,0.0,29.0,2674
case-000509,Oxygen saturation,96.31,40.0,100.0,2678
case-000510,Heart rate,85.51,66.0,117.0,2623
case-000510,Systolic blood pressure,100.85,75.0,172.0,2500
case-000510,Diastolic blood pressure,53.93,19.0,117.0,2500
case-000510,Mean arterial pressure,64.39,37.0,209.0,2612
case-000510,Respiratory rate,20.98,0.0,35.0,2616
case-000510,Oxygen saturation,96.26,82.0,100.0,1913
case-000511,Heart rate,92.38,55.0,188.0,3137
case-000511,Respiratory rate,24.82,0.0,43.0,3136
case-000511,Oxygen saturation,97.22,78.0,100.0,3083
case-000511,Systolic blood pressure,132.51,43.0,202.0,952
case-000511,Diastolic blood pressure,67.58,25.0,128.0,952
case-000511,Mean arterial pressure,82.55,30.0,134.0,952
case-000512,Heart rate,88.84,78.0,97.0,335
case-000512,Systolic blood pressure,99.74,75.0,142.0,292
case-000512,Diastolic blood pressure,54.68,38.0,92.0,292
case-000512,Mean arterial pressure,65.71,48.0,102.0,293
case-000512,Respiratory rate,19.29,0.0,31.0,331
case-000512,Oxygen saturation,96.67,93.0,100.0,333
case-000513,Heart rate,87.3,70.0,136.0,1109
case-000513,Respiratory rate,12.73,0.0,69.0,1109
case-000513,Oxygen saturation,96.74,77.0,100.0,1082
case-000513,Systolic blood pressure,128.12,96.0,211.0,104
case-000513,Diastolic blood pressure,59.56,36.0,151.0,104
case-000513,Mean arterial pressure,89.38,63.0,199.0,104
case-000514,Heart rate,92.75,42.0,149.0,4865
case-000514,Systolic blood pressure,116.5,45.0,241.0,4156
case-000514,Diastolic blood pressure,68.0,17.0,204.0,4156
case-000514,Mean arterial pressure,81.17,0.0,348.0,4226
case-000514,Respiratory rate,18.42,0.0,37.0,4819
case-000514,Oxygen saturation,96.5,46.0,100.0,4960
case-000515,Heart rate,101.96,80.0,137.0,1710
case-000515,Respiratory rate,15.73,8.0,41.0,1710
case-000515,Oxygen saturation,98.13,76.0,100.0,1704
case-000515,Systolic blood pressure,132.51,69.0,187.0,396
case-000515,Diastolic blood pressure,80.68,43.0,119.0,396
case-000515,Mean arterial pressure,98.14,52.0,143.0,396
case-000516,Heart rate,106.19,91.0,123.0,689
case-000516,Respiratory rate,17.89,12.0,32.0,689
case-000516,Oxygen saturation,96.24,75.0,100.0,655
case-000516,Systolic blood pressure,117.51,74.0,146.0,190
case-000516,Diastolic blood pressure,56.29,38.0,106.0,190
case-000516,Mean arterial pressure,70.18,49.0,111.0,190
case-000517,Heart rate,126.97,40.0,150.0,825
case-000517,Respiratory rate,13.02,0.0,26.0,825
case-000517,Oxygen saturation,99.47,61.0,100.0,671
case-000517,Body temperature,37.48,35.7,39.6,824
case-000517,Systolic blood pressure,105.38,58.0,145.0,135
case-000517,Diastolic blood pressure,68.96,30.0,113.0,135
case-000517,Mean arterial pressure,80.24,45.0,121.0,135
case-000518,Heart rate,87.24,63.0,114.0,1042
case-000518,Respiratory rate,25.62,8.0,41.0,1022
case-000518,Oxygen saturation,96.66,82.0,100.0,1038
case-000518,Body temperature,37.0,29.222,37.389,499
case-000518,Systolic blood pressure,155.73,99.0,268.0,130
case-000518,Diastolic blood pressure,75.32,29.0,233.0,130
case-000518,Mean arterial pressure,96.38,53.0,246.0,130
case-000519,Heart rate,72.25,58.0,109.0,2114
case-000519,Oxygen saturation,97.44,76.0,100.0,1996
case-000519,Systolic blood pressure,155.79,106.0,193.0,290
case-000519,Diastolic blood pressure,55.17,34.0,145.0,290
case-000519,Mean arterial pressure,80.19,53.0,153.0,290
case-000520,Heart rate,111.85,99.0,133.0,1053
case-000520,Respiratory rate,28.99,14.0,41.0,1037
case-000520,Oxygen saturation,88.68,49.0,100.0,468
case-000520,Systolic blood pressure,117.49,35.0,226.0,253
case-000520,Diastolic blood pressure,74.0,12.0,118.0,253
case-000520,Mean arterial pressure,83.52,18.0,133.0,254
case-000521,Heart rate,73.15,61.0,93.0,584
case-000521,Systolic blood pressure,128.02,-13.0,183.0,158
case-000521,Diastolic blood pressure,64.77,-31.0,139.0,158
case-000521,Mean arterial pressure,88.03,-15.0,155.0,158
case-000521,Respiratory rate,19.61,0.0,40.0,406
case-000521,Oxygen saturation,95.29,81.0,100.0,543
case-000522,Heart rate,100.77,67.0,130.0,491
case-000522,Respiratory rate,18.12,0.0,32.0,491
case-000522,Oxygen saturation,99.53,97.0,100.0,491
case-000522,Systolic blood pressure,126.38,105.0,158.0,42
case-000522,Diastolic blood pressure,62.38,47.0,91.0,42
case-000522,Mean arterial pressure,78.02,65.0,104.0,44
case-000523,Heart rate,85.53,72.0,129.0,666
case-000523,Respiratory rate,18.69,8.0,28.0,662
case-000523,Oxygen saturation,98.03,55.0,100.0,347
case-000523,Systolic blood pressure,138.3,108.0,159.0,56
case-000523,Diastolic blood pressure,64.07,46.0,120.0,56
case-000523,Mean arterial pressure,81.55,59.0,127.0,56
case-000524,Heart rate,99.83,85.0,118.0,767
case-000524,Respiratory rate,17.83,10.0,27.0,762
case-000524,Oxygen saturation,96.15,73.0,100.0,759
case-000524,Systolic blood pressure,113.39,91.0,141.0,57
case-000524,Diastolic blood pressure,57.88,38.0,119.0,57
case-000524,Mean arterial pressure,70.75,49.0,124.0,57
case-000525,Heart rate,93.41,76.0,107.0,271
case-000525,Systolic blood pressure,114.0,73.0,164.0,187
case-000525,Diastolic blood pressure,52.82,40.0,80.0,187
case-000525,Mean arterial pressure,67.53,56.0,150.0,188
case-000525,Respiratory rate,13.96,0.0,24.0,271
case-000525,Oxygen saturation,97.79,86.0,100.0,233
case-000526,Heart rate,79.59,63.0,120.0,1248
case-000526,Respiratory rate,20.21,12.0,27.0,1248
case-000526,Oxygen saturation,93.86,87.0,99.0,1245
case-000526,Systolic blood pressure,119.27,82.0,140.0,118
case-000526,Diastolic blood pressure,52.98,30.0,110.0,118
case-000526,Mean arterial pressure,68.83,35.0,114.0,122
case-000527,Heart rate,83.68,0.0,115.0,11924
case-000527,Oxygen saturation,96.77,80.0,100.0,11281
case-000527,Systolic blood pressure,135.54,75.0,191.0,2176
case-000527,Diastolic blood pressure,63.53,30.0,152.0,2176
case-000527,Mean arterial pressure,80.66,47.0,156.0,2177
case-000528,Heart rate,102.96,69.0,130.0,2008
case-000528,Systolic blood pressure,132.35,87.0,180.0,447
case-000528,Diastolic blood pressure,71.54,39.0,132.0,447
case-000528,Mean arterial pressure,85.85,51.0,142.0,447
case-000528,Respiratory rate,16.42,0.0,26.0,1986
case-000528,Oxygen saturation,97.82,82.0,100.0,1961
case-000529,Heart rate,112.13,80.0,138.0,159
case-000529,Systolic blood pressure,108.76,41.0,188.0,167
case-000529,Diastolic blood pressure,83.5,33.0,125.0,168
case-000529,Mean arterial pressure,93.09,35.0,147.0,168
case-000529,Respiratory rate,0.0,0.0,0.0,159
case-000529,Oxygen saturation,89.67,6.0,96.0,46
case-000529,Body temperature,33.84,32.4,36.0,152
case-000530,Heart rate,73.7,57.0,95.0,673
case-000530,Systolic blood pressure,130.41,112.0,166.0,302
case-000530,Diastolic blood pressure,64.45,45.0,107.0,302
case-000530,Mean arterial pressure,79.71,67.0,114.0,302
case-000530,Respiratory rate,18.22,11.0,24.0,672
case-000530,Oxygen saturation,95.66,86.0,100.0,673
case-000531,Heart rate,95.26,77.0,121.0,232
case-000531,Respiratory rate,23.36,16.0,32.0,232
case-000531,Oxygen saturation,97.67,73.0,100.0,232
case-000531,Systolic blood pressure,118.21,86.0,163.0,78
case-000531,Diastolic blood pressure,51.01,30.0,117.0,78
case-000531,Mean arterial pressure,67.21,47.0,124.0,78
case-000532,Heart rate,105.34,86.0,128.0,899
case-000532,Respiratory rate,24.62,18.0,34.0,230
case-000532,Oxygen saturation,94.54,80.0,100.0,591
case-000532,Systolic blood pressure,129.83,91.0,155.0,105
case-000532,Diastolic blood pressure,65.54,53.0,101.0,105
case-000532,Mean arterial pressure,88.05,60.0,122.0,106
case-000533,Heart rate,86.52,74.0,102.0,227
case-000533,Respiratory rate,20.72,17.0,25.0,227
case-000533,Oxygen saturation,96.1,80.0,100.0,227
case-000533,Systolic blood pressure,105.53,61.0,141.0,74
case-000533,Diastolic blood pressure,59.65,31.0,112.0,74
case-000533,Mean arterial pressure,69.96,38.0,117.0,74
case-000534,Heart rate,84.42,40.0,169.0,2534
case-000534,Systolic blood pressure,136.34,85.0,199.0,413
case-000534,Diastolic blood pressure,68.98,38.0,196.0,413
case-000534,Mean arterial pressure,84.73,47.0,200.0,413
case-000534,Respiratory rate,21.06,0.0,44.0,2246
case-000534,Oxygen saturation,98.66,70.0,100.0,2479
case-000534,Body temperature,35.86,23.7,37.5,183
case-000535,Heart rate,75.14,0.0,102.0,2530
case-000535,Oxygen saturation,97.55,80.0,100.0,2338
case-000535,Systolic blood pressure,97.47,61.0,145.0,513
case-000535,Diastolic blood pressure,57.05,27.0,124.0,513
case-000535,Mean arterial pressure,66.31,39.0,128.0,513
case-000536,Heart rate,83.93,68.0,103.0,348
case-000536,Systolic blood pressure,107.51,82.0,170.0,307
case-000536,Diastolic blood pressure,63.51,49.0,80.0,307
case-000536,Mean arterial pressure,73.85,62.0,238.0,309
case-000536,Respiratory rate,20.39,13.0,31.0,348
case-000536,Oxygen saturation,95.04,90.0,100.0,348
case-000537,Heart rate,82.6,75.0,93.0,199
case-000537,Respiratory rate,19.71,14.0,27.0,199
case-000537,Oxygen saturation,99.34,91.0,100.0,192
case-000537,Systolic blood pressure,127.72,84.0,161.0,47
case-000537,Diastolic blood pressure,58.81,45.0,95.0,47
case-000537,Mean arterial pressure,75.51,63.0,102.0,47
case-000538,Heart rate,94.09,68.0,154.0,832
case-000538,Respiratory rate,17.81,9.0,38.0,832
case-000538,Oxygen saturation,96.64,69.0,100.0,791
case-000538,Systolic blood pressure,124.4,79.0,203.0,81
case-000538,Diastolic blood pressure,73.31,49.0,185.0,81
case-000538,Mean arterial pressure,84.94,57.0,189.0,81
case-000539,Heart rate,60.27,60.0,80.0,791
case-000539,Respiratory rate,18.93,13.0,24.0,576
case-000539,Oxygen saturation,98.36,81.0,100.0,660
case-000539,Systolic blood pressure,97.76,77.0,138.0,75
case-000539,Diastolic blood pressure,52.67,36.0,79.0,75
case-000539,Mean arterial pressure,63.2,46.0,83.0,75
case-000540,Heart rate,101.9,86.0,122.0,491
case-000540,Respiratory rate,25.72,6.0,67.0,450
case-000540,Oxygen saturation,95.12,77.0,100.0,311
case-000540,Systolic blood pressure,162.39,71.0,234.0,101
case-000540,Diastolic blood pressure,67.43,33.0,148.0,101
case-000540,Mean arterial pressure,106.51,54.0,190.0,102
case-000541,Heart rate,80.31,60.0,120.0,1111
case-000541,Respiratory rate,19.37,10.0,34.0,1111
case-000541,Oxygen saturation,96.15,82.0,100.0,1108
case-000541,Systolic blood pressure,142.5,89.0,180.0,153
case-000541,Diastolic blood pressure,65.46,31.0,90.0,153
case-000541,Mean arterial pressure,97.79,62.0,126.0,154
case-000542,Heart rate,87.39,64.0,120.0,584
case-000542,Systolic blood pressure,118.65,77.0,179.0,434
case-000542,Diastolic blood pressure,55.5,38.0,93.0,434
case-000542,Mean arterial pressure,70.54,51.0,272.0,439
case-000542,Respiratory rate,18.97,3.0,31.0,584
case-000542,Oxygen saturation,97.53,87.0,100.0,566
case-000542,Body temperature,37.03,21.944,37.444,291
case-000543,Heart rate,60.37,60.0,82.0,508
case-000543,Respiratory rate,18.08,14.0,28.0,508
case-000543,Oxygen saturation,97.83,93.0,100.0,291
case-000543,Systolic blood pressure,101.97,60.0,127.0,38
case-000543,Diastolic blood pressure,49.24,21.0,69.0,38
case-000543,Mean arterial pressure,61.0,29.0,81.0,38
case-000544,Heart rate,85.77,54.0,159.0,2197
case-000544,Oxygen saturation,99.22,57.0,100.0,1514
case-000544,Systolic blood pressure,135.47,73.0,194.0,266
case-000544,Diastolic blood pressure,67.09,29.0,124.0,266
case-000544,Mean arterial pressure,83.49,43.0,129.0,266
case-000545,Heart rate,56.36,0.0,106.0,25
case-000545,Systolic blood pressure,69.0,30.0,83.0,18
case-000545,Diastolic blood pressure,39.8,22.0,52.0,18
case-000545,Mean arterial pressure,46.8,2.0,63.0,24
case-000545,Respiratory rate,9.4,0.0,26.0,25
case-000545,Oxygen saturation,96.46,79.0,99.0,13
case-000546,Heart rate,101.27,61.0,184.0,2571
case-000546,Respiratory rate,18.67,6.0,36.0,2569
case-000546,Oxygen saturation,94.42,75.0,100.0,2533
case-000546,Systolic blood pressure,139.77,67.0,208.0,385
case-000546,Diastolic blood pressure,74.4,40.0,170.0,385
case-000546,Mean arterial pressure,88.84,45.0,180.0,385
case-000547,Heart rate,92.27,71.0,130.0,248
case-000547,Systolic blood pressure,116.08,90.0,153.0,244
case-000547,Diastolic blood pressure,73.25,51.0,93.0,244
case-000547,Mean arterial pressure,89.17,65.0,114.0,244
case-000547,Respiratory rate,16.65,6.0,36.0,248
case-000547,Oxygen saturation,98.1,91.0,100.0,248
case-000548,Heart rate,95.09,67.0,124.0,578
case-000548,Systolic blood pressure,99.04,67.0,121.0,89
case-000548,Diastolic blood pressure,60.83,44.0,75.0,89
case-000548,Mean arterial pressure,69.65,48.0,83.0,89
case-000548,Respiratory rate,17.47,9.0,30.0,578
case-000548,Oxygen saturation,97.88,94.0,100.0,577
case-000549,Heart rate,62.26,55.0,73.0,1491
case-000549,Respiratory rate,19.94,0.0,26.0,126
case-000549,Oxygen saturation,97.81,81.0,100.0,1347
case-000549,Systolic blood pressure,100.37,56.0,165.0,225
case-000549,Diastolic blood pressure,56.27,29.0,98.0,225
case-000549,Mean arterial pressure,66.6,39.0,105.0,225
case-000550,Heart rate,91.44,79.0,111.0,1812
case-000550,Respiratory rate,18.41,0.0,28.0,1813
case-000550,Oxygen saturation,99.99,95.0,100.0,1746
case-000550,Body temperature,36.92,35.95,37.5,1545
case-000550,Systolic blood pressure,149.75,81.0,197.0,179
case-000550,Diastolic blood pressure,82.01,49.0,152.0,179
case-000550,Mean arterial pressure,98.39,57.0,157.0,179
case-000551,Heart rate,91.27,68.0,138.0,622
case-000551,Respiratory rate,18.1,12.0,38.0,370
case-000551,Oxygen saturation,99.29,84.0,100.0,378
case-000551,Systolic blood pressure,139.6,91.0,167.0,50
case-000551,Diastolic blood pressure,79.14,44.0,140.0,50
case-000551,Mean arterial pressure,93.26,58.0,144.0,50
case-000552,Heart rate,92.52,67.0,138.0,859
case-000552,Respiratory rate,21.76,10.0,30.0,859
case-000552,Oxygen saturation,96.78,82.0,100.0,764
case-000552,Systolic blood pressure,109.23,36.0,155.0,175
case-000552,Diastolic blood pressure,54.74,12.0,118.0,175
case-000552,Mean arterial pressure,67.24,17.0,126.0,176
case-000553,Heart rate,80.84,68.0,100.0,262
case-000553,Systolic blood pressure,128.75,102.0,178.0,224
case-000553,Diastolic blood pressure,68.25,48.0,91.0,224
case-000553,Mean arterial pressure,91.12,64.0,125.0,224
case-000553,Respiratory rate,18.64,14.0,32.0,256
case-000553,Oxygen saturation,96.45,87.0,100.0,256
case-000554,Heart rate,64.77,0.0,176.0,1947
case-000554,Systolic blood pressure,107.5,32.0,180.0,1950
case-000554,Diastolic blood pressure,65.25,26.0,103.0,1950
case-000554,Mean arterial pressure,74.88,7.0,126.0,1953
case-000554,Respiratory rate,14.11,0.0,27.0,1947
case-000554,Oxygen saturation,99.59,29.0,100.0,1595
case-000555,Heart rate,98.44,88.0,110.0,248
case-000555,Respiratory rate,20.26,10.0,29.0,210
case-000555,Oxygen saturation,90.69,4.0,100.0,199
case-000555,Systolic blood pressure,126.91,104.0,147.0,22
case-000555,Diastolic blood pressure,75.0,66.0,85.0,22
case-000555,Mean arterial pressure,87.18,77.0,99.0,22
case-000556,Heart rate,105.98,30.0,175.0,278
case-000556,Respiratory rate,26.47,0.0,38.0,279
case-000556,Oxygen saturation,98.49,79.0,100.0,274
case-000556,Body temperature,37.83,30.05,38.4,82
case-000556,Systolic blood pressure,142.72,50.0,209.0,88
case-000556,Diastolic blood pressure,71.43,11.0,171.0,88
case-000556,Mean arterial pressure,90.95,16.0,183.0,88
case-000557,Heart rate,112.81,103.0,124.0,581
case-000557,Respiratory rate,24.14,9.0,34.0,581
case-000557,Oxygen saturation,97.68,95.0,100.0,578
case-000557,Systolic blood pressure,113.37,96.0,143.0,60
case-000557,Diastolic blood pressure,53.67,37.0,69.0,60
case-000557,Mean arterial pressure,67.47,53.0,78.0,60
case-000558,Heart rate,54.31,40.0,88.0,580
case-000558,Systolic blood pressure,103.84,73.0,183.0,731
case-000558,Diastolic blood pressure,69.91,21.0,130.0,731
case-000558,Mean arterial pressure,77.68,-22.0,181.0,743
case-000558,Respiratory rate,19.73,13.0,40.0,580
case-000558,Oxygen saturation,97.87,47.0,100.0,291
case-000559,Heart rate,96.47,0.0,126.0,1398
case-000559,Systolic blood pressure,96.54,14.0,173.0,1529
case-000559,Diastolic blood pressure,45.89,14.0,65.0,1529
case-000559,Mean arterial pressure,65.27,14.0,97.0,1529
case-000559,Respiratory rate,29.26,0.0,110.0,1398
case-000559,Oxygen saturation,96.4,24.0,100.0,1386
case-000560,Heart rate,96.95,64.0,122.0,1423
case-000560,Respiratory rate,18.81,1.0,31.0,1343
case-000560,Oxygen saturation,95.1,78.0,100.0,896
case-000560,Systolic blood pressure,106.18,51.0,236.0,228
case-000560,Diastolic blood pressure,51.48,16.0,204.0,228
case-000560,Mean arterial pressure,64.71,28.0,210.0,228
case-000561,Heart rate,123.04,98.0,158.0,703
case-000561,Respiratory rate,23.56,0.0,48.0,685
case-000561,Oxygen saturation,96.8,79.0,100.0,456
case-000561,Systolic blood pressure,123.6,74.0,152.0,15
case-000561,Diastolic blood pressure,72.33,44.0,91.0,15
case-000561,Mean arterial pressure,87.33,53.0,111.0,15
case-000562,Heart rate,116.52,96.0,131.0,61
case-000562,Respiratory rate,25.62,20.0,34.0,61
case-000562,Oxygen saturation,94.73,80.0,100.0,41
case-000562,Systolic blood pressure,118.09,95.0,151.0,11
case-000562,Diastolic blood pressure,84.55,67.0,103.0,11
case-000562,Mean arterial pressure,91.45,71.0,113.0,11
case-000563,Heart rate,62.32,54.0,98.0,268
case-000563,Respiratory rate,19.09,0.0,24.0,266
case-000563,Oxygen saturation,99.04,61.0,100.0,153
case-000563,Systolic blood pressure,110.09,86.0,131.0,23
case-000563,Diastolic blood pressure,41.7,23.0,58.0,23
case-000563,Mean arterial pressure,58.75,42.0,73.0,24
case-000564,Heart rate,80.68,56.0,123.0,924
case-000564,Respiratory rate,23.23,6.0,39.0,924
case-000564,Oxygen saturation,95.16,90.0,100.0,920
case-000564,Systolic blood pressure,119.66,89.0,166.0,85
case-000564,Diastolic blood pressure,68.16,32.0,103.0,85
case-000564,Mean arterial pressure,80.44,50.0,117.0,85
case-000565,Heart rate,60.32,59.0,64.0,783
case-000565,Respiratory rate,19.73,8.0,33.0,782
case-000565,Oxygen saturation,99.43,93.0,100.0,784
case-000565,Systolic blood pressure,126.97,77.0,161.0,71
case-000565,Diastolic blood pressure,63.18,47.0,99.0,71
case-000565,Mean arterial pressure,77.99,54.0,107.0,71
case-000566,Heart rate,96.73,70.0,122.0,745
case-000566,Respiratory rate,15.17,0.0,22.0,745
case-000566,Oxygen saturation,99.34,96.0,100.0,256
case-000566,Systolic blood pressure,125.85,95.0,144.0,62
case-000566,Diastolic blood pressure,80.1,44.0,97.0,62
case-000566,Mean arterial pressure,90.02,56.0,105.0,62
case-000567,Heart rate,90.16,72.0,107.0,1486
case-000567,Systolic blood pressure,99.56,51.0,157.0,679
case-000567,Diastolic blood pressure,56.55,17.0,90.0,679
case-000567,Mean arterial pressure,66.24,23.0,297.0,681
case-000567,Oxygen saturation,98.83,80.0,100.0,1408
case-000568,Heart rate,91.36,82.0,103.0,72
case-000568,Respiratory rate,19.24,15.0,23.0,72
case-000568,Oxygen saturation,95.32,87.0,99.0,72
case-000568,Systolic blood pressure,123.33,116.0,129.0,6
case-000568,Diastolic blood pressure,67.33,48.0,83.0,6
case-000568,Mean arterial pressure,79.0,62.0,93.0,6
case-000569,Heart rate,106.16,82.0,139.0,661
case-000569,Respiratory rate,15.72,9.0,26.0,661
case-000569,Oxygen saturation,98.72,82.0,100.0,365
case-000569,Systolic blood pressure,118.56,78.0,183.0,61
case-000569,Diastolic blood pressure,62.46,40.0,98.0,61
case-000569,Mean arterial pressure,75.2,57.0,119.0,61
case-000570,Heart rate,83.11,65.0,109.0,390
case-000570,Respiratory rate,15.1,9.0,25.0,390
case-000570,Oxygen saturation,95.24,87.0,98.0,324
case-000570,Systolic blood pressure,119.75,78.0,152.0,55
case-000570,Diastolic blood pressure,63.76,30.0,124.0,55
case-000570,Mean arterial pressure,76.31,50.0,127.0,55
case-000571,Heart rate,87.17,0.0,123.0,902
case-000571,Respiratory rate,25.65,0.0,53.0,911
case-000571,Oxygen saturation,96.38,79.0,100.0,807
case-000571,Systolic blood pressure,104.84,57.0,140.0,216
case-000571,Diastolic blood pressure,60.52,23.0,95.0,216
case-000571,Mean arterial pressure,74.25,34.0,114.0,216
case-000572,Heart rate,90.03,86.0,96.0,209
case-000572,Respiratory rate,13.65,8.0,20.0,208
case-000572,Oxygen saturation,95.01,80.0,99.0,190
case-000572,Systolic blood pressure,104.7,79.0,137.0,40
case-000572,Diastolic blood pressure,51.33,34.0,90.0,40
case-000572,Mean arterial pressure,63.53,47.0,99.0,43
case-000573,Heart rate,87.14,74.0,102.0,138
case-000573,Respiratory rate,19.21,17.0,22.0,138
case-000573,Oxygen saturation,97.05,86.0,100.0,128
case-000573,Systolic blood pressure,138.96,95.0,262.0,27
case-000573,Diastolic blood pressure,98.0,58.0,244.0,27
case-000573,Mean arterial pressure,107.56,72.0,248.0,27
case-000574,Heart rate,126.4,29.0,139.0,156
case-000574,Respiratory rate,31.46,0.0,37.0,156
case-000574,Oxygen saturation,99.39,95.0,100.0,156
case-000574,Systolic blood pressure,82.49,43.0,217.0,81
case-000574,Diastolic blood pressure,45.64,19.0,187.0,81
case-000574,Mean arterial pressure,53.73,29.0,195.0,82
case-000575,Heart rate,78.11,50.0,130.0,591
case-000575,Respiratory rate,20.93,0.0,41.0,590
case-000575,Oxygen saturation,97.79,63.0,100.0,563
case-000575,Systolic blood pressure,186.46,139.0,236.0,59
case-000575,Diastolic blood pressure,90.8,60.0,123.0,59
case-000575,Mean arterial pressure,132.29,85.0,168.0,59
case-000576,Heart rate,100.71,92.0,114.0,126
case-000576,Respiratory rate,26.5,12.0,40.0,101
case-000576,Oxygen saturation,99.78,97.0,100.0,125
case-000576,Systolic blood pressure,75.58,50.0,102.0,31
case-000576,Diastolic blood pressure,44.0,34.0,54.0,31
case-000576,Mean arterial pressure,52.84,39.0,73.0,31
case-000577,Heart rate,96.44,58.0,128.0,361
case-000577,Respiratory rate,24.33,14.0,78.0,361
case-000577,Oxygen saturation,96.23,91.0,100.0,360
case-000577,Systolic blood pressure,123.79,95.0,149.0,78
case-000577,Diastolic blood pressure,68.35,43.0,130.0,78
case-000577,Mean arterial pressure,91.76,71.0,135.0,78
case-000578,Heart rate,91.33,74.0,159.0,487
case-000578,Respiratory rate,13.26,7.0,27.0,487
case-000578,Oxygen saturation,96.26,67.0,100.0,481
case-000578,Systolic blood pressure,115.94,67.0,181.0,80
case-000578,Diastolic blood pressure,73.19,51.0,105.0,80
case-000578,Mean arterial pressure,83.1,55.0,118.0,80
case-000579,Heart rate,108.3,91.0,187.0,214
case-000579,Respiratory rate,12.56,0.0,38.0,217
case-000579,Oxygen saturation,94.1,90.0,96.0,31
case-000579,Systolic blood pressure,123.12,96.0,152.0,17
case-000579,Diastolic blood pressure,72.71,62.0,82.0,17
case-000579,Mean arterial pressure,94.12,76.0,130.0,17
case-000580,Heart rate,99.06,89.0,106.0,282
case-000580,Respiratory rate,26.07,20.0,37.0,282
case-000580,Oxygen saturation,91.09,87.0,96.0,278
case-000580,Systolic blood pressure,110.38,90.0,134.0,39
case-000580,Diastolic blood pressure,75.21,55.0,86.0,39
case-000580,Mean arterial pressure,89.51,67.0,103.0,39
case-000581,Heart rate,73.75,44.0,108.0,294
case-000581,Respiratory rate,16.81,2.0,24.0,190
case-000581,Oxygen saturation,97.39,82.0,100.0,262
case-000581,Systolic blood pressure,155.79,101.0,178.0,14
case-000581,Diastolic blood pressure,79.29,66.0,106.0,14
case-000581,Mean arterial pressure,97.14,78.0,118.0,14
case-000582,Heart rate,85.33,57.0,141.0,2712
case-000582,Respiratory rate,15.98,4.0,40.0,2616
case-000582,Oxygen saturation,90.5,55.0,100.0,2611
case-000582,Body temperature,36.89,29.6,38.3,2703
case-000582,Systolic blood pressure,127.7,60.0,167.0,280
case-000582,Diastolic blood pressure,78.71,46.0,116.0,280
case-000582,Mean arterial pressure,90.11,49.0,124.0,280
case-000583,Heart rate,82.91,0.0,153.0,850
case-000583,Respiratory rate,10.81,0.0,26.0,850
case-000583,Oxygen saturation,65.25,0.0,100.0,850
case-000583,Systolic blood pressure,120.62,66.0,179.0,123
case-000583,Diastolic blood pressure,64.65,34.0,112.0,123
case-000583,Mean arterial pressure,84.89,48.0,127.0,123
case-000584,Heart rate,71.36,56.0,90.0,442
case-000584,Respiratory rate,18.82,13.0,28.0,429
case-000584,Oxygen saturation,98.42,96.0,100.0,442
case-000584,Systolic blood pressure,124.57,114.0,133.0,7
case-000584,Diastolic blood pressure,75.71,66.0,85.0,7
case-000584,Mean arterial pressure,86.71,78.0,95.0,7
case-000585,Heart rate,81.58,69.0,100.0,329
case-000585,Respiratory rate,16.69,7.0,29.0,329
case-000585,Oxygen saturation,96.13,79.0,100.0,293
case-000585,Systolic blood pressure,114.5,107.0,129.0,8
case-000585,Diastolic blood pressure,82.62,65.0,92.0,8
case-000585,Mean arterial pressure,89.62,71.0,100.0,8
case-000586,Heart rate,94.03,87.0,104.0,199
case-000586,Respiratory rate,23.39,18.0,32.0,199
case-000586,Oxygen saturation,96.91,95.0,99.0,198
case-000586,Systolic blood pressure,105.95,97.0,114.0,19
case-000586,Diastolic blood pressure,48.89,42.0,59.0,19
case-000586,Mean arterial pressure,61.95,56.0,71.0,19
case-000587,Heart rate,81.89,64.0,125.0,519
case-000587,Oxygen saturation,95.58,86.0,99.0,296
case-000587,Systolic blood pressure,133.17,77.0,183.0,136
case-000587,Diastolic blood pressure,66.4,49.0,159.0,136
case-000587,Mean arterial pressure,81.74,55.0,165.0,136
case-000588,Heart rate,73.93,50.0,121.0,658
case-000588,Respiratory rate,16.66,3.0,33.0,658
case-000588,Oxygen saturation,96.61,87.0,100.0,658
case-000588,Systolic blood pressure,139.67,89.0,200.0,118
case-000588,Diastolic blood pressure,66.49,43.0,122.0,118
case-000588,Mean arterial pressure,84.39,60.0,128.0,125
case-000589,Heart rate,78.74,64.0,109.0,232
case-000589,Respiratory rate,17.21,11.0,28.0,232
case-000589,Oxygen saturation,97.59,94.0,100.0,232
case-000589,Systolic blood pressure,105.73,85.0,123.0,26
case-000589,Diastolic blood pressure,57.04,43.0,67.0,26
case-000589,Mean arterial pressure,68.65,56.0,78.0,26
case-000590,Heart rate,94.63,70.0,134.0,727
case-000590,Respiratory rate,17.38,11.0,29.0,486
case-000590,Oxygen saturation,94.44,0.0,100.0,528
case-000590,Systolic blood pressure,119.44,74.0,157.0,174
case-000590,Diastolic blood pressure,67.52,10.0,111.0,174
case-000590,Mean arterial pressure,79.08,28.0,120.0,187
case-000591,Heart rate,81.11,74.0,86.0,65
case-000591,Systolic blood pressure,110.05,79.0,167.0,70
case-000591,Diastolic blood pressure,62.73,42.0,87.0,70
case-000591,Mean arterial pressure,73.6,0.0,107.0,71
case-000591,Respiratory rate,17.89,14.0,21.0,65
case-000591,Oxygen saturation,97.11,91.0,100.0,55
case-000592,Heart rate,80.34,48.0,124.0,13109
case-000592,Systolic blood pressure,131.39,48.0,261.0,7224
case-000592,Diastolic blood pressure,50.59,22.0,186.0,7224
case-000592,Mean arterial pressure,69.88,3.0,201.0,7492
case-000592,Respiratory rate,23.68,0.0,44.0,12022
case-000592,Oxygen saturation,97.38,65.0,100.0,12990
case-000593,Heart rate,88.22,58.0,140.0,3075
case-000593,Systolic blood pressure,130.09,45.0,204.0,2059
case-000593,Diastolic blood pressure,65.78,36.0,171.0,2059
case-000593,Mean arterial pressure,80.96,43.0,289.0,2233
case-000593,Respiratory rate,22.26,0.0,38.0,3075
case-000593,Oxygen saturation,96.56,72.0,100.0,3048
case-000594,Heart rate,97.2,71.0,118.0,927
case-000594,Respiratory rate,21.04,15.0,31.0,926
case-000594,Oxygen saturation,98.44,81.0,100.0,875
case-000594,Systolic blood pressure,111.97,80.0,159.0,278
case-000594,Diastolic blood pressure,69.34,53.0,90.0,278
case-000594,Mean arterial pressure,78.73,64.0,106.0,278
case-000595,Heart rate,89.55,58.0,138.0,10440
case-000595,Systolic blood pressure,118.16,67.0,184.0,1642
case-000595,Diastolic blood pressure,66.89,36.0,127.0,1642
case-000595,Mean arterial pressure,78.38,47.0,198.0,1644
case-000595,Respiratory rate,26.35,12.0,38.0,10439
case-000595,Oxygen saturation,97.19,82.0,100.0,10420
case-000596,Heart rate,81.63,43.0,119.0,2454
case-000596,Systolic blood pressure,120.19,31.0,300.0,2150
case-000596,Diastolic blood pressure,59.42,21.0,300.0,2150
case-000596,Mean arterial pressure,76.85,23.0,300.0,2150
case-000596,Respiratory rate,25.52,0.0,52.0,724
case-000596,Oxygen saturation,92.82,44.0,100.0,2439
case-000596,Body temperature,36.87,24.4,38.9,36
case-000597,Heart rate,79.69,67.0,118.0,842
case-000597,Systolic blood pressure,131.48,83.0,177.0,639
case-000597,Diastolic blood pressure,79.71,46.0,123.0,639
case-000597,Mean arterial pressure,97.26,58.0,137.0,639
case-000597,Respiratory rate,17.53,0.0,25.0,819
case-000597,Oxygen saturation,97.76,88.0,100.0,840
case-000598,Heart rate,81.72,0.0,165.0,2004
case-000598,Respiratory rate,29.48,0.0,52.0,2004
case-000598,Oxygen saturation,99.12,77.0,100.0,1906
case-000598,Systolic blood pressure,105.56,59.0,159.0,535
case-000598,Diastolic blood pressure,56.15,41.0,95.0,535
case-000598,Mean arterial pressure,75.96,47.0,120.0,535
case-000599,Heart rate,109.09,0.0,163.0,560
case-000599,Systolic blood pressure,90.81,36.0,232.0,463
case-000599,Diastolic blood pressure,60.91,22.0,199.0,463
case-000599,Mean arterial pressure,68.21,12.0,207.0,466
case-000599,Respiratory rate,22.04,0.0,37.0,560
case-000599,Oxygen saturation,91.01,33.0,100.0,547
case-000600,Heart rate,79.29,63.0,110.0,1837
case-000600,Respiratory rate,23.99,17.0,34.0,1837
case-000600,Oxygen saturation,96.83,73.0,100.0,1835
case-000600,Systolic blood pressure,146.88,103.0,182.0,159
case-000600,Diastolic blood pressure,53.26,34.0,125.0,159
case-000600,Mean arterial pressure,76.31,52.0,132.0,159
case-000601,Heart rate,119.95,103.0,162.0,785
case-000601,Respiratory rate,24.68,0.0,47.0,702
case-000601,Oxygen saturation,95.88,69.0,100.0,704
case-000601,Systolic blood pressure,122.23,42.0,197.0,282
case-000601,Diastolic blood pressure,69.9,19.0,141.0,282
case-000601,Mean arterial pressure,81.3,24.0,155.0,282
case-000602,Heart rate,85.99,45.0,98.0,278
case-000602,Systolic blood pressure,110.71,84.0,154.0,211
case-000602,Diastolic blood pressure,62.21,49.0,75.0,211
case-000602,Mean arterial pressure,73.08,57.0,97.0,211
case-000602,Respiratory rate,18.41,13.0,29.0,278
case-000602,Oxygen saturation,97.7,94.0,100.0,276
case-000603,Heart rate,54.98,43.0,93.0,758
case-000603,Respiratory rate,15.31,0.0,57.0,758
case-000603,Oxygen saturation,99.05,89.0,100.0,758
case-000603,Systolic blood pressure,115.43,76.0,164.0,119
case-000603,Diastolic blood pressure,57.99,43.0,106.0,119
case-000603,Mean arterial pressure,83.34,59.0,127.0,119
case-000604,Heart rate,79.99,60.0,108.0,543
case-000604,Systolic blood pressure,102.0,68.0,193.0,696
case-000604,Diastolic blood pressure,53.61,24.0,104.0,696
case-000604,Mean arterial pressure,65.0,35.0,188.0,697
case-000604,Respiratory rate,17.61,10.0,32.0,475
case-000604,Oxygen saturation,99.01,27.0,100.0,340
case-000604,Body temperature,37.1,36.444,37.778,477
case-000605,Heart rate,82.09,46.0,133.0,5967
case-000605,Systolic blood pressure,121.4,67.0,222.0,2810
case-000605,Diastolic blood pressure,61.69,38.0,138.0,2810
case-000605,Mean arterial pressure,75.75,36.0,186.0,2810
case-000605,Oxygen saturation,99.09,66.0,100.0,5735
case-000606,Heart rate,101.83,95.0,121.0,285
case-000606,Respiratory rate,24.57,14.0,36.0,285
case-000606,Oxygen saturation,97.75,93.0,100.0,285
case-000606,Systolic blood pressure,103.94,90.0,120.0,16
case-000606,Diastolic blood pressure,64.5,54.0,76.0,16
case-000606,Mean arterial pressure,73.06,66.0,84.0,16
case-000607,Heart rate,84.82,67.0,127.0,2331
case-000607,Respiratory rate,24.41,0.0,76.0,2337
case-000607,Oxygen saturation,99.53,51.0,100.0,2164
case-000607,Systolic blood pressure,121.36,69.0,195.0,490
case-000607,Diastolic blood pressure,66.03,40.0,112.0,490
case-000607,Mean arterial pressure,86.72,51.0,135.0,490
case-000608,Heart rate,90.07,66.0,105.0,827
case-000608,Respiratory rate,26.43,19.0,35.0,827
case-000608,Oxygen saturation,94.7,85.0,100.0,827
case-000608,Systolic blood pressure,123.31,57.0,173.0,154
case-000608,Diastolic blood pressure,57.52,30.0,109.0,154
case-000608,Mean arterial pressure,72.87,44.0,119.0,154
case-000609,Heart rate,54.25,33.0,89.0,1251
case-000609,Respiratory rate,19.15,12.0,31.0,1251
case-000609,Oxygen saturation,99.27,93.0,100.0,1250
case-000609,Systolic blood pressure,101.45,73.0,160.0,225
case-000609,Diastolic blood pressure,62.73,38.0,93.0,225
case-000609,Mean arterial pressure,71.32,48.0,99.0,225
case-000610,Heart rate,69.49,24.0,104.0,6780
case-000610,Systolic blood pressure,175.04,68.0,266.0,6923
case-000610,Diastolic blood pressure,60.35,31.0,139.0,6923
case-000610,Mean arterial pressure,86.7,19.0,212.0,6954
case-000610,Respiratory rate,23.43,9.0,40.0,6752
case-000610,Oxygen saturation,98.02,31.0,100.0,6725
case-000611,Heart rate,93.29,78.0,112.0,289
case-000611,Systolic blood pressure,130.63,86.0,163.0,262
case-000611,Diastolic blood pressure,72.48,57.0,136.0,262
case-000611,Mean arterial pressure,85.7,71.0,264.0,265
case-000611,Respiratory rate,18.7,0.0,27.0,289
case-000611,Oxygen saturation,94.72,90.0,98.0,289
case-000612,Heart rate,93.45,84.0,120.0,236
case-000612,Respiratory rate,29.19,21.0,55.0,236
case-000612,Oxygen saturation,94.75,79.0,100.0,219
case-000612,Systolic blood pressure,143.0,92.0,191.0,50
case-000612,Diastolic blood pressure,68.14,51.0,111.0,50
case-000612,Mean arterial pressure,93.98,73.0,138.0,50
case-000613,Heart rate,78.95,0.0,100.0,526
case-000613,Respiratory rate,20.59,10.0,27.0,524
case-000613,Oxygen saturation,99.95,92.0,100.0,526
case-000613,Systolic blood pressure,107.75,65.0,140.0,179
case-000613,Diastolic blood pressure,65.37,37.0,92.0,179
case-000613,Mean arterial pressure,75.1,46.0,100.0,179
case-000614,Heart rate,114.78,0.0,154.0,1257
case-000614,Respiratory rate,23.23,13.0,34.0,1232
case-000614,Oxygen saturation,97.52,70.0,100.0,646
case-000614,Systolic blood pressure,105.41,77.0,152.0,164
case-000614,Diastolic blood pressure,78.18,43.0,126.0,164
case-000614,Mean arterial pressure,84.55,55.0,132.0,166
case-000615,Heart rate,85.24,75.0,121.0,1405
case-000615,Respiratory rate,26.58,14.0,37.0,1402
case-000615,Oxygen saturation,96.56,75.0,100.0,1323
case-000615,Systolic blood pressure,115.33,56.0,160.0,157
case-000615,Diastolic blood pressure,68.6,17.0,96.0,158
case-000615,Mean arterial pressure,87.69,18.0,134.0,158
case-000616,Heart rate,89.46,0.0,122.0,581
case-000616,Systolic blood pressure,84.53,19.0,136.0,595
case-000616,Diastolic blood pressure,59.12,6.0,109.0,595
case-000616,Mean arterial pressure,64.97,19.0,251.0,634
case-000616,Oxygen saturation,75.29,6.0,100.0,337
case-000617,Heart rate,98.07,69.0,125.0,361
case-000617,Respiratory rate,10.6,0.0,23.0,325
case-000617,Oxygen saturation,97.67,66.0,100.0,285
case-000617,Systolic blood pressure,86.29,33.0,134.0,94
case-000617,Diastolic blood pressure,29.95,10.0,78.0,94
case-000617,Mean arterial pressure,41.81,18.0,89.0,94
case-000618,Heart rate,91.94,72.0,135.0,471
case-000618,Respiratory rate,20.2,0.0,34.0,471
case-000618,Oxygen saturation,99.35,93.0,100.0,471
case-000618,Systolic blood pressure,138.36,97.0,178.0,111
case-000618,Diastolic blood pressure,92.95,66.0,146.0,111
case-000618,Mean arterial pressure,103.21,72.0,153.0,111
case-000619,Heart rate,90.81,66.0,130.0,1464
case-000619,Systolic blood pressure,149.65,86.0,218.0,1098
case-000619,Diastolic blood pressure,79.16,43.0,198.0,1098
case-000619,Mean arterial pressure,102.79,58.0,278.0,1098
case-000619,Respiratory rate,16.58,5.0,96.0,1324
case-000619,Oxygen saturation,97.92,69.0,100.0,1393
case-000620,Heart rate,101.11,88.0,128.0,724
case-000620,Respiratory rate,19.89,4.0,72.0,723
case-000620,Oxygen saturation,94.62,91.0,100.0,723
case-000620,Systolic blood pressure,113.41,75.0,157.0,223
case-000620,Diastolic blood pressure,59.5,41.0,81.0,223
case-000620,Mean arterial pressure,80.64,54.0,111.0,223
case-000621,Heart rate,68.0,68.0,68.0,160
case-000621,Respiratory rate,15.98,0.0,29.0,160
case-000621,Oxygen saturation,95.59,70.0,100.0,160
case-000621,Systolic blood pressure,76.56,46.0,114.0,43
case-000621,Diastolic blood pressure,49.72,32.0,62.0,43
case-000621,Mean arterial pressure,59.56,37.0,75.0,43
case-000622,Heart rate,105.87,96.0,111.0,30
case-000622,Respiratory rate,17.83,15.0,21.0,6
case-000622,Oxygen saturation,96.0,94.0,97.0,3
case-000622,Systolic blood pressure,111.35,90.0,139.0,62
case-000622,Diastolic blood pressure,67.69,48.0,87.0,62
case-000622,Mean arterial pressure,76.92,61.0,93.0,62
case-000623,Heart rate,63.92,52.0,116.0,247
case-000623,Respiratory rate,16.06,11.0,30.0,247
case-000623,Oxygen saturation,99.7,85.0,100.0,239
case-000623,Systolic blood pressure,167.33,136.0,203.0,49
case-000623,Diastolic blood pressure,74.27,57.0,93.0,49
case-000623,Mean arterial pressure,112.16,88.0,153.0,49
case-000624,Heart rate,69.77,32.0,110.0,786
case-000624,Respiratory rate,20.65,0.0,47.0,786
case-000624,Oxygen saturation,95.16,82.0,100.0,786
case-000624,Systolic blood pressure,100.99,76.0,136.0,95
case-000624,Diastolic blood pressure,62.51,47.0,94.0,95
case-000624,Mean arterial pressure,76.27,61.0,103.0,95
case-000625,Heart rate,97.12,77.0,126.0,296
case-000625,Respiratory rate,20.27,9.0,28.0,188
case-000625,Oxygen saturation,98.29,88.0,100.0,251
case-000625,Systolic blood pressure,103.53,82.0,122.0,17
case-000625,Diastolic blood pressure,56.53,34.0,101.0,17
case-000625,Mean arterial pressure,66.76,44.0,107.0,17
case-000626,Heart rate,66.85,42.0,88.0,605
case-000626,Systolic blood pressure,113.91,13.0,214.0,738
case-000626,Diastolic blood pressure,58.48,6.0,112.0,737
case-000626,Mean arterial pressure,80.82,15.0,131.0,737
case-000626,Respiratory rate,25.4,4.0,167.0,223
case-000626,Oxygen saturation,93.62,54.0,99.0,606
case-000626,Body temperature,36.38,33.0,38.222,329
case-000627,Heart rate,98.13,71.0,115.0,146
case-000627,Respiratory rate,32.48,26.0,52.0,146
case-000627,Oxygen saturation,95.45,88.0,100.0,146
case-000627,Systolic blood pressure,126.83,109.0,150.0,24
case-000627,Diastolic blood pressure,62.71,46.0,86.0,24
case-000627,Mean arterial pressure,92.17,70.0,106.0,24
case-000628,Heart rate,84.09,74.0,103.0,171
case-000628,Respiratory rate,17.94,14.0,25.0,171
case-000628,Oxygen saturation,94.79,84.0,100.0,170
case-000628,Systolic blood pressure,149.87,75.0,190.0,54
case-000628,Diastolic blood pressure,63.17,39.0,126.0,54
case-000628,Mean arterial pressure,82.7,54.0,129.0,54
case-000629,Heart rate,70.94,69.0,73.0,35
case-000629,Respiratory rate,26.03,22.0,31.0,35
case-000629,Oxygen saturation,90.66,88.0,93.0,35
case-000630,Heart rate,82.81,70.0,93.0,250
case-000630,Respiratory rate,18.41,14.0,24.0,250
case-000630,Oxygen saturation,97.88,73.0,100.0,107
case-000630,Systolic blood pressure,134.07,120.0,147.0,14
case-000630,Diastolic blood pressure,90.79,77.0,109.0,14
case-000630,Mean arterial pressure,101.33,86.0,114.0,15
case-000631,Heart rate,98.32,86.0,123.0,911
case-000631,Systolic blood pressure,98.39,80.0,140.0,709
case-000631,Diastolic blood pressure,65.93,44.0,113.0,709
case-000631,Mean arterial pressure,73.55,56.0,119.0,710
case-000631,Respiratory rate,20.41,14.0,32.0,909
case-000631,Oxygen saturation,88.87,32.0,100.0,706
case-000631,Body temperature,36.72,23.4,38.1,834
case-000632,Heart rate,114.58,99.0,154.0,408
case-000632,Oxygen saturation,97.88,94.0,100.0,407
case-000632,Systolic blood pressure,141.26,108.0,184.0,34
case-000632,Diastolic blood pressure,73.5,53.0,106.0,34
case-000632,Mean arterial pressure,93.38,65.0,119.0,34
case-000633,Heart rate,62.12,29.0,92.0,2424
case-000633,Respiratory rate,11.02,0.0,29.0,2447
case-000633,Oxygen saturation,95.56,73.0,100.0,2068
case-000633,Systolic blood pressure,106.68,46.0,161.0,471
case-000633,Diastolic blood pressure,57.24,29.0,144.0,471
case-000633,Mean arterial pressure,76.2,38.0,149.0,471
case-000634,Heart rate,99.11,76.0,155.0,790
case-000634,Respiratory rate,21.32,13.0,47.0,790
case-000634,Oxygen saturation,96.23,80.0,100.0,791
case-000634,Systolic blood pressure,132.76,84.0,171.0,268
case-000634,Diastolic blood pressure,77.53,53.0,103.0,268
case-000634,Mean arterial pressure,100.32,68.0,135.0,268
case-000635,Heart rate,68.2,0.0,101.0,515
case-000635,Respiratory rate,21.63,0.0,42.0,515
case-000635,Oxygen saturation,99.64,0.0,100.0,502
case-000635,Body temperature,33.98,32.4,36.4,499
case-000635,Systolic blood pressure,105.21,60.0,173.0,165
case-000635,Diastolic blood pressure,49.47,10.0,71.0,165
case-000635,Mean arterial pressure,62.48,35.0,81.0,167
case-000636,Heart rate,73.7,61.0,94.0,145
case-000636,Respiratory rate,32.41,22.0,37.0,145
case-000636,Oxygen saturation,93.74,69.0,100.0,118
case-000636,Systolic blood pressure,150.96,68.0,249.0,23
case-000636,Diastolic blood pressure,97.26,18.0,211.0,23
case-000636,Mean arterial pressure,107.91,32.0,218.0,23
case-000637,Heart rate,80.53,65.0,96.0,1088
case-000637,Respiratory rate,15.98,8.0,28.0,996
case-000637,Oxygen saturation,94.29,56.0,100.0,704
case-000637,Systolic blood pressure,109.5,55.0,161.0,127
case-000637,Diastolic blood pressure,55.62,35.0,131.0,127
case-000637,Mean arterial pressure,67.8,42.0,138.0,127
case-000638,Heart rate,62.08,43.0,94.0,651
case-000638,Respiratory rate,18.33,9.0,49.0,650
case-000638,Oxygen saturation,95.17,87.0,99.0,650
case-000638,Systolic blood pressure,142.24,110.0,192.0,70
case-000638,Diastolic blood pressure,76.09,43.0,123.0,70
case-000638,Mean arterial pressure,90.91,55.0,127.0,70
case-000639,Heart rate,76.72,16.0,147.0,704
case-000639,Systolic blood pressure,94.32,42.0,187.0,714
case-000639,Diastolic blood pressure,61.96,28.0,95.0,714
case-000639,Mean arterial pressure,69.87,-8.0,111.0,721
case-000639,Respiratory rate,18.06,0.0,29.0,704
case-000639,Oxygen saturation,99.09,85.0,100.0,684
case-000640,Heart rate,66.11,57.0,80.0,203
case-000640,Respiratory rate,15.6,9.0,24.0,203
case-000640,Oxygen saturation,96.1,84.0,100.0,201
case-000640,Systolic blood pressure,96.41,78.0,117.0,49
case-000640,Diastolic blood pressure,64.78,48.0,102.0,49
case-000640,Mean arterial pressure,72.08,57.0,105.0,49
case-000641,Heart rate,95.23,87.0,105.0,319
case-000641,Respiratory rate,20.18,15.0,27.0,319
case-000641,Oxygen saturation,94.98,88.0,98.0,301
case-000641,Systolic blood pressure,99.36,76.0,121.0,114
case-000641,Diastolic blood pressure,54.67,39.0,70.0,114
case-000641,Mean arterial pressure,64.48,48.0,83.0,114
case-000642,Heart rate,90.95,80.0,102.0,829
case-000642,Respiratory rate,25.34,0.0,36.0,790
case-000642,Oxygen saturation,99.95,94.0,100.0,823
case-000642,Systolic blood pressure,96.96,69.0,128.0,74
case-000642,Diastolic blood pressure,51.76,42.0,63.0,74
case-000642,Mean arterial pressure,66.93,48.0,93.0,74
case-000643,Heart rate,91.64,74.0,159.0,716
case-000643,Respiratory rate,26.6,16.0,60.0,716
case-000643,Oxygen saturation,98.87,88.0,100.0,716
case-000643,Systolic blood pressure,138.17,82.0,187.0,150
case-000643,Diastolic blood pressure,66.55,49.0,90.0,150
case-000643,Mean arterial pressure,93.63,63.0,123.0,150
case-000644,Heart rate,122.94,96.0,168.0,680
case-000644,Respiratory rate,25.0,17.0,36.0,680
case-000644,Oxygen saturation,98.26,88.0,100.0,679
case-000644,Systolic blood pressure,95.66,65.0,147.0,173
case-000644,Diastolic blood pressure,66.13,26.0,90.0,173
case-000644,Mean arterial pressure,73.48,40.0,113.0,183
case-000645,Heart rate,75.48,56.0,141.0,1046
case-000645,Respiratory rate,28.26,18.0,53.0,571
case-000645,Oxygen saturation,95.6,81.0,99.0,732
case-000645,Systolic blood pressure,136.68,92.0,175.0,263
case-000645,Diastolic blood pressure,75.66,48.0,127.0,263
case-000645,Mean arterial pressure,98.1,63.0,142.0,263
case-000646,Heart rate,97.76,49.0,148.0,1443
case-000646,Respiratory rate,17.59,9.0,36.0,1410
case-000646,Oxygen saturation,96.25,69.0,100.0,778
case-000646,Systolic blood pressure,117.1,66.0,204.0,194
case-000646,Diastolic blood pressure,68.84,40.0,120.0,194
case-000646,Mean arterial pressure,86.64,49.0,151.0,194
case-000647,Heart rate,74.47,58.0,98.0,491
case-000647,Respiratory rate,16.35,0.0,31.0,490
case-000647,Oxygen saturation,98.31,77.0,100.0,54
case-000647,Systolic blood pressure,119.76,101.0,147.0,29
case-000647,Diastolic blood pressure,70.28,55.0,95.0,29
case-000647,Mean arterial pressure,81.28,65.0,108.0,29
case-000648,Heart rate,90.71,64.0,122.0,217
case-000648,Respiratory rate,17.19,2.0,25.0,217
case-000648,Oxygen saturation,95.88,93.0,99.0,121
case-000648,Systolic blood pressure,112.41,97.0,133.0,17
case-000648,Diastolic blood pressure,65.59,51.0,107.0,17
case-000648,Mean arterial pressure,75.65,61.0,112.0,17
case-000649,Heart rate,74.54,66.0,92.0,208
case-000649,Respiratory rate,16.53,12.0,22.0,208
case-000649,Oxygen saturation,97.08,94.0,100.0,208
case-000649,Systolic blood pressure,130.53,87.0,155.0,64
case-000649,Diastolic blood pressure,66.39,45.0,106.0,64
case-000649,Mean arterial pressure,81.48,65.0,112.0,64
case-000650,Heart rate,89.85,72.0,153.0,889
case-000650,Respiratory rate,19.86,10.0,31.0,849
case-000650,Oxygen saturation,95.45,80.0,100.0,825
case-000650,Systolic blood pressure,108.69,46.0,157.0,176
case-000650,Diastolic blood pressure,61.77,33.0,106.0,176
case-000650,Mean arterial pressure,72.4,36.0,111.0,176
case-000651,Heart rate,124.14,19.0,142.0,102
case-000651,Respiratory rate,23.67,0.0,30.0,102
case-000651,Oxygen saturation,89.08,76.0,100.0,99
case-000651,Systolic blood pressure,89.21,38.0,167.0,38
case-000651,Diastolic blood pressure,52.05,12.0,83.0,38
case-000651,Mean arterial pressure,60.79,24.0,90.0,39
case-000652,Heart rate,109.02,32.0,128.0,113
case-000652,Respiratory rate,32.09,0.0,52.0,113
case-000652,Oxygen saturation,87.79,65.0,95.0,112
case-000652,Body temperature,37.26,35.8,37.5,47
case-000652,Systolic blood pressure,104.43,61.0,186.0,46
case-000652,Diastolic blood pressure,49.7,33.0,91.0,46
case-000652,Mean arterial pressure,67.15,44.0,120.0,46
case-000653,Heart rate,67.77,0.0,91.0,35
case-000653,Respiratory rate,12.6,0.0,20.0,35
case-000653,Oxygen saturation,73.4,52.0,99.0,35
case-000653,Systolic blood pressure,87.33,57.0,121.0,12
case-000653,Diastolic blood pressure,50.5,30.0,81.0,12
case-000653,Mean arterial pressure,58.92,36.0,89.0,12
case-000654,Heart rate,85.97,77.0,101.0,119
case-000654,Respiratory rate,20.56,0.0,31.0,119
case-000654,Oxygen saturation,92.46,88.0,100.0,119
case-000654,Systolic blood pressure,103.91,77.0,135.0,33
case-000654,Diastolic blood pressure,69.06,48.0,94.0,33
case-000654,Mean arterial pressure,76.97,55.0,102.0,33
case-000655,Heart rate,118.72,107.0,173.0,160
case-000655,Systolic blood pressure,92.14,66.0,175.0,130
case-000655,Diastolic blood pressure,53.77,33.0,81.0,130
case-000655,Mean arterial pressure,65.78,46.0,91.0,130
case-000655,Respiratory rate,21.82,8.0,45.0,160
case-000655,Oxygen saturation,94.78,70.0,100.0,157
case-000656,Heart rate,80.14,66.0,115.0,374
case-000656,Respiratory rate,16.97,7.0,30.0,374
case-000656,Oxygen saturation,99.14,86.0,100.0,353
case-000656,Systolic blood pressure,109.96,93.0,131.0,69
case-000656,Diastolic blood pressure,57.87,35.0,76.0,69
case-000656,Mean arterial pressure,69.9,56.0,85.0,70
case-000657,Heart rate,76.88,62.0,92.0,384
case-000657,Respiratory rate,13.73,0.0,25.0,384
case-000657,Oxygen saturation,98.73,93.0,100.0,381
case-000657,Body temperature,37.48,37.3,37.7,35
case-000657,Systolic blood pressure,128.79,86.0,164.0,92
case-000657,Diastolic blood pressure,73.61,52.0,93.0,92
case-000657,Mean arterial pressure,85.53,64.0,108.0,92
case-000658,Heart rate,80.99,52.0,134.0,681
case-000658,Respiratory rate,21.19,14.0,40.0,686
case-000658,Oxygen saturation,95.34,87.0,100.0,683
case-000658,Systolic blood pressure,101.18,67.0,138.0,78
case-000658,Diastolic blood pressure,60.13,40.0,77.0,78
case-000658,Mean arterial pressure,69.76,49.0,88.0,79
case-000659,Heart rate,110.64,0.0,167.0,1102
case-000659,Respiratory rate,16.57,0.0,57.0,1089
case-000659,Oxygen saturation,95.26,50.0,100.0,1050
case-000659,Systolic blood pressure,94.95,66.0,122.0,497
case-000659,Diastolic blood pressure,59.97,26.0,99.0,497
case-000659,Mean arterial pressure,71.31,31.0,101.0,497
case-000660,Heart rate,109.58,99.0,121.0,120
case-000660,Respiratory rate,24.97,21.0,30.0,120
case-000660,Oxygen saturation,97.81,94.0,100.0,120
case-000660,Systolic blood pressure,119.1,104.0,144.0,10
case-000660,Diastolic blood pressure,69.0,60.0,76.0,10
case-000660,Mean arterial pressure,80.5,72.0,88.0,10
case-000661,Heart rate,65.95,48.0,122.0,695
case-000661,Respiratory rate,16.2,6.0,61.0,694
case-000661,Oxygen saturation,99.69,92.0,100.0,662
case-000661,Systolic blood pressure,95.72,73.0,185.0,205
case-000661,Diastolic blood pressure,65.51,52.0,110.0,205
case-000661,Mean arterial pressure,74.97,60.0,132.0,205
case-000662,Heart rate,55.56,43.0,84.0,455
case-000662,Respiratory rate,12.78,0.0,19.0,361
case-000662,Oxygen saturation,96.32,92.0,100.0,453
case-000662,Systolic blood pressure,165.92,129.0,227.0,39
case-000662,Diastolic blood pressure,73.95,53.0,104.0,39
case-000662,Mean arterial pressure,97.4,73.0,141.0,42
case-000663,Heart rate,75.23,59.0,114.0,1158
case-000663,Respiratory rate,16.68,0.0,25.0,1152
case-000663,Oxygen saturation,99.17,91.0,100.0,1155
case-000663,Systolic blood pressure,187.36,77.0,241.0,295
case-000663,Diastolic blood pressure,69.48,47.0,185.0,295
case-000663,Mean arterial pressure,99.31,68.0,193.0,295
case-000664,Heart rate,62.12,60.0,78.0,699
case-000664,Respiratory rate,12.65,0.0,21.0,698
case-000664,Oxygen saturation,96.26,90.0,100.0,692
case-000664,Systolic blood pressure,84.92,63.0,133.0,49
case-000664,Diastolic blood pressure,55.31,38.0,83.0,49
case-000664,Mean arterial pressure,62.16,44.0,96.0,49
case-000665,Heart rate,82.21,57.0,140.0,1434
case-000665,Respiratory rate,20.31,11.0,33.0,1386
case-000665,Oxygen saturation,96.3,78.0,100.0,1153
case-000665,Systolic blood pressure,137.08,87.0,190.0,131
case-000665,Diastolic blood pressure,61.94,40.0,89.0,131
case-000665,Mean arterial pressure,79.23,52.0,110.0,131
case-000666,Heart rate,111.17,75.0,153.0,545
case-000666,Respiratory rate,24.25,16.0,40.0,545
case-000666,Oxygen saturation,98.31,85.0,100.0,531
case-000666,Systolic blood pressure,97.01,62.0,141.0,122
case-000666,Diastolic blood pressure,60.89,42.0,82.0,122
case-000666,Mean arterial pressure,73.47,47.0,105.0,122
case-000667,Heart rate,79.67,70.0,99.0,214
case-000667,Respiratory rate,23.24,14.0,32.0,214
case-000667,Oxygen saturation,96.08,84.0,100.0,214
case-000667,Body temperature,38.13,37.1,38.5,171
case-000667,Systolic blood pressure,123.81,78.0,188.0,75
case-000667,Diastolic blood pressure,76.99,53.0,97.0,75
case-000667,Mean arterial pressure,93.05,63.0,141.0,75
case-000668,Heart rate,81.05,61.0,108.0,321
case-000668,Oxygen saturation,97.97,96.0,100.0,214
case-000668,Systolic blood pressure,109.44,90.0,136.0,27
case-000668,Diastolic blood pressure,58.41,35.0,87.0,27
case-000668,Mean arterial pressure,70.07,48.0,94.0,27
case-000669,Heart rate,76.41,56.0,107.0,243
case-000669,Respiratory rate,17.44,10.0,27.0,243
case-000669,Oxygen saturation,95.84,92.0,100.0,276
case-000669,Systolic blood pressure,141.24,125.0,155.0,42
case-000669,Diastolic blood pressure,87.4,76.0,95.0,42
case-000669,Mean arterial pressure,104.26,94.0,118.0,42
case-000670,Heart rate,77.97,0.0,138.0,938
case-000670,Respiratory rate,14.77,9.0,34.0,938
case-000670,Oxygen saturation,93.93,61.0,100.0,735
case-000670,Systolic blood pressure,109.06,59.0,177.0,187
case-000670,Diastolic blood pressure,55.77,26.0,148.0,187
case-000670,Mean arterial pressure,69.9,42.0,162.0,198
case-000671,Heart rate,82.59,64.0,118.0,418
case-000671,Respiratory rate,17.33,7.0,28.0,418
case-000671,Oxygen saturation,97.13,93.0,100.0,416
case-000671,Systolic blood pressure,116.15,83.0,142.0,41
case-000671,Diastolic blood pressure,59.95,36.0,93.0,41
case-000671,Mean arterial pressure,73.07,52.0,105.0,41
case-000672,Heart rate,99.75,78.0,130.0,1364
case-000672,Respiratory rate,18.84,12.0,29.0,353
case-000672,Oxygen saturation,98.68,84.0,100.0,1219
case-000672,Systolic blood pressure,131.16,96.0,181.0,228
case-000672,Diastolic blood pressure,73.01,42.0,144.0,228
case-000672,Mean arterial pressure,86.75,55.0,151.0,238
case-000673,Heart rate,82.81,73.0,93.0,190
case-000673,Respiratory rate,16.67,13.0,24.0,168
case-000673,Oxygen saturation,92.4,87.0,98.0,186
case-000673,Systolic blood pressure,116.93,97.0,130.0,14
case-000673,Diastolic blood pressure,62.29,48.0,71.0,14
case-000673,Mean arterial pressure,74.79,60.0,83.0,14
case-000674,Heart rate,72.12,58.0,94.0,140
case-000674,Respiratory rate,16.22,12.0,22.0,140
case-000674,Oxygen saturation,97.27,96.0,99.0,140
case-000674,Systolic blood pressure,108.33,93.0,134.0,15
case-000674,Diastolic blood pressure,76.13,70.0,83.0,15
case-000674,Mean arterial pressure,83.4,77.0,92.0,15
case-000675,Heart rate,63.56,60.0,87.0,2276
case-000675,Systolic blood pressure,130.49,77.0,191.0,445
case-000675,Diastolic blood pressure,60.97,35.0,105.0,445
case-000675,Mean arterial pressure,78.75,50.0,283.0,459
case-000675,Respiratory rate,18.47,0.0,45.0,2276
case-000675,Oxygen saturation,95.75,74.0,100.0,2252
case-000676,Heart rate,79.25,55.0,116.0,840
case-000676,Respiratory rate,19.04,12.0,31.0,638
case-000676,Oxygen saturation,96.88,90.0,100.0,838
case-000676,Systolic blood pressure,122.14,60.0,159.0,105
case-000676,Diastolic blood pressure,69.5,24.0,98.0,105
case-000676,Mean arterial pressure,81.09,33.0,109.0,105
case-000677,Heart rate,94.51,49.0,155.0,1620
case-000677,Respiratory rate,27.58,0.0,80.0,1540
case-000677,Oxygen saturation,94.68,30.0,100.0,1528
case-000677,Systolic blood pressure,113.99,72.0,170.0,135
case-000677,Diastolic blood pressure,69.5,38.0,115.0,135
case-000677,Mean arterial pressure,83.86,48.0,137.0,135
case-000678,Heart rate,86.54,63.0,115.0,520
case-000678,Oxygen saturation,96.31,87.0,99.0,402
case-000678,Systolic blood pressure,110.26,93.0,132.0,84
case-000678,Diastolic blood pressure,67.44,50.0,88.0,84
case-000678,Mean arterial pressure,80.62,63.0,106.0,84
case-000679,Heart rate,71.06,62.0,87.0,333
case-000679,Respiratory rate,15.29,9.0,23.0,333
case-000679,Oxygen saturation,98.05,85.0,100.0,330
case-000679,Systolic blood pressure,107.39,90.0,138.0,59
case-000679,Diastolic blood pressure,62.63,45.0,86.0,59
case-000679,Mean arterial pressure,75.73,61.0,98.0,59
case-000680,Heart rate,82.94,57.0,117.0,471
case-000680,Oxygen saturation,99.23,82.0,100.0,149
case-000680,Systolic blood pressure,139.33,48.0,163.0,93
case-000680,Diastolic blood pressure,91.52,21.0,121.0,93
case-000680,Mean arterial pressure,102.32,28.0,129.0,93
case-000681,Heart rate,72.98,59.0,95.0,298
case-000681,Respiratory rate,23.99,17.0,34.0,298
case-000681,Oxygen saturation,95.37,89.0,100.0,318
case-000681,Systolic blood pressure,134.24,72.0,162.0,33
case-000681,Diastolic blood pressure,76.27,42.0,97.0,33
case-000681,Mean arterial pressure,89.73,49.0,112.0,33
case-000682,Heart rate,94.79,81.0,133.0,310
case-000682,Respiratory rate,26.23,7.0,35.0,374
case-000682,Oxygen saturation,96.53,92.0,100.0,374
case-000682,Body temperature,37.64,36.05,38.6,371
case-000682,Systolic blood pressure,112.4,57.0,160.0,148
case-000682,Diastolic blood pressure,57.84,32.0,111.0,148
case-000682,Mean arterial pressure,70.23,41.0,114.0,148
case-000683,Heart rate,85.89,75.0,97.0,414
case-000683,Respiratory rate,17.46,10.0,27.0,410
case-000683,Oxygen saturation,98.41,81.0,100.0,364
case-000683,Systolic blood pressure,108.81,83.0,140.0,47
case-000683,Diastolic blood pressure,66.23,51.0,94.0,47
case-000683,Mean arterial pressure,75.64,62.0,103.0,47
case-000684,Heart rate,72.7,59.0,106.0,565
case-000684,Respiratory rate,18.71,12.0,27.0,564
case-000684,Oxygen saturation,97.1,90.0,100.0,519
case-000684,Systolic blood pressure,145.32,74.0,170.0,71
case-000684,Diastolic blood pressure,80.41,27.0,119.0,71
case-000684,Mean arterial pressure,95.61,39.0,123.0,71
case-000685,Heart rate,83.85,58.0,116.0,928
case-000685,Systolic blood pressure,124.01,74.0,168.0,393
case-000685,Diastolic blood pressure,52.1,30.0,126.0,393
case-000685,Mean arterial pressure,69.03,-3.0,134.0,395
case-000685,Respiratory rate,20.98,9.0,33.0,928
case-000685,Oxygen saturation,97.67,85.0,100.0,917
case-000686,Heart rate,90.94,74.0,115.0,205
case-000686,Respiratory rate,17.74,11.0,25.0,205
case-000686,Oxygen saturation,99.05,97.0,100.0,205
case-000686,Systolic blood pressure,105.65,51.0,121.0,17
case-000686,Diastolic blood pressure,69.59,37.0,81.0,17
case-000686,Mean arterial pressure,77.94,40.0,88.0,17
case-000687,Heart rate,108.91,39.0,161.0,2690
case-000687,Systolic blood pressure,98.4,-11.0,300.0,2710
case-000687,Diastolic blood pressure,59.12,-14.0,300.0,2710
case-000687,Mean arterial pressure,74.33,-13.0,300.0,2710
case-000687,Respiratory rate,16.13,0.0,28.0,2697
case-000687,Oxygen saturation,98.1,13.0,100.0,2648
case-000687,Body temperature,36.51,35.1,38.2,2626
case-000688,Heart rate,95.06,31.0,132.0,3400
case-000688,Respiratory rate,17.26,0.0,45.0,3379
case-000688,Oxygen saturation,97.52,56.0,100.0,3064
case-000688,Systolic blood pressure,106.6,40.0,200.0,839
case-000688,Diastolic blood pressure,55.85,23.0,166.0,839
case-000688,Mean arterial pressure,67.59,28.0,173.0,839
case-000689,Heart rate,88.48,20.0,116.0,1987
case-000689,Systolic blood pressure,112.43,64.0,229.0,959
case-000689,Diastolic blood pressure,57.76,30.0,214.0,959
case-000689,Mean arterial pressure,70.26,2.0,220.0,961
case-000689,Respiratory rate,20.59,10.0,35.0,1966
case-000689,Oxygen saturation,98.21,56.0,100.0,1968
case-000689,Body temperature,37.62,36.833,38.444,615
case-000690,Heart rate,99.83,0.0,154.0,4059
case-000690,Systolic blood pressure,138.42,64.0,224.0,1686
case-000690,Diastolic blood pressure,81.7,43.0,141.0,1686
case-000690,Mean arterial pressure,102.64,54.0,171.0,1687
case-000690,Respiratory rate,17.52,0.0,126.0,3913
case-000690,Oxygen saturation,96.98,66.0,100.0,4045
case-000691,Heart rate,95.09,78.0,115.0,532
case-000691,Systolic blood pressure,112.25,58.0,142.0,362
case-000691,Diastolic blood pressure,68.53,33.0,96.0,362
case-000691,Mean arterial pressure,78.32,42.0,104.0,362
case-000691,Respiratory rate,23.53,0.0,35.0,532
case-000691,Oxygen saturation,96.75,78.0,100.0,534
case-000692,Heart rate,77.34,43.0,143.0,4556
case-000692,Respiratory rate,16.45,0.0,129.0,4524
case-000692,Oxygen saturation,97.06,88.0,100.0,4556
case-000692,Systolic blood pressure,129.06,43.0,207.0,614
case-000692,Diastolic blood pressure,77.39,26.0,171.0,614
case-000692,Mean arterial pressure,98.94,32.0,176.0,614
case-000693,Heart rate,89.82,64.0,113.0,1366
case-000693,Systolic blood pressure,114.19,67.0,215.0,914
case-000693,Diastolic blood pressure,65.07,39.0,115.0,914
case-000693,Mean arterial pressure,77.63,55.0,155.0,916
case-000693,Respiratory rate,22.33,6.0,48.0,1286
case-000693,Oxygen saturation,95.39,84.0,100.0,1315
case-000694,Heart rate,80.84,38.0,116.0,1157
case-000694,Systolic blood pressure,123.58,70.0,164.0,330
case-000694,Diastolic blood pressure,69.38,42.0,93.0,330
case-000694,Mean arterial pressure,93.33,51.0,126.0,330
case-000694,Respiratory rate,16.01,0.0,44.0,1092
case-000694,Oxygen saturation,95.82,80.0,100.0,1131
case-000694,Body temperature,36.7,35.4,37.1,216
case-000695,Heart rate,112.16,74.0,158.0,2015
case-000695,Respiratory rate,21.24,0.0,49.0,2014
case-000695,Oxygen saturation,98.01,38.0,100.0,1981
case-000695,Systolic blood pressure,109.71,56.0,165.0,517
case-000695,Diastolic blood pressure,69.76,35.0,113.0,517
case-000695,Mean arterial pressure,83.37,44.0,133.0,520
case-000696,Heart rate,95.77,48.0,158.0,6092
case-000696,Systolic blood pressure,136.74,48.0,214.0,1388
case-000696,Diastolic blood pressure,73.49,28.0,169.0,1388
case-000696,Mean arterial pressure,88.53,31.0,329.0,1393
case-000696,Respiratory rate,22.31,0.0,52.0,6092
case-000696,Oxygen saturation,98.05,87.0,100.0,6086
case-000697,Heart rate,67.69,45.0,94.0,2344
case-000697,Respiratory rate,17.7,0.0,28.0,2344
case-000697,Oxygen saturation,95.27,81.0,100.0,2344
case-000697,Systolic blood pressure,114.14,70.0,160.0,237
case-000697,Diastolic blood pressure,54.26,25.0,104.0,237
case-000697,Mean arterial pressure,69.23,45.0,113.0,258
case-000698,Heart rate,66.63,38.0,114.0,2279
case-000698,Respiratory rate,15.61,7.0,40.0,2246
case-000698,Oxygen saturation,98.48,75.0,100.0,2282
case-000698,Systolic blood pressure,128.47,83.0,201.0,292
case-000698,Diastolic blood pressure,69.77,46.0,132.0,292
case-000698,Mean arterial pressure,93.62,61.0,165.0,294
case-000699,Heart rate,66.42,54.0,100.0,568
case-000699,Respiratory rate,24.07,15.0,52.0,568
case-000699,Oxygen saturation,99.26,91.0,100.0,568
case-000699,Systolic blood pressure,112.23,82.0,190.0,108
case-000699,Diastolic blood pressure,68.47,32.0,90.0,108
case-000699,Mean arterial pressure,83.62,53.0,176.0,110
case-000700,Heart rate,79.05,0.0,133.0,1494
case-000700,Respiratory rate,17.06,0.0,102.0,1250
case-000700,Oxygen saturation,97.35,83.0,100.0,1494
case-000700,Systolic blood pressure,138.73,97.0,181.0,166
case-000700,Diastolic blood pressure,72.1,54.0,155.0,166
case-000700,Mean arterial pressure,98.64,70.0,163.0,166
case-000701,Heart rate,98.95,90.0,105.0,256
case-000701,Systolic blood pressure,94.36,49.0,154.0,253
case-000701,Diastolic blood pressure,37.55,25.0,65.0,253
case-000701,Mean arterial pressure,60.12,40.0,178.0,256
case-000701,Respiratory rate,14.41,0.0,19.0,256
case-000701,Oxygen saturation,93.54,49.0,100.0,225
case-000701,Body temperature,35.89,31.7,37.4,256
case-000702,Heart rate,64.67,40.0,101.0,623
case-000702,Respiratory rate,18.13,0.0,27.0,623
case-000702,Oxygen saturation,98.4,86.0,100.0,623
case-000702,Body temperature,37.61,37.0,38.3,611
case-000702,Systolic blood pressure,155.68,110.0,193.0,103
case-000702,Diastolic blood pressure,51.42,26.0,136.0,103
case-000702,Mean arterial pressure,76.49,48.0,142.0,110
case-000703,Heart rate,90.12,62.0,112.0,1634
case-000703,Respiratory rate,19.8,11.0,27.0,1626
case-000703,Oxygen saturation,95.19,59.0,100.0,1365
case-000703,Systolic blood pressure,104.48,60.0,137.0,352
case-000703,Diastolic blood pressure,59.71,38.0,112.0,352
case-000703,Mean arterial pressure,69.87,46.0,117.0,352
case-000704,Heart rate,107.97,0.0,132.0,905
case-000704,Systolic blood pressure,99.15,25.0,137.0,919
case-000704,Diastolic blood pressure,59.77,18.0,78.0,919
case-000704,Mean arterial pressure,68.47,-2.0,88.0,926
case-000704,Respiratory rate,24.83,0.0,35.0,905
case-000704,Oxygen saturation,96.39,74.0,100.0,898
case-000705,Heart rate,108.16,57.0,138.0,1135
case-000705,Respiratory rate,27.57,16.0,42.0,1135
case-000705,Oxygen saturation,97.04,68.0,100.0,1085
case-000705,Systolic blood pressure,114.1,64.0,160.0,200
case-000705,Diastolic blood pressure,66.93,28.0,104.0,200
case-000705,Mean arterial pressure,77.58,36.0,113.0,200
case-000706,Heart rate,86.68,44.0,117.0,1222
case-000706,Systolic blood pressure,103.91,70.0,186.0,1092
case-000706,Diastolic blood pressure,64.09,40.0,172.0,1092
case-000706,Mean arterial pressure,79.93,54.0,179.0,1093
case-000706,Respiratory rate,18.66,6.0,46.0,1221
case-000706,Oxygen saturation,98.75,89.0,100.0,1222
case-000707,Heart rate,87.27,65.0,113.0,828
case-000707,Systolic blood pressure,117.1,78.0,257.0,774
case-000707,Diastolic blood pressure,65.26,42.0,257.0,774
case-000707,Mean arterial pressure,84.3,58.0,257.0,774
case-000707,Respiratory rate,22.09,6.0,52.0,711
case-000707,Oxygen saturation,97.42,76.0,100.0,707
case-000707,Body temperature,37.42,25.1,38.7,342
case-000708,Heart rate,88.11,72.0,118.0,883
case-000708,Respiratory rate,27.78,13.0,75.0,883
case-000708,Oxygen saturation,96.12,91.0,100.0,799
case-000708,Systolic blood pressure,151.51,93.0,199.0,99
case-000708,Diastolic blood pressure,90.27,66.0,112.0,99
case-000708,Mean arterial pressure,113.77,76.0,164.0,99
case-000709,Heart rate,99.88,67.0,163.0,1866
case-000709,Systolic blood pressure,138.25,82.0,213.0,450
case-000709,Diastolic blood pressure,69.56,44.0,103.0,450
case-000709,Mean arterial pressure,94.86,58.0,127.0,450
case-000709,Respiratory rate,24.75,0.0,100.0,1864
case-000709,Oxygen saturation,96.12,79.0,100.0,1856
case-000710,Heart rate,116.95,93.0,139.0,638
case-000710,Respiratory rate,30.8,21.0,42.0,628
case-000710,Oxygen saturation,96.67,93.0,100.0,636
case-000710,Systolic blood pressure,119.4,98.0,147.0,80
case-000710,Diastolic blood pressure,74.71,60.0,95.0,80
case-000710,Mean arterial pressure,84.33,70.0,105.0,80
case-000711,Heart rate,102.71,0.0,130.0,424
case-000711,Respiratory rate,25.76,0.0,35.0,424
case-000711,Oxygen saturation,98.29,43.0,100.0,420
case-000711,Systolic blood pressure,119.37,66.0,203.0,124
case-000711,Diastolic blood pressure,59.3,34.0,120.0,124
case-000711,Mean arterial pressure,72.46,42.0,133.0,124
case-000712,Heart rate,77.08,61.0,102.0,344
case-000712,Respiratory rate,18.55,0.0,49.0,339
case-000712,Oxygen saturation,99.8,85.0,100.0,339
case-000712,Systolic blood pressure,121.38,100.0,146.0,47
case-000712,Diastolic blood pressure,74.0,59.0,98.0,47
case-000712,Mean arterial pressure,84.53,70.0,103.0,47
case-000713,Oxygen saturation,94.47,88.0,99.0,223
case-000713,Systolic blood pressure,149.48,126.0,161.0,23
case-000713,Diastolic blood pressure,91.52,73.0,107.0,23
case-000713,Mean arterial pressure,105.57,86.0,120.0,23
case-000714,Heart rate,61.53,42.0,114.0,2267
case-000714,Respiratory rate,13.61,0.0,29.0,2266
case-000714,Oxygen saturation,99.9,92.0,100.0,2264
case-000714,Systolic blood pressure,141.18,104.0,185.0,282
case-000714,Diastolic blood pressure,60.12,25.0,150.0,282
case-000714,Mean arterial pressure,89.49,67.0,169.0,283
case-000715,Heart rate,85.34,0.0,138.0,1271
case-000715,Respiratory rate,21.73,0.0,35.0,1273
case-000715,Oxygen saturation,93.23,23.0,100.0,1218
case-000715,Systolic blood pressure,87.59,48.0,125.0,267
case-000715,Diastolic blood pressure,51.43,31.0,86.0,267
case-000715,Mean arterial pressure,64.69,39.0,106.0,272
case-000716,Heart rate,89.16,69.0,108.0,1431
case-000716,Systolic blood pressure,116.82,78.0,166.0,1005
case-000716,Diastolic blood pressure,61.84,33.0,109.0,1005
case-000716,Mean arterial pressure,73.88,-8.0,114.0,1018
case-000716,Respiratory rate,18.18,12.0,26.0,1431
case-000716,Oxygen saturation,96.85,87.0,100.0,1429
case-000717,Heart rate,87.95,66.0,100.0,685
case-000717,Systolic blood pressure,107.04,88.0,156.0,665
case-000717,Diastolic blood pressure,52.57,34.0,75.0,665
case-000717,Mean arterial pressure,64.83,-2.0,84.0,666
case-000717,Respiratory rate,29.74,14.0,33.0,680
case-000717,Oxygen saturation,95.14,41.0,100.0,685
case-000718,Heart rate,93.69,66.0,175.0,3943
case-000718,Respiratory rate,25.25,0.0,65.0,3943
case-000718,Oxygen saturation,95.16,66.0,100.0,3922
case-000718,Body temperature,37.59,24.8,38.5,2497
case-000718,Systolic blood pressure,113.44,55.0,200.0,1004
case-000718,Diastolic blood pressure,64.56,26.0,119.0,1004
case-000718,Mean arterial pressure,75.67,33.0,123.0,1006
case-000719,Heart rate,111.52,72.0,164.0,1311
case-000719,Systolic blood pressure,120.42,46.0,183.0,254
case-000719,Diastolic blood pressure,67.18,23.0,131.0,254
case-000719,Mean arterial pressure,79.45,28.0,134.0,255
case-000719,Oxygen saturation,96.11,73.0,100.0,1209
case-000720,Heart rate,78.69,41.0,118.0,1900
case-000720,Systolic blood pressure,133.83,50.0,221.0,506
case-000720,Diastolic blood pressure,67.44,24.0,125.0,506
case-000720,Mean arterial pressure,82.28,-13.0,133.0,530
case-000720,Respiratory rate,16.88,0.0,27.0,1885
case-000720,Oxygen saturation,91.35,83.0,100.0,1902
case-000721,Heart rate,86.64,61.0,129.0,709
case-000721,Systolic blood pressure,107.82,76.0,156.0,161
case-000721,Diastolic blood pressure,57.53,38.0,116.0,161
case-000721,Mean arterial pressure,68.61,48.0,120.0,161
case-000722,Heart rate,107.81,0.0,124.0,202
case-000722,Systolic blood pressure,95.38,42.0,160.0,299
case-000722,Diastolic blood pressure,57.12,-17.0,128.0,299
case-000722,Mean arterial pressure,65.01,2.0,134.0,305
case-000722,Oxygen saturation,74.3,56.0,100.0,159
case-000723,Heart rate,92.37,79.0,130.0,810
case-000723,Systolic blood pressure,110.13,60.0,159.0,495
case-000723,Diastolic blood pressure,65.76,42.0,102.0,495
case-000723,Mean arterial pressure,77.07,8.0,137.0,502
case-000723,Respiratory rate,16.75,8.0,28.0,810
case-000723,Oxygen saturation,98.88,85.0,100.0,430
case-000724,Heart rate,106.01,52.0,128.0,446
case-000724,Respiratory rate,25.71,0.0,64.0,446
case-000724,Oxygen saturation,98.27,60.0,100.0,434
case-000724,Systolic blood pressure,103.9,68.0,176.0,120
case-000724,Diastolic blood pressure,56.96,45.0,115.0,120
case-000724,Mean arterial pressure,73.76,55.0,128.0,120
case-000725,Heart rate,90.62,72.0,117.0,300
case-000725,Systolic blood pressure,128.01,92.0,310.0,430
case-000725,Diastolic blood pressure,74.22,51.0,310.0,430
case-000725,Mean arterial pressure,94.35,64.0,310.0,430
case-000725,Respiratory rate,12.67,0.0,21.0,300
case-000725,Oxygen saturation,99.24,89.0,100.0,300
case-000726,Heart rate,92.42,73.0,125.0,1220
case-000726,Respiratory rate,14.94,7.0,27.0,1220
case-000726,Oxygen saturation,98.49,90.0,100.0,1220
case-000726,Body temperature,36.98,25.722,37.7,1119
case-000726,Systolic blood pressure,139.13,72.0,188.0,235
case-000726,Diastolic blood pressure,64.91,40.0,151.0,235
case-000726,Mean arterial pressure,82.01,26.0,157.0,236
case-000727,Heart rate,79.32,52.0,128.0,1336
case-000727,Systolic blood pressure,108.82,75.0,180.0,545
case-000727,Diastolic blood pressure,74.26,44.0,159.0,545
case-000727,Mean arterial pressure,81.99,57.0,164.0,545
case-000727,Respiratory rate,23.28,12.0,36.0,1331
case-000727,Oxygen saturation,95.25,83.0,100.0,775
case-000727,Body temperature,37.07,36.6,37.5,197
case-000728,Heart rate,85.89,47.0,108.0,3602
case-000728,Systolic blood pressure,110.47,53.0,171.0,1869
case-000728,Diastolic blood pressure,65.85,31.0,138.0,1869
case-000728,Mean arterial pressure,76.34,42.0,144.0,1881
case-000728,Respiratory rate,19.25,7.0,40.0,3602
case-000728,Oxygen saturation,99.1,59.0,100.0,3552
case-000729,Heart rate,59.64,45.0,111.0,1476
case-000729,Respiratory rate,15.36,11.0,27.0,1476
case-000729,Oxygen saturation,98.0,88.0,100.0,1445
case-000729,Systolic blood pressure,149.21,102.0,227.0,336
case-000729,Diastolic blood pressure,56.25,33.0,166.0,336
case-000729,Mean arterial pressure,79.49,54.0,177.0,336
case-000730,Heart rate,92.26,66.0,124.0,1070
case-000730,Systolic blood pressure,129.28,85.0,218.0,1002
case-000730,Diastolic blood pressure,74.59,40.0,112.0,1002
case-000730,Mean arterial pressure,86.52,52.0,240.0,1002
case-000730,Respiratory rate,22.71,11.0,40.0,1061
case-000730,Oxygen saturation,93.23,82.0,100.0,1070
case-000731,Heart rate,67.68,63.0,77.0,152
case-000731,Respiratory rate,16.61,12.0,25.0,152
case-000731,Oxygen saturation,98.63,83.0,100.0,131
case-000731,Systolic blood pressure,88.83,60.0,115.0,23
case-000731,Diastolic blood pressure,51.7,30.0,85.0,23
case-000731,Mean arterial pressure,63.57,40.0,94.0,23
case-000732,Heart rate,88.97,71.0,116.0,721
case-000732,Respiratory rate,14.84,0.0,24.0,710
case-000732,Oxygen saturation,99.05,85.0,100.0,660
case-000732,Systolic blood pressure,132.34,71.0,166.0,98
case-000732,Diastolic blood pressure,62.99,33.0,118.0,98
case-000732,Mean arterial pressure,79.92,43.0,127.0,98
case-000733,Heart rate,111.72,98.0,127.0,500
case-000733,Systolic blood pressure,138.27,113.0,175.0,246
case-000733,Diastolic blood pressure,83.96,66.0,98.0,246
case-000733,Mean arterial pressure,100.49,82.0,115.0,246
case-000733,Oxygen saturation,98.29,76.0,100.0,491
case-000734,Heart rate,68.55,51.0,117.0,1083
case-000734,Respiratory rate,16.35,4.0,23.0,1082
case-000734,Oxygen saturation,98.14,89.0,100.0,1081
case-000734,Systolic blood pressure,129.0,79.0,171.0,196
case-000734,Diastolic blood pressure,53.91,35.0,99.0,196
case-000734,Mean arterial pressure,72.63,50.0,138.0,204
case-000735,Heart rate,63.68,60.0,100.0,486
case-000735,Systolic blood pressure,99.63,78.0,172.0,451
case-000735,Diastolic blood pressure,65.9,40.0,114.0,451
case-000735,Mean arterial pressure,73.63,-12.0,292.0,460
case-000735,Respiratory rate,13.99,0.0,23.0,486
case-000735,Oxygen saturation,99.03,88.0,100.0,419
case-000736,Heart rate,90.83,70.0,134.0,1884
case-000736,Respiratory rate,20.44,10.0,56.0,1881
case-000736,Oxygen saturation,94.63,78.0,100.0,1807
case-000736,Systolic blood pressure,113.92,54.0,170.0,304
case-000736,Diastolic blood pressure,69.76,29.0,122.0,304
case-000736,Mean arterial pressure,84.56,34.0,136.0,304
case-000737,Heart rate,68.42,48.0,92.0,606
case-000737,Respiratory rate,21.74,11.0,37.0,606
case-000737,Oxygen saturation,95.38,91.0,98.0,509
case-000737,Systolic blood pressure,92.19,68.0,163.0,63
case-000737,Diastolic blood pressure,58.59,46.0,138.0,63
case-000737,Mean arterial pressure,70.25,51.0,148.0,63
case-000738,Heart rate,70.44,63.0,97.0,81
case-000738,Respiratory rate,28.48,19.0,42.0,81
case-000738,Oxygen saturation,93.04,86.0,95.0,81
case-000738,Systolic blood pressure,142.07,131.0,167.0,28
case-000738,Diastolic blood pressure,65.57,56.0,76.0,28
case-000738,Mean arterial pressure,94.61,86.0,109.0,28
case-000739,Heart rate,81.27,65.0,121.0,876
case-000739,Respiratory rate,17.42,11.0,30.0,871
case-000739,Oxygen saturation,97.9,68.0,100.0,873
case-000739,Body temperature,34.74,34.722,34.75,2
case-000739,Systolic blood pressure,138.52,99.0,175.0,248
case-000739,Diastolic blood pressure,91.81,65.0,137.0,248
case-000739,Mean arterial pressure,102.73,74.0,142.0,248
case-000740,Heart rate,86.16,82.0,97.0,122
case-000740,Respiratory rate,21.97,19.0,27.0,122
case-000740,Oxygen saturation,97.68,89.0,100.0,117
case-000740,Systolic blood pressure,117.18,107.0,133.0,11
case-000740,Diastolic blood pressure,55.36,29.0,70.0,11
case-000740,Mean arterial pressure,69.27,48.0,82.0,11
case-000741,Heart rate,62.22,42.0,78.0,181
case-000741,Systolic blood pressure,128.29,71.0,167.0,209
case-000741,Diastolic blood pressure,58.74,52.0,103.0,209
case-000741,Mean arterial pressure,74.87,65.0,285.0,210
case-000741,Respiratory rate,11.76,8.0,16.0,181
case-000741,Oxygen saturation,98.22,94.0,100.0,181
case-000742,Heart rate,92.84,84.0,104.0,672
case-000742,Respiratory rate,20.24,11.0,27.0,647
case-000742,Oxygen saturation,93.69,74.0,100.0,381
case-000742,Systolic blood pressure,92.33,59.0,150.0,103
case-000742,Diastolic blood pressure,57.04,18.0,130.0,103
case-000742,Mean arterial pressure,64.71,27.0,135.0,103
case-000743,Heart rate,95.2,56.0,107.0,25
case-000743,Systolic blood pressure,81.79,21.0,202.0,47
case-000743,Diastolic blood pressure,47.46,17.0,89.0,47
case-000743,Mean arterial pressure,55.08,18.0,100.0,48
case-000743,Respiratory rate,26.81,15.0,41.0,27
case-000743,Oxygen saturation,54.71,13.0,80.0,7
case-000744,Heart rate,85.13,70.0,110.0,231
case-000744,Respiratory rate,16.71,10.0,34.0,231
case-000744,Oxygen saturation,99.19,82.0,100.0,230
case-000744,Systolic blood pressure,145.33,106.0,164.0,21
case-000744,Diastolic blood pressure,85.57,63.0,101.0,21
case-000744,Mean arterial pressure,108.19,73.0,125.0,21
case-000745,Heart rate,80.33,80.0,84.0,286
case-000745,Respiratory rate,19.12,10.0,32.0,282
case-000745,Oxygen saturation,95.27,81.0,100.0,235
case-000745,Systolic blood pressure,146.36,122.0,199.0,25
case-000745,Diastolic blood pressure,84.12,64.0,114.0,25
case-000745,Mean arterial pressure,98.72,74.0,131.0,25
case-000746,Heart rate,81.69,63.0,110.0,1058
case-000746,Respiratory rate,18.12,11.0,29.0,1045
case-000746,Oxygen saturation,91.98,80.0,98.0,813
case-000746,Systolic blood pressure,129.7,67.0,163.0,83
case-000746,Diastolic blood pressure,70.6,18.0,114.0,83
case-000746,Mean arterial pressure,84.65,22.0,117.0,83
case-000747,Heart rate,88.91,68.0,110.0,251
case-000747,Systolic blood pressure,146.92,8.0,196.0,168
case-000747,Diastolic blood pressure,69.0,45.0,137.0,167
case-000747,Mean arterial pressure,101.24,0.0,134.0,170
case-000747,Respiratory rate,14.04,0.0,26.0,119
case-000747,Oxygen saturation,98.81,86.0,100.0,209
case-000748,Heart rate,60.99,46.0,89.0,822
case-000748,Respiratory rate,32.05,13.0,50.0,821
case-000748,Oxygen saturation,96.5,81.0,100.0,814
case-000748,Systolic blood pressure,145.61,84.0,184.0,137
case-000748,Diastolic blood pressure,87.56,57.0,120.0,137
case-000748,Mean arterial pressure,112.42,68.0,142.0,137
case-000749,Heart rate,72.81,70.0,141.0,626
case-000749,Respiratory rate,20.29,5.0,34.0,299
case-000749,Oxygen saturation,95.35,80.0,100.0,309
case-000749,Systolic blood pressure,95.66,74.0,119.0,32
case-000749,Diastolic blood pressure,55.88,32.0,78.0,32
case-000749,Mean arterial pressure,70.38,48.0,92.0,32
case-000750,Heart rate,88.76,0.0,115.0,21
case-000750,Respiratory rate,14.1,0.0,26.0,21
case-000750,Oxygen saturation,91.7,16.0,100.0,20
case-000750,Systolic blood pressure,148.57,73.0,197.0,14
case-000750,Diastolic blood pressure,72.21,43.0,144.0,14
case-000750,Mean arterial pressure,90.71,50.0,150.0,14
case-000751,Heart rate,95.29,82.0,120.0,77
case-000751,Respiratory rate,22.18,18.0,26.0,77
case-000751,Oxygen saturation,99.63,98.0,100.0,78
case-000751,Systolic blood pressure,137.0,89.0,160.0,7
case-000751,Diastolic blood pressure,56.29,49.0,69.0,7
case-000751,Mean arterial pressure,77.73,67.0,89.0,11
case-000752,Heart rate,69.09,60.0,80.0,184
case-000752,Systolic blood pressure,165.06,134.0,202.0,165
case-000752,Diastolic blood pressure,71.0,38.0,85.0,165
case-000752,Mean arterial pressure,105.12,72.0,124.0,165
case-000752,Respiratory rate,19.93,14.0,30.0,184
case-000752,Oxygen saturation,94.49,91.0,97.0,184
case-000753,Heart rate,86.06,41.0,144.0,4773
case-000753,Systolic blood pressure,144.68,55.0,218.0,2678
case-000753,Diastolic blood pressure,76.48,13.0,138.0,2678
case-000753,Mean arterial pressure,91.31,-2.0,196.0,2680
case-000753,Respiratory rate,17.58,0.0,44.0,2835
case-000753,Oxygen saturation,99.05,61.0,100.0,4755
case-000753,Body temperature,36.97,35.1,38.8,4692
case-000754,Heart rate,109.35,0.0,178.0,419
case-000754,Systolic blood pressure,97.82,7.0,201.0,419
case-000754,Diastolic blood pressure,53.31,7.0,168.0,419
case-000754,Mean arterial pressure,67.99,7.0,179.0,419
case-000754,Respiratory rate,19.63,0.0,47.0,419
case-000754,Oxygen saturation,98.71,69.0,100.0,403
case-000755,Heart rate,91.44,82.0,114.0,261
case-000755,Systolic blood pressure,104.87,58.0,128.0,263
case-000755,Diastolic blood pressure,62.11,48.0,112.0,263
case-000755,Mean arterial pressure,75.33,56.0,287.0,272
case-000755,Respiratory rate,16.6,11.0,25.0,261
case-000755,Oxygen saturation,98.31,96.0,100.0,261
case-000756,Heart rate,91.19,67.0,123.0,408
case-000756,Respiratory rate,17.13,8.0,25.0,403
case-000756,Oxygen saturation,97.88,93.0,100.0,408
case-000756,Systolic blood pressure,107.07,69.0,140.0,122
case-000756,Diastolic blood pressure,55.94,23.0,117.0,122
case-000756,Mean arterial pressure,67.99,45.0,122.0,125
case-000757,Heart rate,91.63,60.0,138.0,4399
case-000757,Respiratory rate,20.23,0.0,61.0,4389
case-000757,Oxygen saturation,94.56,32.0,100.0,4293
case-000757,Systolic blood pressure,109.85,72.0,165.0,598
case-000757,Diastolic blood pressure,67.65,42.0,115.0,598
case-000757,Mean arterial pressure,83.06,58.0,133.0,598
case-000758,Heart rate,65.57,58.0,84.0,116
case-000758,Respiratory rate,21.11,8.0,26.0,114
case-000758,Oxygen saturation,97.38,93.0,100.0,116
case-000758,Systolic blood pressure,144.25,103.0,172.0,20
case-000758,Diastolic blood pressure,80.45,56.0,137.0,20
case-000758,Mean arterial pressure,93.65,74.0,142.0,20
case-000759,Heart rate,61.7,51.0,90.0,201
case-000759,Respiratory rate,15.73,8.0,23.0,201
case-000759,Oxygen saturation,95.51,78.0,98.0,194
case-000759,Systolic blood pressure,165.05,115.0,208.0,19
case-000759,Diastolic blood pressure,72.95,39.0,161.0,19
case-000759,Mean arterial pressure,96.26,57.0,170.0,19
case-000760,Heart rate,107.56,82.0,140.0,567
case-000760,Respiratory rate,25.22,0.0,45.0,496
case-000760,Oxygen saturation,95.76,90.0,100.0,531
case-000760,Systolic blood pressure,133.31,95.0,179.0,59
case-000760,Diastolic blood pressure,81.64,54.0,102.0,59
case-000760,Mean arterial pressure,98.14,66.0,125.0,59
case-000761,Heart rate,66.57,56.0,90.0,550
case-000761,Respiratory rate,16.59,0.0,23.0,544
case-000761,Oxygen saturation,97.2,91.0,100.0,548
case-000761,Systolic blood pressure,118.0,98.0,148.0,66
case-000761,Diastolic blood pressure,55.64,43.0,102.0,66
case-000761,Mean arterial pressure,70.38,59.0,113.0,66
case-000762,Heart rate,101.83,79.0,160.0,1215
case-000762,Respiratory rate,28.97,0.0,45.0,1212
case-000762,Oxygen saturation,91.1,10.0,99.0,1214
case-000762,Systolic blood pressure,103.77,72.0,137.0,244
case-000762,Diastolic blood pressure,61.83,31.0,94.0,244
case-000762,Mean arterial pressure,70.97,42.0,98.0,244
case-000763,Heart rate,101.59,72.0,118.0,1469
case-000763,Systolic blood pressure,120.61,80.0,254.0,1262
case-000763,Diastolic blood pressure,74.0,52.0,232.0,1262
case-000763,Mean arterial pressure,87.79,68.0,242.0,1266
case-000763,Respiratory rate,18.18,0.0,40.0,1464
case-000763,Oxygen saturation,97.46,77.0,100.0,1414
case-000764,Heart rate,66.4,52.0,90.0,571
case-000764,Respiratory rate,27.15,22.0,32.0,55
case-000764,Oxygen saturation,96.02,81.0,100.0,296
case-000764,Systolic blood pressure,131.75,94.0,156.0,60
case-000764,Diastolic blood pressure,71.18,53.0,86.0,60
case-000764,Mean arterial pressure,93.28,75.0,114.0,60
case-000765,Heart rate,74.0,59.0,106.0,244
case-000765,Respiratory rate,0.02,0.0,5.0,244
case-000765,Oxygen saturation,94.08,89.0,99.0,248
case-000765,Systolic blood pressure,106.77,86.0,129.0,43
case-000765,Diastolic blood pressure,66.02,45.0,91.0,43
case-000765,Mean arterial pressure,82.32,34.0,109.0,44
case-000766,Heart rate,85.84,78.0,101.0,160
case-000766,Respiratory rate,23.32,14.0,41.0,160
case-000766,Oxygen saturation,94.7,91.0,100.0,159
case-000766,Systolic blood pressure,113.73,90.0,134.0,15
case-000766,Diastolic blood pressure,65.87,37.0,97.0,15
case-000766,Mean arterial pressure,80.53,54.0,102.0,15
case-000767,Heart rate,60.39,47.0,80.0,550
case-000767,Respiratory rate,20.86,6.0,45.0,532
case-000767,Oxygen saturation,95.4,89.0,100.0,259
case-000767,Systolic blood pressure,136.37,92.0,164.0,35
case-000767,Diastolic blood pressure,73.03,54.0,119.0,35
case-000767,Mean arterial pressure,87.86,70.0,129.0,35
case-000768,Heart rate,80.08,70.0,92.0,51
case-000768,Oxygen saturation,97.0,97.0,97.0,1
case-000768,Systolic blood pressure,138.0,138.0,138.0,1
case-000768,Diastolic blood pressure,79.0,79.0,79.0,1
case-000768,Mean arterial pressure,102.0,102.0,102.0,1
case-000769,Heart rate,67.36,57.0,125.0,85
case-000769,Respiratory rate,19.48,13.0,41.0,85
case-000769,Oxygen saturation,97.1,88.0,100.0,79
case-000769,Systolic blood pressure,140.31,116.0,159.0,26
case-000769,Diastolic blood pressure,83.92,68.0,98.0,26
case-000769,Mean arterial pressure,104.62,83.0,124.0,26
case-000770,Heart rate,69.58,56.0,96.0,307
case-000770,Systolic blood pressure,98.22,85.0,116.0,46
case-000770,Diastolic blood pressure,53.11,45.0,74.0,46
case-000770,Mean arterial pressure,63.89,56.0,82.0,46
case-000771,Heart rate,60.01,60.0,63.0,356
case-000771,Respiratory rate,19.12,15.0,30.0,356
case-000771,Oxygen saturation,99.77,98.0,100.0,341
case-000771,Systolic blood pressure,90.23,67.0,117.0,88
case-000771,Diastolic blood pressure,49.09,35.0,73.0,88
case-000771,Mean arterial pressure,58.74,44.0,82.0,88
case-000772,Heart rate,81.5,74.0,95.0,446
case-000772,Respiratory rate,20.51,0.0,34.0,410
case-000772,Oxygen saturation,98.38,90.0,100.0,445
case-000772,Systolic blood pressure,106.85,89.0,137.0,54
case-000772,Diastolic blood pressure,63.41,49.0,94.0,54
case-000772,Mean arterial pressure,72.94,57.0,102.0,54
case-000773,Heart rate,64.32,47.0,85.0,255
case-000773,Respiratory rate,15.05,12.0,22.0,255
case-000773,Oxygen saturation,99.51,91.0,100.0,240
case-000773,Systolic blood pressure,105.42,72.0,132.0,26
case-000773,Diastolic blood pressure,49.81,34.0,95.0,26
case-000773,Mean arterial pressure,62.96,43.0,101.0,26
case-000774,Heart rate,87.5,69.0,129.0,281
case-000774,Respiratory rate,21.73,17.0,31.0,281
case-000774,Oxygen saturation,95.17,91.0,100.0,281
case-000774,Systolic blood pressure,160.78,139.0,196.0,27
case-000774,Diastolic blood pressure,85.93,74.0,99.0,27
case-000774,Mean arterial pressure,103.37,88.0,120.0,27
case-000775,Heart rate,78.09,61.0,99.0,931
case-000775,Respiratory rate,20.88,10.0,26.0,918
case-000775,Oxygen saturation,99.07,86.0,100.0,927
case-000775,Systolic blood pressure,122.29,93.0,167.0,114
case-000775,Diastolic blood pressure,42.11,26.0,76.0,114
case-000775,Mean arterial pressure,61.55,46.0,81.0,115
case-000776,Heart rate,71.28,54.0,104.0,462
case-000776,Respiratory rate,17.99,13.0,22.0,462
case-000776,Oxygen saturation,97.7,82.0,100.0,341
case-000776,Systolic blood pressure,129.4,108.0,176.0,30
case-000776,Diastolic blood pressure,64.4,51.0,97.0,30
case-000776,Mean arterial pressure,79.47,62.0,113.0,30
case-000777,Heart rate,60.04,60.0,65.0,271
case-000777,Respiratory rate,19.2,12.0,29.0,271
case-000777,Oxygen saturation,86.68,58.0,98.0,254
case-000777,Systolic blood pressure,77.51,38.0,154.0,99
case-000777,Diastolic blood pressure,47.22,15.0,125.0,99
case-000777,Mean arterial pressure,54.38,24.0,133.0,99
case-000778,Heart rate,69.04,65.0,77.0,142
case-000778,Respiratory rate,20.71,13.0,31.0,72
case-000778,Oxygen saturation,95.73,94.0,97.0,142
case-000778,Systolic blood pressure,104.98,82.0,122.0,43
case-000778,Diastolic blood pressure,59.7,48.0,85.0,43
case-000778,Mean arterial pressure,70.56,56.0,91.0,43
case-000779,Heart rate,60.15,60.0,70.0,614
case-000779,Respiratory rate,15.02,9.0,28.0,614
case-000779,Oxygen saturation,99.47,76.0,100.0,613
case-000779,Systolic blood pressure,106.25,78.0,126.0,88
case-000779,Diastolic blood pressure,54.78,42.0,77.0,88
case-000779,Mean arterial pressure,67.02,50.0,88.0,88
case-000780,Heart rate,67.82,60.0,96.0,515
case-000780,Respiratory rate,20.89,12.0,27.0,515
case-000780,Oxygen saturation,98.36,90.0,100.0,515
case-000780,Body temperature,36.0,16.75,37.2,503
case-000780,Systolic blood pressure,111.56,52.0,182.0,112
case-000780,Diastolic blood pressure,52.69,23.0,97.0,112
case-000780,Mean arterial pressure,73.21,36.0,114.0,113
case-000781,Heart rate,60.82,50.0,93.0,778
case-000781,Respiratory rate,12.55,7.0,21.0,778
case-000781,Oxygen saturation,98.23,69.0,100.0,376
case-000781,Systolic blood pressure,111.61,86.0,134.0,38
case-000781,Diastolic blood pressure,60.24,49.0,75.0,38
case-000781,Mean arterial pressure,72.45,61.0,85.0,38
case-000782,Heart rate,105.66,0.0,148.0,299
case-000782,Respiratory rate,31.28,0.0,41.0,299
case-000782,Oxygen saturation,92.99,69.0,100.0,209
case-000782,Systolic blood pressure,101.06,38.0,187.0,105
case-000782,Diastolic blood pressure,68.06,10.0,156.0,105
case-000782,Mean arterial pressure,75.11,21.0,164.0,106
case-000783,Heart rate,97.76,90.0,109.0,140
case-000783,Respiratory rate,29.88,18.0,39.0,126
case-000783,Oxygen saturation,96.85,93.0,100.0,140
case-000783,Systolic blood pressure,108.0,87.0,140.0,13
case-000783,Diastolic blood pressure,61.08,46.0,84.0,13
case-000783,Mean arterial pressure,71.0,54.0,93.0,13
case-000784,Heart rate,104.49,95.0,134.0,245
case-000784,Respiratory rate,17.59,12.0,27.0,245
case-000784,Oxygen saturation,97.87,92.0,100.0,246
case-000784,Systolic blood pressure,124.71,96.0,170.0,31
case-000784,Diastolic blood pressure,80.68,65.0,99.0,31
case-000784,Mean arterial pressure,97.19,82.0,115.0,31
case-000785,Heart rate,84.89,69.0,111.0,312
case-000785,Oxygen saturation,89.0,76.0,98.0,3
case-000785,Systolic blood pressure,115.03,72.0,166.0,40
case-000785,Diastolic blood pressure,76.4,41.0,128.0,40
case-000785,Mean arterial pressure,89.95,50.0,129.0,40
case-000786,Heart rate,82.74,73.0,100.0,813
case-000786,Respiratory rate,11.4,0.0,46.0,813
case-000786,Oxygen saturation,57.03,0.0,100.0,813
case-000786,Systolic blood pressure,130.46,0.0,181.0,105
case-000786,Diastolic blood pressure,68.69,0.0,139.0,105
case-000786,Mean arterial pressure,90.75,0.0,143.0,105
case-000787,Heart rate,89.35,63.0,123.0,1991
case-000787,Systolic blood pressure,125.41,19.0,246.0,954
case-000787,Diastolic blood pressure,61.62,14.0,221.0,954
case-000787,Mean arterial pressure,85.92,14.0,235.0,954
case-000787,Respiratory rate,18.74,1.0,54.0,1990
case-000787,Oxygen saturation,96.06,80.0,100.0,1991
case-000788,Heart rate,99.28,79.0,147.0,344
case-000788,Systolic blood pressure,119.0,65.0,199.0,358
case-000788,Diastolic blood pressure,83.36,44.0,129.0,358
case-000788,Mean arterial pressure,91.37,51.0,164.0,358
case-000788,Respiratory rate,21.3,8.0,39.0,344
case-000788,Oxygen saturation,97.62,88.0,100.0,343
case-000788,Body temperature,37.65,29.1,38.6,97
case-000789,Heart rate,90.1,72.0,126.0,506
case-000789,Respiratory rate,28.29,13.0,71.0,505
case-000789,Oxygen saturation,96.13,90.0,100.0,464
case-000789,Systolic blood pressure,105.26,80.0,145.0,78
case-000789,Diastolic blood pressure,70.56,29.0,125.0,78
case-000789,Mean arterial pressure,81.5,37.0,136.0,78
case-000790,Heart rate,94.85,62.0,138.0,727
case-000790,Respiratory rate,29.32,14.0,42.0,650
case-000790,Oxygen saturation,96.48,79.0,100.0,640
case-000790,Systolic blood pressure,113.52,57.0,248.0,99
case-000790,Diastolic blood pressure,67.41,27.0,233.0,99
case-000790,Mean arterial pressure,79.13,42.0,236.0,102
case-000791,Heart rate,74.28,64.0,101.0,209
case-000791,Respiratory rate,16.45,10.0,28.0,209
case-000791,Oxygen saturation,98.83,92.0,100.0,204
case-000791,Systolic blood pressure,118.19,95.0,172.0,36
case-000791,Diastolic blood pressure,66.58,52.0,83.0,36
case-000791,Mean arterial pressure,78.92,62.0,94.0,37
case-000792,Heart rate,80.58,58.0,115.0,213
case-000792,Respiratory rate,16.21,0.0,24.0,239
case-000792,Oxygen saturation,99.57,91.0,100.0,207
case-000792,Systolic blood pressure,171.9,137.0,195.0,39
case-000792,Diastolic blood pressure,98.82,75.0,113.0,39
case-000792,Mean arterial pressure,122.59,98.0,137.0,39
case-000793,Heart rate,87.49,59.0,111.0,175
case-000793,Systolic blood pressure,141.14,115.0,229.0,65
case-000793,Diastolic blood pressure,67.27,51.0,106.0,65
case-000793,Mean arterial pressure,84.45,69.0,337.0,75
case-000793,Respiratory rate,20.28,15.0,26.0,175
case-000793,Oxygen saturation,92.69,84.0,99.0,169
case-000794,Heart rate,112.77,96.0,136.0,892
case-000794,Respiratory rate,27.19,16.0,37.0,884
case-000794,Oxygen saturation,95.69,89.0,100.0,896
case-000794,Systolic blood pressure,132.07,106.0,160.0,76
case-000794,Diastolic blood pressure,61.61,38.0,117.0,76
case-000794,Mean arterial pressure,77.3,58.0,126.0,76
case-000795,Heart rate,101.03,37.0,181.0,2861
case-000795,Systolic blood pressure,138.37,62.0,191.0,1451
case-000795,Diastolic blood pressure,80.81,29.0,171.0,1451
case-000795,Mean arterial pressure,93.38,36.0,291.0,1460
case-000795,Respiratory rate,15.04,0.0,32.0,2359
case-000795,Oxygen saturation,96.0,35.0,100.0,2627
case-000796,Heart rate,101.7,78.0,133.0,1689
case-000796,Respiratory rate,18.86,0.0,109.0,1678
case-000796,Oxygen saturation,96.6,89.0,100.0,1667
case-000796,Systolic blood pressure,123.16,45.0,206.0,532
case-000796,Diastolic blood pressure,66.02,36.0,135.0,532
case-000796,Mean arterial pressure,87.71,41.0,164.0,532
case-000797,Heart rate,71.37,46.0,118.0,2281
case-000797,Respiratory rate,24.36,6.0,110.0,2236
case-000797,Oxygen saturation,98.85,71.0,100.0,1958
case-000797,Body temperature,36.29,35.0,37.4,1553
case-000797,Systolic blood pressure,117.54,69.0,173.0,767
case-000797,Diastolic blood pressure,64.97,44.0,88.0,767
case-000797,Mean arterial pressure,81.99,49.0,128.0,767
case-000798,Heart rate,96.26,0.0,120.0,1952
case-000798,Respiratory rate,16.95,9.0,32.0,1952
case-000798,Oxygen saturation,91.78,19.0,100.0,1358
case-000798,Systolic blood pressure,93.75,59.0,140.0,638
case-000798,Diastolic blood pressure,60.31,22.0,117.0,638
case-000798,Mean arterial pressure,67.78,33.0,121.0,639
case-000799,Heart rate,64.16,56.0,80.0,598
case-000799,Systolic blood pressure,121.85,77.0,181.0,737
case-000799,Diastolic blood pressure,52.54,23.0,121.0,737
case-000799,Mean arterial pressure,68.97,43.0,130.0,737
case-000799,Respiratory rate,18.46,8.0,30.0,588
case-000799,Oxygen saturation,98.94,93.0,100.0,596
case-000800,Heart rate,96.09,63.0,161.0,1095
case-000800,Respiratory rate,20.08,0.0,43.0,1044
case-000800,Oxygen saturation,95.17,79.0,100.0,1011
case-000800,Systolic blood pressure,134.38,103.0,191.0,121
case-000800,Diastolic blood pressure,80.86,58.0,137.0,121
case-000800,Mean arterial pressure,97.14,67.0,161.0,121
case-000801,Heart rate,63.08,36.0,130.0,3063
case-000801,Respiratory rate,21.13,7.0,45.0,2919
case-000801,Oxygen saturation,97.25,0.0,100.0,2948
case-000801,Systolic blood pressure,152.24,92.0,209.0,361
case-000801,Diastolic blood pressure,72.17,42.0,163.0,361
case-000801,Mean arterial pressure,105.45,61.0,183.0,361
case-000802,Heart rate,94.19,76.0,144.0,1931
case-000802,Systolic blood pressure,138.45,14.0,216.0,1570
case-000802,Diastolic blood pressure,79.55,5.0,178.0,1570
case-000802,Mean arterial pressure,104.91,10.0,191.0,1570
case-000802,Respiratory rate,23.64,9.0,91.0,1929
case-000802,Oxygen saturation,97.81,79.0,100.0,1930
case-000803,Heart rate,107.86,91.0,172.0,776
case-000803,Respiratory rate,25.93,13.0,37.0,776
case-000803,Oxygen saturation,97.17,95.0,100.0,733
case-000803,Systolic blood pressure,144.67,61.0,185.0,96
case-000803,Diastolic blood pressure,86.45,13.0,118.0,96
case-000803,Mean arterial pressure,99.08,23.0,124.0,96
case-000804,Heart rate,70.06,63.0,82.0,300
case-000804,Systolic blood pressure,121.86,88.0,150.0,300
case-000804,Diastolic blood pressure,61.75,40.0,75.0,300
case-000804,Mean arterial pressure,81.98,55.0,98.0,300
case-000804,Oxygen saturation,99.63,96.0,100.0,299
case-000805,Heart rate,80.55,60.0,112.0,743
case-000805,Systolic blood pressure,104.48,79.0,170.0,645
case-000805,Diastolic blood pressure,56.95,24.0,99.0,645
case-000805,Mean arterial pressure,67.07,-9.0,147.0,649
case-000805,Respiratory rate,21.47,0.0,28.0,177
case-000805,Oxygen saturation,97.75,87.0,100.0,678
case-000806,Heart rate,99.82,58.0,152.0,1428
case-000806,Respiratory rate,22.98,8.0,36.0,1426
case-000806,Oxygen saturation,95.22,70.0,100.0,1398
case-000806,Systolic blood pressure,100.68,34.0,190.0,384
case-000806,Diastolic blood pressure,60.51,18.0,166.0,384
case-000806,Mean arterial pressure,69.43,26.0,172.0,386
case-000807,Heart rate,99.1,82.0,124.0,1133
case-000807,Systolic blood pressure,145.39,72.0,217.0,574
case-000807,Diastolic blood pressure,73.08,38.0,119.0,574
case-000807,Mean arterial pressure,96.78,53.0,158.0,575
case-000807,Respiratory rate,25.02,0.0,48.0,1042
case-000807,Oxygen saturation,96.47,85.0,100.0,1107
case-000808,Heart rate,100.54,63.0,150.0,964
case-000808,Respiratory rate,22.66,12.0,60.0,964
case-000808,Oxygen saturation,96.11,88.0,100.0,964
case-000808,Systolic blood pressure,128.36,80.0,173.0,187
case-000808,Diastolic blood pressure,75.43,51.0,105.0,187
case-000808,Mean arterial pressure,98.93,58.0,144.0,187
case-000809,Oxygen saturation,98.55,95.0,100.0,258
case-000809,Systolic blood pressure,130.17,114.0,144.0,30
case-000809,Diastolic blood pressure,75.07,60.0,88.0,30
case-000809,Mean arterial pressure,88.58,72.0,118.0,31
case-000810,Heart rate,98.86,61.0,142.0,2943
case-000810,Systolic blood pressure,111.19,48.0,195.0,857
case-000810,Diastolic blood pressure,53.66,24.0,172.0,857
case-000810,Mean arterial pressure,67.19,37.0,178.0,857
case-000810,Oxygen saturation,97.2,72.0,100.0,2542
case-000811,Heart rate,42.5,35.0,75.0,601
case-000811,Respiratory rate,17.25,10.0,33.0,603
case-000811,Oxygen saturation,97.09,83.0,100.0,578
case-000811,Systolic blood pressure,97.33,55.0,244.0,136
case-000811,Diastolic blood pressure,62.26,23.0,217.0,136
case-000811,Mean arterial pressure,74.2,34.0,226.0,137
case-000812,Heart rate,99.91,93.0,111.0,494
case-000812,Respiratory rate,15.23,8.0,29.0,494
case-000812,Oxygen saturation,97.82,77.0,100.0,491
case-000812,Systolic blood pressure,102.17,53.0,125.0,171
case-000812,Diastolic blood pressure,64.15,40.0,85.0,171
case-000812,Mean arterial pressure,77.15,47.0,95.0,171
case-000813,Heart rate,79.95,65.0,135.0,451
case-000813,Respiratory rate,15.64,10.0,27.0,450
case-000813,Oxygen saturation,93.93,86.0,98.0,450
case-000813,Systolic blood pressure,150.68,126.0,189.0,65
case-000813,Diastolic blood pressure,89.88,75.0,125.0,65
case-000813,Mean arterial pressure,103.95,89.0,130.0,65
case-000814,Heart rate,139.18,0.0,178.0,71
case-000814,Systolic blood pressure,90.95,-28.0,252.0,94
case-000814,Diastolic blood pressure,48.9,-28.0,251.0,93
case-000814,Mean arterial pressure,60.8,-28.0,251.0,98
case-000814,Respiratory rate,29.07,0.0,36.0,70
case-000814,Oxygen saturation,90.87,63.0,100.0,53
case-000815,Heart rate,86.54,74.0,104.0,526
case-000815,Systolic blood pressure,105.98,14.0,147.0,60
case-000815,Mean arterial pressure,75.65,6.0,143.0,63
case-000815,Respiratory rate,25.21,0.0,40.0,518
case-000815,Oxygen saturation,97.4,80.0,100.0,295
case-000815,Diastolic blood pressure,59.19,44.0,128.0,59
case-000816,Heart rate,103.62,76.0,157.0,1420
case-000816,Respiratory rate,18.11,0.0,46.0,1420
case-000816,Oxygen saturation,97.93,84.0,100.0,1407
case-000816,Systolic blood pressure,140.35,91.0,224.0,170
case-000816,Diastolic blood pressure,83.29,40.0,129.0,170
case-000816,Mean arterial pressure,95.67,22.0,146.0,171
case-000817,Heart rate,75.27,60.0,106.0,2833
case-000817,Systolic blood pressure,135.13,79.0,190.0,1396
case-000817,Diastolic blood pressure,70.0,24.0,170.0,1396
case-000817,Mean arterial pressure,85.39,17.0,247.0,1399
case-000817,Respiratory rate,11.76,0.0,27.0,2783
case-000817,Oxygen saturation,95.96,89.0,100.0,2761
case-000817,Body temperature,36.66,35.556,37.222,529
case-000818,Heart rate,79.65,54.0,120.0,1435
case-000818,Respiratory rate,20.51,10.0,47.0,1430
case-000818,Oxygen saturation,96.95,61.0,100.0,1434
case-000818,Systolic blood pressure,101.87,74.0,145.0,135
case-000818,Diastolic blood pressure,64.3,50.0,96.0,135
case-000818,Mean arterial pressure,77.84,58.0,117.0,135
case-000819,Heart rate,100.45,92.0,126.0,451
case-000819,Respiratory rate,21.95,12.0,43.0,451
case-000819,Oxygen saturation,97.64,95.0,100.0,451
case-000819,Systolic blood pressure,116.57,89.0,151.0,49
case-000819,Diastolic blood pressure,65.71,39.0,90.0,49
case-000819,Mean arterial pressure,82.63,53.0,115.0,49
case-000820,Heart rate,82.79,62.0,133.0,468
case-000820,Respiratory rate,22.0,14.0,33.0,467
case-000820,Oxygen saturation,93.95,70.0,99.0,336
case-000820,Systolic blood pressure,144.57,106.0,171.0,54
case-000820,Diastolic blood pressure,93.94,69.0,137.0,54
case-000820,Mean arterial pressure,105.33,78.0,141.0,54
case-000821,Heart rate,73.12,51.0,110.0,1115
case-000821,Respiratory rate,29.12,0.0,55.0,1110
case-000821,Oxygen saturation,97.7,70.0,100.0,1054
case-000821,Body temperature,37.33,36.4,38.1,626
case-000821,Systolic blood pressure,118.44,74.0,166.0,102
case-000821,Diastolic blood pressure,68.41,47.0,93.0,102
case-000821,Mean arterial pressure,87.28,55.0,122.0,102
case-000822,Heart rate,93.18,68.0,144.0,141
case-000822,Systolic blood pressure,103.81,54.0,179.0,171
case-000822,Diastolic blood pressure,40.52,20.0,83.0,171
case-000822,Mean arterial pressure,62.31,32.0,99.0,172
case-000822,Respiratory rate,18.57,9.0,42.0,141
case-000822,Oxygen saturation,97.36,84.0,100.0,80
case-000823,Heart rate,95.54,67.0,129.0,3077
case-000823,Respiratory rate,17.35,0.0,30.0,2809
case-000823,Oxygen saturation,98.85,69.0,100.0,3011
case-000823,Systolic blood pressure,118.17,43.0,233.0,483
case-000823,Diastolic blood pressure,75.33,27.0,163.0,483
case-000823,Mean arterial pressure,85.44,29.0,240.0,485
case-000824,Heart rate,89.81,0.0,132.0,1625
case-000824,Respiratory rate,24.08,7.0,119.0,1593
case-000824,Oxygen saturation,95.42,47.0,100.0,1606
case-000824,Systolic blood pressure,137.7,49.0,231.0,319
case-000824,Diastolic blood pressure,68.84,33.0,165.0,319
case-000824,Mean arterial pressure,94.08,38.0,171.0,319
case-000825,Heart rate,82.75,74.0,161.0,133
case-000825,Respiratory rate,28.17,22.0,35.0,133
case-000825,Oxygen saturation,93.87,87.0,96.0,133
case-000825,Systolic blood pressure,103.4,77.0,135.0,40
case-000825,Diastolic blood pressure,66.22,49.0,107.0,40
case-000825,Mean arterial pressure,74.72,57.0,112.0,40
case-000826,Heart rate,79.13,0.0,118.0,587
case-000826,Systolic blood pressure,147.19,80.0,182.0,374
case-000826,Diastolic blood pressure,92.77,48.0,117.0,374
case-000826,Mean arterial pressure,113.38,62.0,145.0,374
case-000826,Respiratory rate,17.95,10.0,34.0,587
case-000826,Oxygen saturation,96.1,74.0,100.0,551
case-000827,Heart rate,62.35,60.0,66.0,156
case-000827,Respiratory rate,14.3,8.0,18.0,156
case-000827,Oxygen saturation,97.58,95.0,100.0,156
case-000827,Systolic blood pressure,95.62,86.0,110.0,39
case-000827,Diastolic blood pressure,51.26,44.0,59.0,39
case-000827,Mean arterial pressure,61.51,53.0,67.0,39
case-000828,Heart rate,73.3,40.0,134.0,1372
case-000828,Respiratory rate,17.65,11.0,27.0,1356
case-000828,Oxygen saturation,98.49,85.0,100.0,1283
case-000828,Systolic blood pressure,119.69,69.0,156.0,242
case-000828,Diastolic blood pressure,65.62,33.0,125.0,242
case-000828,Mean arterial pressure,78.84,49.0,133.0,250
case-000829,Heart rate,99.62,78.0,159.0,582
case-000829,Respiratory rate,25.54,13.0,51.0,581
case-000829,Oxygen saturation,99.34,94.0,100.0,538
case-000829,Systolic blood pressure,110.65,90.0,138.0,117
case-000829,Diastolic blood pressure,64.26,52.0,88.0,117
case-000829,Mean arterial pressure,81.44,68.0,102.0,117
case-000830,Heart rate,73.59,57.0,95.0,636
case-000830,Respiratory rate,17.12,0.0,27.0,614
case-000830,Oxygen saturation,96.93,83.0,100.0,569
case-000830,Systolic blood pressure,117.17,73.0,156.0,53
case-000830,Diastolic blood pressure,72.7,44.0,99.0,53
case-000830,Mean arterial pressure,89.4,59.0,123.0,53
case-000831,Heart rate,113.78,91.0,155.0,228
case-000831,Respiratory rate,15.31,0.0,28.0,228
case-000831,Oxygen saturation,97.11,91.0,100.0,228
case-000831,Systolic blood pressure,111.36,74.0,141.0,127
case-000831,Diastolic blood pressure,71.69,46.0,88.0,127
case-000831,Mean arterial pressure,80.21,53.0,97.0,127
case-000832,Heart rate,103.06,79.0,144.0,437
case-000832,Respiratory rate,15.85,11.0,24.0,437
case-000832,Oxygen saturation,99.88,99.0,100.0,437
case-000832,Systolic blood pressure,116.67,96.0,127.0,33
case-000832,Diastolic blood pressure,64.88,54.0,76.0,33
case-000832,Mean arterial pressure,76.67,64.0,87.0,33
case-000833,Heart rate,73.91,62.0,109.0,394
case-000833,Respiratory rate,21.89,7.0,77.0,389
case-000833,Oxygen saturation,98.33,96.0,100.0,33
case-000833,Systolic blood pressure,151.3,122.0,186.0,23
case-000833,Diastolic blood pressure,60.83,48.0,77.0,23
case-000833,Mean arterial pressure,92.48,68.0,116.0,23
case-000834,Heart rate,74.96,50.0,141.0,506
case-000834,Respiratory rate,28.36,18.0,53.0,506
case-000834,Oxygen saturation,96.57,65.0,100.0,506
case-000834,Systolic blood pressure,107.33,92.0,129.0,46
case-000834,Diastolic blood pressure,54.09,42.0,79.0,46
case-000834,Mean arterial pressure,77.57,63.0,93.0,46
case-000835,Heart rate,78.25,0.0,111.0,1437
case-000835,Systolic blood pressure,102.49,61.0,155.0,663
case-000835,Diastolic blood pressure,61.04,35.0,114.0,663
case-000835,Mean arterial pressure,70.52,41.0,120.0,664
case-000835,Respiratory rate,13.57,0.0,48.0,1437
case-000835,Oxygen saturation,98.14,50.0,100.0,1402
case-000835,Body temperature,97.26,89.15,100.1,1436
case-000836,Heart rate,82.21,62.0,109.0,423
case-000836,Systolic blood pressure,116.27,94.0,221.0,400
case-000836,Diastolic blood pressure,61.8,39.0,216.0,400
case-000836,Mean arterial pressure,82.89,58.0,217.0,400
case-000836,Respiratory rate,24.01,13.0,45.0,423
case-000836,Oxygen saturation,95.29,90.0,99.0,373
case-000837,Oxygen saturation,98.06,88.0,100.0,126
case-000837,Systolic blood pressure,143.7,128.0,168.0,33
case-000837,Diastolic blood pressure,84.7,72.0,100.0,33
case-000837,Mean arterial pressure,97.82,86.0,116.0,33
case-000838,Heart rate,102.71,75.0,125.0,660
case-000838,Respiratory rate,19.96,13.0,35.0,660
case-000838,Oxygen saturation,97.18,89.0,100.0,631
case-000838,Systolic blood pressure,96.66,32.0,131.0,203
case-000838,Diastolic blood pressure,67.43,17.0,100.0,203
case-000838,Mean arterial pressure,73.77,20.0,106.0,204
case-000839,Heart rate,114.47,90.0,137.0,890
case-000839,Systolic blood pressure,128.36,76.0,164.0,295
case-000839,Diastolic blood pressure,69.72,52.0,111.0,295
case-000839,Mean arterial pressure,83.1,65.0,174.0,296
case-000839,Respiratory rate,16.09,5.0,29.0,890
case-000839,Oxygen saturation,94.14,88.0,98.0,889
case-000840,Heart rate,80.55,0.0,108.0,559
case-000840,Respiratory rate,16.86,0.0,25.0,558
case-000840,Oxygen saturation,97.81,82.0,100.0,476
case-000840,Systolic blood pressure,99.51,69.0,130.0,120
case-000840,Diastolic blood pressure,63.32,28.0,104.0,120
case-000840,Mean arterial pressure,71.61,36.0,107.0,121
case-000841,Heart rate,88.94,0.0,118.0,256
case-000841,Respiratory rate,22.98,0.0,40.0,256
case-000841,Oxygen saturation,91.89,50.0,100.0,88
case-000841,Systolic blood pressure,87.27,67.0,172.0,67
case-000841,Diastolic blood pressure,50.45,32.0,121.0,67
case-000841,Mean arterial pressure,63.72,45.0,143.0,67
case-000842,Heart rate,78.65,62.0,115.0,255
case-000842,Respiratory rate,17.92,7.0,45.0,255
case-000842,Oxygen saturation,91.05,88.0,99.0,240
case-000842,Systolic blood pressure,131.8,99.0,161.0,25
case-000842,Diastolic blood pressure,65.36,48.0,86.0,25
case-000842,Mean arterial pressure,91.36,69.0,125.0,25
case-000843,Heart rate,89.31,77.0,113.0,1124
case-000843,Respiratory rate,31.27,12.0,50.0,1065
case-000843,Oxygen saturation,94.22,89.0,98.0,1124
case-000843,Systolic blood pressure,144.34,80.0,198.0,196
case-000843,Diastolic blood pressure,76.86,49.0,164.0,196
case-000843,Mean arterial pressure,91.97,54.0,170.0,197
case-000844,Heart rate,84.54,39.0,158.0,1082
case-000844,Respiratory rate,23.76,15.0,45.0,1083
case-000844,Oxygen saturation,97.97,69.0,100.0,1062
case-000844,Systolic blood pressure,105.71,82.0,138.0,86
case-000844,Diastolic blood pressure,52.97,30.0,90.0,86
case-000844,Mean arterial pressure,65.26,36.0,95.0,86
case-000845,Heart rate,60.13,53.0,75.0,105
case-000845,Respiratory rate,21.28,17.0,26.0,105
case-000845,Oxygen saturation,99.35,97.0,100.0,105
case-000845,Systolic blood pressure,129.33,116.0,152.0,12
case-000845,Diastolic blood pressure,71.92,58.0,104.0,12
case-000845,Mean arterial pressure,86.33,74.0,111.0,12
case-000846,Heart rate,77.64,58.0,97.0,478
case-000846,Respiratory rate,23.99,12.0,50.0,476
case-000846,Oxygen saturation,96.07,75.0,100.0,466
case-000846,Systolic blood pressure,118.35,92.0,147.0,80
case-000846,Diastolic blood pressure,68.31,51.0,89.0,80
case-000846,Mean arterial pressure,87.55,65.0,109.0,80
case-000847,Heart rate,78.54,61.0,125.0,252
case-000847,Respiratory rate,24.34,1.0,34.0,183
case-000847,Oxygen saturation,93.12,89.0,98.0,273
case-000847,Systolic blood pressure,142.7,111.0,174.0,46
case-000847,Diastolic blood pressure,84.41,51.0,146.0,46
case-000847,Mean arterial pressure,97.24,64.0,151.0,46
case-000848,Heart rate,95.15,80.0,120.0,258
case-000848,Oxygen saturation,96.57,91.0,100.0,247
case-000848,Systolic blood pressure,118.9,101.0,135.0,10
case-000848,Diastolic blood pressure,71.5,55.0,97.0,10
case-000848,Mean arterial pressure,86.4,71.0,102.0,10
case-000849,Heart rate,108.72,97.0,126.0,109
case-000849,Respiratory rate,17.92,6.0,41.0,109
case-000849,Oxygen saturation,99.51,98.0,100.0,105
case-000849,Systolic blood pressure,103.4,78.0,132.0,30
case-000849,Diastolic blood pressure,53.17,43.0,63.0,30
case-000849,Mean arterial pressure,73.47,56.0,87.0,30
case-000850,Heart rate,72.56,62.0,88.0,555
case-000850,Respiratory rate,20.43,11.0,29.0,555
case-000850,Oxygen saturation,96.82,89.0,100.0,87
case-000850,Systolic blood pressure,145.5,122.0,175.0,14
case-000850,Diastolic blood pressure,61.29,52.0,72.0,14
case-000850,Mean arterial pressure,81.21,70.0,97.0,14
case-000851,Heart rate,111.29,48.0,144.0,703
case-000851,Respiratory rate,18.1,0.0,32.0,606
case-000851,Oxygen saturation,95.13,75.0,98.0,310
case-000851,Systolic blood pressure,110.03,61.0,173.0,115
case-000851,Diastolic blood pressure,68.39,38.0,132.0,115
case-000851,Mean arterial pressure,77.5,45.0,137.0,115
case-000852,Heart rate,75.39,66.0,93.0,245
case-000852,Oxygen saturation,95.49,81.0,100.0,241
case-000852,Systolic blood pressure,86.06,66.0,119.0,48
case-000852,Diastolic blood pressure,46.73,26.0,80.0,48
case-000852,Mean arterial pressure,55.62,36.0,84.0,48
case-000853,Heart rate,76.52,63.0,96.0,297
case-000853,Respiratory rate,17.21,11.0,23.0,297
case-000853,Oxygen saturation,94.43,87.0,99.0,265
case-000853,Systolic blood pressure,173.41,137.0,231.0,46
case-000853,Diastolic blood pressure,92.22,62.0,124.0,46
case-000853,Mean arterial pressure,112.46,81.0,148.0,46
case-000854,Heart rate,72.11,58.0,105.0,208
case-000854,Respiratory rate,17.45,0.0,24.0,208
case-000854,Oxygen saturation,95.1,93.0,97.0,31
case-000854,Systolic blood pressure,126.94,85.0,166.0,18
case-000854,Diastolic blood pressure,78.67,60.0,102.0,18
case-000854,Mean arterial pressure,83.6,25.0,120.0,20
case-000855,Heart rate,66.79,54.0,93.0,470
case-000855,Respiratory rate,17.25,0.0,39.0,405
case-000855,Oxygen saturation,95.87,71.0,100.0,461
case-000855,Systolic blood pressure,105.05,89.0,131.0,44
case-000855,Diastolic blood pressure,64.75,45.0,91.0,44
case-000855,Mean arterial pressure,80.18,60.0,106.0,44
case-000856,Heart rate,104.18,40.0,142.0,356
case-000856,Respiratory rate,27.22,15.0,41.0,356
case-000856,Oxygen saturation,83.98,56.0,100.0,325
case-000856,Systolic blood pressure,98.57,77.0,116.0,28
case-000856,Diastolic blood pressure,59.18,40.0,86.0,28
case-000856,Mean arterial pressure,68.04,47.0,91.0,28
case-000857,Heart rate,100.58,76.0,122.0,462
case-000857,Respiratory rate,15.64,11.0,23.0,462
case-000857,Oxygen saturation,96.88,86.0,100.0,401
case-000857,Systolic blood pressure,134.85,105.0,155.0,39
case-000857,Diastolic blood pressure,87.97,68.0,103.0,39
case-000857,Mean arterial pressure,98.28,77.0,113.0,39
case-000858,Heart rate,67.93,59.0,92.0,207
case-000858,Respiratory rate,15.86,6.0,19.0,207
case-000858,Oxygen saturation,99.89,97.0,100.0,207
case-000858,Systolic blood pressure,100.77,69.0,143.0,53
case-000858,Diastolic blood pressure,40.42,28.0,64.0,53
case-000858,Mean arterial pressure,54.85,38.0,76.0,53
case-000859,Heart rate,83.44,72.0,108.0,223
case-000859,Respiratory rate,15.28,11.0,23.0,223
case-000859,Oxygen saturation,97.1,94.0,99.0,220
case-000859,Systolic blood pressure,144.17,103.0,188.0,36
case-000859,Diastolic blood pressure,88.33,63.0,130.0,36
case-000859,Mean arterial pressure,101.67,70.0,142.0,36
case-000860,Heart rate,91.55,61.0,160.0,607
case-000860,Systolic blood pressure,118.74,64.0,187.0,263
case-000860,Diastolic blood pressure,61.77,39.0,116.0,263
case-000860,Mean arterial pressure,74.69,42.0,119.0,263
case-000860,Respiratory rate,21.43,10.0,30.0,607
case-000860,Oxygen saturation,97.3,57.0,100.0,584
case-000861,Heart rate,90.13,80.0,146.0,205
case-000861,Respiratory rate,27.4,8.0,78.0,204
case-000861,Oxygen saturation,93.93,90.0,99.0,205
case-000861,Systolic blood pressure,134.14,101.0,153.0,35
case-000861,Diastolic blood pressure,73.91,48.0,97.0,35
case-000861,Mean arterial pressure,100.89,63.0,126.0,35
case-000862,Heart rate,59.42,29.0,112.0,883
case-000862,Respiratory rate,16.73,12.0,33.0,883
case-000862,Oxygen saturation,97.04,0.0,100.0,856
case-000862,Systolic blood pressure,127.95,74.0,167.0,161
case-000862,Diastolic blood pressure,51.11,21.0,103.0,161
case-000862,Mean arterial pressure,69.29,47.0,110.0,161
case-000863,Heart rate,89.61,79.0,93.0,33
case-000863,Respiratory rate,20.28,0.0,32.0,25
case-000863,Oxygen saturation,96.14,94.0,97.0,21
case-000863,Systolic blood pressure,83.0,83.0,83.0,1
case-000863,Diastolic blood pressure,52.0,52.0,52.0,1
case-000863,Mean arterial pressure,62.0,62.0,62.0,1
case-000864,Heart rate,82.16,63.0,128.0,292
case-000864,Respiratory rate,20.02,15.0,26.0,291
case-000864,Oxygen saturation,95.29,92.0,99.0,224
case-000864,Systolic blood pressure,134.23,103.0,179.0,57
case-000864,Diastolic blood pressure,63.4,35.0,129.0,57
case-000864,Mean arterial pressure,78.86,52.0,135.0,57
case-000865,Heart rate,68.94,59.0,89.0,389
case-000865,Systolic blood pressure,102.9,74.0,141.0,212
case-000865,Diastolic blood pressure,65.95,54.0,137.0,212
case-000865,Mean arterial pressure,74.5,69.0,139.0,212
case-000865,Respiratory rate,19.72,13.0,36.0,358
case-000865,Oxygen saturation,95.89,88.0,99.0,388
case-000866,Heart rate,108.32,0.0,156.0,809
case-000866,Systolic blood pressure,104.06,17.0,224.0,212
case-000866,Diastolic blood pressure,65.23,12.0,186.0,212
case-000866,Mean arterial pressure,76.8,0.0,332.0,219
case-000866,Oxygen saturation,96.21,35.0,100.0,593
case-000867,Heart rate,80.21,0.0,107.0,675
case-000867,Respiratory rate,19.86,7.0,123.0,367
case-000867,Oxygen saturation,92.49,0.0,100.0,665
case-000867,Systolic blood pressure,117.44,67.0,150.0,166
case-000867,Diastolic blood pressure,59.75,39.0,80.0,166
case-000867,Mean arterial pressure,77.86,48.0,105.0,166
case-000868,Heart rate,112.34,87.0,141.0,354
case-000868,Oxygen saturation,95.91,77.0,100.0,340
case-000868,Systolic blood pressure,100.02,69.0,133.0,57
case-000868,Diastolic blood pressure,64.14,43.0,86.0,57
case-000868,Mean arterial pressure,76.46,51.0,105.0,57
case-000869,Heart rate,78.85,62.0,106.0,288
case-000869,Respiratory rate,24.36,17.0,39.0,288
case-000869,Oxygen saturation,95.09,93.0,97.0,245
case-000869,Systolic blood pressure,141.86,99.0,188.0,21
case-000869,Diastolic blood pressure,78.14,58.0,110.0,21
case-000869,Mean arterial pressure,103.95,70.0,140.0,21
case-000870,Heart rate,86.75,74.0,99.0,289
case-000870,Respiratory rate,18.78,7.0,32.0,289
case-000870,Oxygen saturation,98.51,96.0,100.0,289
case-000870,Systolic blood pressure,157.03,122.0,188.0,102
case-000870,Diastolic blood pressure,84.0,60.0,121.0,102
case-000870,Mean arterial pressure,99.48,72.0,126.0,103
case-000871,Heart rate,79.66,57.0,111.0,429
case-000871,Respiratory rate,19.62,10.0,26.0,429
case-000871,Oxygen saturation,96.19,91.0,100.0,426
case-000871,Body temperature,36.2,35.8,36.7,169
case-000871,Systolic blood pressure,110.09,73.0,157.0,55
case-000871,Diastolic blood pressure,65.67,45.0,103.0,55
case-000871,Mean arterial pressure,76.11,52.0,114.0,55
case-000872,Heart rate,90.48,68.0,112.0,203
case-000872,Respiratory rate,16.97,12.0,34.0,203
case-000872,Oxygen saturation,98.66,93.0,100.0,99
case-000872,Systolic blood pressure,112.36,92.0,125.0,33
case-000872,Diastolic blood pressure,70.94,48.0,86.0,33
case-000872,Mean arterial pressure,79.29,47.0,92.0,35
case-000873,Heart rate,92.97,74.0,115.0,384
case-000873,Respiratory rate,26.26,16.0,32.0,384
case-000873,Oxygen saturation,95.34,75.0,100.0,334
case-000873,Systolic blood pressure,124.05,79.0,159.0,41
case-000873,Diastolic blood pressure,56.44,26.0,95.0,41
case-000873,Mean arterial pressure,72.22,35.0,99.0,41
case-000874,Heart rate,87.07,66.0,112.0,575
case-000874,Respiratory rate,21.76,15.0,42.0,575
case-000874,Oxygen saturation,97.52,95.0,100.0,64
case-000874,Systolic blood pressure,116.71,91.0,156.0,21
case-000874,Diastolic blood pressure,58.24,50.0,71.0,21
case-000874,Mean arterial pressure,80.9,66.0,102.0,21
case-000875,Heart rate,76.37,62.0,94.0,341
case-000875,Respiratory rate,17.55,11.0,26.0,340
case-000875,Oxygen saturation,97.63,95.0,100.0,311
case-000875,Systolic blood pressure,121.91,92.0,144.0,43
case-000875,Diastolic blood pressure,75.95,55.0,94.0,43
case-000875,Mean arterial pressure,86.67,64.0,104.0,43
case-000876,Heart rate,74.5,55.0,126.0,1133
case-000876,Respiratory rate,22.23,12.0,43.0,1099
case-000876,Oxygen saturation,92.6,79.0,100.0,718
case-000876,Systolic blood pressure,122.68,74.0,156.0,170
case-000876,Diastolic blood pressure,79.25,41.0,126.0,170
case-000876,Mean arterial pressure,88.8,52.0,131.0,170
case-000877,Heart rate,77.26,55.0,114.0,366
case-000877,Respiratory rate,15.62,9.0,28.0,366
case-000877,Oxygen saturation,97.25,93.0,100.0,364
case-000877,Systolic blood pressure,112.62,79.0,137.0,47
case-000877,Diastolic blood pressure,65.51,40.0,104.0,47
case-000877,Mean arterial pressure,76.36,50.0,109.0,47
case-000878,Heart rate,98.89,85.0,133.0,255
case-000878,Respiratory rate,17.16,10.0,26.0,255
case-000878,Oxygen saturation,96.12,88.0,100.0,236
case-000878,Systolic blood pressure,131.07,111.0,158.0,28
case-000878,Diastolic blood pressure,81.64,66.0,117.0,28
case-000878,Mean arterial pressure,92.57,80.0,124.0,28
case-000879,Heart rate,51.84,45.0,58.0,76
case-000879,Respiratory rate,9.79,0.0,18.0,76
case-000879,Oxygen saturation,99.21,98.0,100.0,76
case-000879,Systolic blood pressure,90.13,80.0,107.0,15
case-000879,Diastolic blood pressure,52.47,39.0,62.0,15
case-000879,Mean arterial pressure,65.8,53.0,77.0,15
case-000880,Heart rate,71.54,62.0,93.0,257
case-000880,Systolic blood pressure,110.7,71.0,175.0,266
case-000880,Diastolic blood pressure,44.2,29.0,172.0,266
case-000880,Mean arterial pressure,60.02,1.0,288.0,270
case-000880,Respiratory rate,16.93,9.0,40.0,257
case-000880,Oxygen saturation,94.27,88.0,100.0,257
case-000881,Heart rate,86.89,61.0,150.0,620
case-000881,Oxygen saturation,98.42,92.0,100.0,591
case-000881,Systolic blood pressure,120.62,89.0,189.0,65
case-000881,Diastolic blood pressure,62.95,47.0,106.0,65
case-000881,Mean arterial pressure,84.31,67.0,137.0,65
case-000882,Heart rate,81.62,64.0,121.0,578
case-000882,Respiratory rate,15.07,0.0,26.0,578
case-000882,Oxygen saturation,98.25,46.0,100.0,546
case-000882,Systolic blood pressure,141.62,97.0,162.0,32
case-000882,Diastolic blood pressure,85.28,13.0,106.0,32
case-000882,Mean arterial pressure,97.88,33.0,120.0,32
case-000883,Heart rate,67.23,62.0,75.0,202
case-000883,Respiratory rate,14.6,12.0,25.0,186
case-000883,Oxygen saturation,98.67,97.0,100.0,202
case-000883,Systolic blood pressure,127.38,100.0,149.0,47
case-000883,Diastolic blood pressure,62.43,51.0,97.0,47
case-000883,Mean arterial pressure,77.87,71.0,110.0,47
case-000884,Heart rate,78.58,58.0,99.0,328
case-000884,Respiratory rate,19.29,13.0,27.0,328
case-000884,Oxygen saturation,94.86,90.0,97.0,243
case-000884,Systolic blood pressure,114.17,92.0,147.0,18
case-000884,Diastolic blood pressure,63.39,44.0,102.0,18
case-000884,Mean arterial pressure,75.22,55.0,107.0,18
case-000885,Heart rate,68.43,60.0,91.0,1185
case-000885,Respiratory rate,13.52,7.0,25.0,1185
case-000885,Oxygen saturation,97.55,93.0,100.0,1181
case-000885,Systolic blood pressure,146.46,87.0,205.0,109
case-000885,Diastolic blood pressure,68.12,38.0,100.0,109
case-000885,Mean arterial pressure,87.5,52.0,119.0,109
case-000886,Heart rate,81.61,71.0,98.0,1002
case-000886,Oxygen saturation,92.45,86.0,98.0,501
case-000886,Systolic blood pressure,128.2,103.0,167.0,41
case-000886,Diastolic blood pressure,50.2,37.0,74.0,41
case-000886,Mean arterial pressure,68.8,54.0,87.0,41
case-000887,Heart rate,92.61,47.0,147.0,5048
case-000887,Respiratory rate,20.76,0.0,69.0,4954
case-000887,Oxygen saturation,95.03,74.0,100.0,5036
case-000887,Systolic blood pressure,129.31,68.0,226.0,582
case-000887,Diastolic blood pressure,66.39,38.0,157.0,581
case-000887,Mean arterial pressure,87.18,44.0,169.0,582
case-000888,Heart rate,92.99,42.0,161.0,2673
case-000888,Systolic blood pressure,120.82,59.0,219.0,2000
case-000888,Diastolic blood pressure,63.01,34.0,165.0,2000
case-000888,Mean arterial pressure,76.14,-15.0,187.0,2004
case-000888,Respiratory rate,17.78,8.0,30.0,2673
case-000888,Oxygen saturation,95.82,77.0,100.0,2475
case-000889,Heart rate,73.03,60.0,125.0,1164
case-000889,Respiratory rate,18.37,0.0,30.0,1139
case-000889,Oxygen saturation,98.5,68.0,100.0,960
case-000889,Systolic blood pressure,110.34,61.0,158.0,329
case-000889,Diastolic blood pressure,53.2,29.0,90.0,329
case-000889,Mean arterial pressure,66.25,41.0,98.0,329
case-000890,Heart rate,52.06,32.0,159.0,1026
case-000890,Systolic blood pressure,115.09,75.0,193.0,1039
case-000890,Diastolic blood pressure,59.82,33.0,118.0,1039
case-000890,Mean arterial pressure,73.22,49.0,125.0,1039
case-000890,Respiratory rate,18.05,9.0,24.0,1026
case-000890,Oxygen saturation,98.34,90.0,100.0,1020
case-000891,Heart rate,99.19,70.0,122.0,2467
case-000891,Respiratory rate,29.61,17.0,48.0,2460
case-000891,Oxygen saturation,95.73,75.0,100.0,2468
case-000891,Systolic blood pressure,101.38,55.0,122.0,308
case-000891,Diastolic blood pressure,66.79,20.0,103.0,308
case-000891,Mean arterial pressure,74.53,27.0,107.0,309
case-000892,Heart rate,94.01,71.0,121.0,1090
case-000892,Systolic blood pressure,123.5,62.0,177.0,1151
case-000892,Diastolic blood pressure,58.85,26.0,148.0,1151
case-000892,Mean arterial pressure,74.09,-37.0,153.0,1154
case-000892,Respiratory rate,28.52,14.0,64.0,1089
case-000892,Oxygen saturation,95.6,71.0,100.0,1058
case-000892,Body temperature,36.79,33.0,37.6,1092
case-000893,Heart rate,86.1,73.0,110.0,808
case-000893,Systolic blood pressure,140.58,107.0,189.0,825
case-000893,Diastolic blood pressure,55.32,39.0,84.0,825
case-000893,Mean arterial pressure,75.42,27.0,249.0,825
case-000893,Respiratory rate,23.71,3.0,38.0,804
case-000893,Oxygen saturation,95.98,88.0,100.0,808
case-000894,Heart rate,86.38,54.0,137.0,4275
case-000894,Systolic blood pressure,137.35,80.0,246.0,1382
case-000894,Diastolic blood pressure,85.91,48.0,245.0,1382
case-000894,Mean arterial pressure,105.56,59.0,246.0,1382
case-000894,Respiratory rate,18.57,0.0,101.0,4272
case-000894,Oxygen saturation,97.25,78.0,100.0,4192
case-000895,Heart rate,89.25,71.0,141.0,2445
case-000895,Respiratory rate,19.5,0.0,37.0,2445
case-000895,Oxygen saturation,98.63,85.0,100.0,2425
case-000895,Systolic blood pressure,114.71,67.0,159.0,329
case-000895,Diastolic blood pressure,51.81,30.0,104.0,329
case-000895,Mean arterial pressure,65.96,47.0,110.0,329
case-000896,Heart rate,77.15,52.0,88.0,298
case-000896,Systolic blood pressure,130.73,100.0,147.0,224
case-000896,Diastolic blood pressure,80.09,60.0,99.0,224
case-000896,Mean arterial pressure,91.91,72.0,112.0,224
case-000896,Respiratory rate,20.56,10.0,32.0,298
case-000896,Oxygen saturation,96.03,90.0,100.0,296
case-000897,Heart rate,92.71,68.0,151.0,519
case-000897,Systolic blood pressure,107.19,64.0,150.0,367
case-000897,Diastolic blood pressure,67.9,49.0,97.0,367
case-000897,Mean arterial pressure,76.57,53.0,108.0,367
case-000897,Respiratory rate,22.19,14.0,35.0,519
case-000897,Oxygen saturation,97.34,94.0,100.0,518
case-000898,Heart rate,92.93,83.0,108.0,251
case-000898,Systolic blood pressure,135.42,85.0,178.0,219
case-000898,Diastolic blood pressure,78.75,43.0,92.0,219
case-000898,Mean arterial pressure,91.33,54.0,116.0,219
case-000898,Respiratory rate,21.81,15.0,31.0,251
case-000898,Oxygen saturation,97.09,85.0,100.0,253
case-000899,Heart rate,98.94,60.0,148.0,5027
case-000899,Systolic blood pressure,105.19,51.0,216.0,3000
case-000899,Diastolic blood pressure,72.17,30.0,146.0,3000
case-000899,Mean arterial pressure,84.55,40.0,153.0,3020
case-000899,Respiratory rate,20.36,0.0,47.0,4983
case-000899,Oxygen saturation,98.25,36.0,100.0,4788
case-000900,Heart rate,89.26,48.0,151.0,1140
case-000900,Respiratory rate,17.07,0.0,32.0,1137
case-000900,Oxygen saturation,97.67,87.0,100.0,1140
case-000900,Systolic blood pressure,129.33,63.0,214.0,383
case-000900,Diastolic blood pressure,63.85,32.0,154.0,383
case-000900,Mean arterial pressure,79.55,41.0,166.0,383
case-000901,Heart rate,62.27,51.0,88.0,591
case-000901,Systolic blood pressure,123.82,81.0,184.0,53
case-000901,Diastolic blood pressure,58.04,47.0,108.0,53
case-000901,Mean arterial pressure,90.0,59.0,136.0,55
case-000901,Respiratory rate,25.97,8.0,60.0,589
case-000901,Oxygen saturation,96.36,88.0,100.0,597
case-000902,Heart rate,90.98,22.0,125.0,330
case-000902,Respiratory rate,20.92,0.0,29.0,330
case-000902,Oxygen saturation,95.07,58.0,99.0,330
case-000902,Systolic blood pressure,145.37,109.0,173.0,49
case-000902,Diastolic blood pressure,79.43,35.0,136.0,49
case-000902,Mean arterial pressure,100.82,45.0,139.0,49
case-000903,Heart rate,87.13,73.0,112.0,314
case-000903,Systolic blood pressure,104.57,66.0,157.0,205
case-000903,Diastolic blood pressure,53.05,36.0,67.0,205
case-000903,Mean arterial pressure,73.64,46.0,97.0,205
case-000903,Respiratory rate,24.38,10.0,32.0,304
case-000903,Oxygen saturation,99.2,98.0,100.0,303
case-000904,Heart rate,83.78,65.0,106.0,1195
case-000904,Respiratory rate,21.97,9.0,123.0,405
case-000904,Oxygen saturation,93.76,69.0,100.0,1174
case-000904,Systolic blood pressure,128.65,72.0,171.0,452
case-000904,Diastolic blood pressure,65.06,38.0,103.0,452
case-000904,Mean arterial pressure,90.76,46.0,121.0,452
case-000905,Heart rate,69.57,59.0,93.0,448
case-000905,Respiratory rate,14.49,0.0,26.0,420
case-000905,Oxygen saturation,99.17,95.0,100.0,448
case-000905,Systolic blood pressure,105.69,93.0,126.0,68
case-000905,Diastolic blood pressure,60.63,49.0,78.0,68
case-000905,Mean arterial pressure,76.75,64.0,94.0,68
case-000906,Heart rate,92.25,74.0,130.0,1550
case-000906,Respiratory rate,22.5,12.0,53.0,1495
case-000906,Oxygen saturation,96.25,76.0,100.0,1368
case-000906,Systolic blood pressure,134.07,75.0,170.0,165
case-000906,Diastolic blood pressure,72.76,45.0,107.0,165
case-000906,Mean arterial pressure,98.21,55.0,123.0,165
case-000907,Heart rate,84.44,67.0,104.0,340
case-000907,Respiratory rate,21.82,4.0,38.0,331
case-000907,Oxygen saturation,97.62,76.0,100.0,349
case-000907,Systolic blood pressure,138.54,97.0,179.0,81
case-000907,Diastolic blood pressure,64.44,52.0,81.0,81
case-000907,Mean arterial pressure,92.04,72.0,113.0,81
case-000908,Heart rate,106.2,77.0,138.0,774
case-000908,Respiratory rate,21.24,11.0,38.0,774
case-000908,Oxygen saturation,94.9,81.0,100.0,772
case-000908,Systolic blood pressure,108.49,55.0,148.0,190
case-000908,Diastolic blood pressure,78.53,33.0,118.0,190
case-000908,Mean arterial pressure,89.75,45.0,124.0,190
case-000909,Heart rate,81.69,52.0,110.0,248
case-000909,Systolic blood pressure,139.68,69.0,166.0,158
case-000909,Diastolic blood pressure,70.72,32.0,110.0,158
case-000909,Mean arterial pressure,101.6,49.0,118.0,158
case-000909,Oxygen saturation,96.35,90.0,100.0,219
case-000910,Heart rate,95.77,65.0,148.0,402
case-000910,Respiratory rate,19.79,11.0,29.0,394
case-000910,Oxygen saturation,94.31,56.0,100.0,397
case-000910,Systolic blood pressure,90.51,43.0,135.0,109
case-000910,Diastolic blood pressure,53.94,25.0,118.0,109
case-000910,Mean arterial pressure,61.58,29.0,122.0,109
case-000911,Heart rate,70.29,58.0,99.0,256
case-000911,Respiratory rate,16.21,11.0,27.0,256
case-000911,Oxygen saturation,96.16,94.0,98.0,256
case-000911,Systolic blood pressure,146.57,91.0,190.0,30
case-000911,Diastolic blood pressure,68.1,50.0,99.0,30
case-000911,Mean arterial pressure,96.7,65.0,129.0,30
case-000912,Heart rate,64.24,53.0,94.0,500
case-000912,Respiratory rate,19.87,13.0,30.0,500
case-000912,Oxygen saturation,98.42,92.0,100.0,167
case-000912,Systolic blood pressure,132.42,101.0,163.0,24
case-000912,Diastolic blood pressure,86.58,60.0,146.0,24
case-000912,Mean arterial pressure,100.88,72.0,153.0,24
case-000913,Heart rate,100.1,83.0,125.0,205
case-000913,Respiratory rate,14.13,5.0,21.0,205
case-000913,Oxygen saturation,94.38,87.0,97.0,205
case-000913,Systolic blood pressure,133.89,127.0,145.0,9
case-000913,Diastolic blood pressure,88.44,79.0,94.0,9
case-000913,Mean arterial pressure,97.78,92.0,103.0,9
case-000914,Heart rate,85.89,78.0,100.0,307
case-000914,Systolic blood pressure,122.43,106.0,151.0,86
case-000914,Diastolic blood pressure,63.48,52.0,75.0,86
case-000914,Mean arterial pressure,86.83,76.0,96.0,86
case-000914,Respiratory rate,20.97,14.0,40.0,307
case-000914,Oxygen saturation,94.59,90.0,97.0,305
case-000915,Heart rate,76.37,54.0,121.0,2296
case-000915,Respiratory rate,24.08,13.0,42.0,2296
case-000915,Oxygen saturation,99.15,77.0,100.0,2278
case-000915,Systolic blood pressure,121.62,86.0,157.0,195
case-000915,Diastolic blood pressure,61.43,44.0,120.0,195
case-000915,Mean arterial pressure,74.93,61.0,125.0,195
case-000916,Heart rate,118.49,107.0,125.0,45
case-000916,Respiratory rate,23.87,19.0,31.0,45
case-000916,Oxygen saturation,99.69,98.0,100.0,45
case-000916,Systolic blood pressure,134.92,130.0,141.0,12
case-000916,Diastolic blood pressure,62.5,54.0,69.0,12
case-000916,Mean arterial pressure,88.67,80.0,96.0,12
case-000917,Heart rate,89.65,74.0,110.0,523
case-000917,Systolic blood pressure,131.12,82.0,200.0,310
case-000917,Diastolic blood pressure,62.38,34.0,80.0,310
case-000917,Mean arterial pressure,90.12,6.0,126.0,380
case-000917,Respiratory rate,16.51,3.0,32.0,523
case-000917,Oxygen saturation,96.51,91.0,100.0,519
case-000917,Body temperature,37.27,36.0,37.8,382
case-000918,Heart rate,61.7,47.0,84.0,1183
case-000918,Systolic blood pressure,121.96,83.0,163.0,322
case-000918,Diastolic blood pressure,53.54,41.0,126.0,322
case-000918,Mean arterial pressure,70.06,54.0,134.0,322
case-000918,Respiratory rate,13.72,0.0,35.0,1168
case-000918,Oxygen saturation,94.1,87.0,100.0,1186
case-000918,Body temperature,36.93,35.6,37.3,185
case-000919,Heart rate,90.09,73.0,118.0,533
case-000919,Respiratory rate,24.81,2.0,51.0,534
case-000919,Oxygen saturation,97.24,90.0,100.0,533
case-000919,Systolic blood pressure,104.4,72.0,155.0,142
case-000919,Diastolic blood pressure,62.11,46.0,91.0,142
case-000919,Mean arterial pressure,76.85,56.0,128.0,142
case-000920,Heart rate,73.88,58.0,122.0,321
case-000920,Systolic blood pressure,138.27,110.0,186.0,236
case-000920,Diastolic blood pressure,62.67,38.0,106.0,236
case-000920,Mean arterial pressure,93.96,64.0,222.0,238
case-000920,Respiratory rate,23.96,11.0,54.0,98
case-000920,Oxygen saturation,96.1,89.0,100.0,229
case-000921,Heart rate,93.3,73.0,122.0,222
case-000921,Respiratory rate,21.23,16.0,51.0,194
case-000921,Oxygen saturation,98.64,92.0,100.0,218
case-000921,Systolic blood pressure,146.84,120.0,185.0,61
case-000921,Diastolic blood pressure,93.59,69.0,126.0,61
case-000921,Mean arterial pressure,114.48,90.0,142.0,61
case-000922,Heart rate,87.4,60.0,155.0,291
case-000922,Respiratory rate,22.25,14.0,37.0,266
case-000922,Oxygen saturation,97.38,80.0,100.0,279
case-000922,Systolic blood pressure,114.51,80.0,214.0,78
case-000922,Diastolic blood pressure,68.38,46.0,108.0,78
case-000922,Mean arterial pressure,78.27,61.0,127.0,78
case-000923,Heart rate,91.85,60.0,120.0,1427
case-000923,Systolic blood pressure,103.54,45.0,154.0,1378
case-000923,Diastolic blood pressure,67.0,29.0,121.0,1378
case-000923,Mean arterial pressure,78.19,34.0,230.0,1386
case-000923,Respiratory rate,19.26,10.0,31.0,1424
case-000923,Oxygen saturation,97.08,87.0,100.0,1411
case-000923,Body temperature,36.67,35.4,37.4,1051
case-000924,Heart rate,87.78,50.0,108.0,502
case-000924,Respiratory rate,20.68,0.0,24.0,19
case-000924,Oxygen saturation,96.6,85.0,100.0,502
case-000924,Systolic blood pressure,116.37,95.0,143.0,73
case-000924,Diastolic blood pressure,74.16,62.0,88.0,73
case-000924,Mean arterial pressure,83.36,71.0,102.0,73
case-000925,Heart rate,69.58,60.0,80.0,570
case-000925,Respiratory rate,24.44,16.0,81.0,324
case-000925,Oxygen saturation,95.19,92.0,98.0,273
case-000925,Systolic blood pressure,88.9,72.0,108.0,39
case-000925,Diastolic blood pressure,61.08,41.0,77.0,39
case-000925,Mean arterial pressure,70.97,53.0,94.0,40
case-000926,Heart rate,70.18,55.0,106.0,653
case-000926,Respiratory rate,21.53,7.0,67.0,653
case-000926,Oxygen saturation,95.5,86.0,99.0,445
case-000926,Systolic blood pressure,145.22,112.0,173.0,65
case-000926,Diastolic blood pressure,87.54,69.0,106.0,65
case-000926,Mean arterial pressure,110.82,85.0,135.0,65
case-000927,Heart rate,91.67,80.0,107.0,209
case-000927,Respiratory rate,24.33,8.0,55.0,209
case-000927,Oxygen saturation,97.2,81.0,100.0,187
case-000927,Systolic blood pressure,111.77,84.0,159.0,31
case-000927,Diastolic blood pressure,57.55,38.0,89.0,31
case-000927,Mean arterial pressure,75.55,59.0,110.0,31
case-000928,Heart rate,86.03,74.0,113.0,107
case-000928,Respiratory rate,14.88,11.0,19.0,67
case-000928,Oxygen saturation,98.47,97.0,100.0,97
case-000928,Systolic blood pressure,112.77,100.0,135.0,13
case-000928,Diastolic blood pressure,63.69,54.0,77.0,13
case-000928,Mean arterial pressure,74.69,65.0,90.0,13
case-000929,Heart rate,55.9,48.0,83.0,522
case-000929,Oxygen saturation,97.59,93.0,100.0,523
case-000929,Systolic blood pressure,152.85,112.0,205.0,174
case-000929,Diastolic blood pressure,69.41,44.0,134.0,174
case-000929,Mean arterial pressure,89.34,52.0,144.0,174
case-000930,Heart rate,94.43,74.0,163.0,774
case-000930,Respiratory rate,18.27,9.0,27.0,774
case-000930,Oxygen saturation,99.49,84.0,100.0,753
case-000930,Systolic blood pressure,119.79,71.0,145.0,67
case-000930,Diastolic blood pressure,77.25,52.0,107.0,67
case-000930,Mean arterial pressure,86.4,27.0,114.0,70
case-000931,Heart rate,63.96,53.0,80.0,297
case-000931,Respiratory rate,13.46,6.0,19.0,280
case-000931,Oxygen saturation,99.71,71.0,100.0,296
case-000931,Systolic blood pressure,94.42,69.0,122.0,26
case-000931,Diastolic blood pressure,48.77,39.0,65.0,26
case-000931,Mean arterial pressure,59.85,50.0,73.0,26
case-000932,Heart rate,81.95,65.0,98.0,480
case-000932,Respiratory rate,18.93,11.0,25.0,477
case-000932,Oxygen saturation,95.41,84.0,100.0,447
case-000932,Systolic blood pressure,133.95,103.0,176.0,42
case-000932,Diastolic blood pressure,78.19,52.0,113.0,42
case-000932,Mean arterial pressure,90.45,63.0,123.0,42
case-000933,Heart rate,75.25,59.0,115.0,235
case-000933,Respiratory rate,16.03,11.0,28.0,235
case-000933,Oxygen saturation,96.93,95.0,99.0,234
case-000933,Systolic blood pressure,140.4,115.0,159.0,20
case-000933,Diastolic blood pressure,85.3,68.0,106.0,20
case-000933,Mean arterial pressure,98.9,79.0,117.0,20
case-000934,Heart rate,81.17,65.0,100.0,570
case-000934,Respiratory rate,21.78,17.0,27.0,567
case-000934,Oxygen saturation,94.05,90.0,97.0,565
case-000934,Systolic blood pressure,117.77,58.0,135.0,148
case-000934,Diastolic blood pressure,54.7,21.0,80.0,148
case-000934,Mean arterial pressure,68.7,28.0,89.0,148
case-000935,Heart rate,99.4,82.0,127.0,407
case-000935,Respiratory rate,23.4,0.0,33.0,400
case-000935,Oxygen saturation,98.33,93.0,100.0,203
case-000935,Systolic blood pressure,116.28,96.0,133.0,90
case-000935,Diastolic blood pressure,68.0,53.0,96.0,90
case-000935,Mean arterial pressure,78.46,62.0,99.0,90
case-000936,Heart rate,84.58,71.0,107.0,254
case-000936,Respiratory rate,31.39,17.0,48.0,254
case-000936,Oxygen saturation,93.87,75.0,98.0,252
case-000936,Body temperature,38.1,37.6,39.1,181
case-000936,Systolic blood pressure,114.58,86.0,143.0,48
case-000936,Diastolic blood pressure,64.98,50.0,95.0,48
case-000936,Mean arterial pressure,83.42,60.0,104.0,48
case-000937,Heart rate,70.06,56.0,97.0,954
case-000937,Respiratory rate,16.84,13.0,26.0,954
case-000937,Oxygen saturation,98.16,73.0,100.0,943
case-000937,Systolic blood pressure,121.2,54.0,176.0,124
case-000937,Diastolic blood pressure,65.63,11.0,117.0,124
case-000937,Mean arterial pressure,76.07,20.0,122.0,141
case-000938,Heart rate,86.87,71.0,116.0,159
case-000938,Respiratory rate,17.94,12.0,33.0,160
case-000938,Oxygen saturation,91.74,87.0,96.0,152
case-000938,Systolic blood pressure,131.27,113.0,149.0,15
case-000938,Diastolic blood pressure,70.73,58.0,92.0,15
case-000938,Mean arterial pressure,85.0,76.0,104.0,15
case-000939,Heart rate,108.49,89.0,132.0,318
case-000939,Respiratory rate,21.02,16.0,33.0,318
case-000939,Oxygen saturation,95.04,90.0,99.0,318
case-000939,Systolic blood pressure,126.33,102.0,153.0,27
case-000939,Diastolic blood pressure,74.48,59.0,114.0,27
case-000939,Mean arterial pressure,86.52,71.0,123.0,27
case-000940,Heart rate,71.63,55.0,105.0,382
case-000940,Respiratory rate,16.3,9.0,154.0,383
case-000940,Oxygen saturation,98.44,96.0,100.0,381
case-000940,Systolic blood pressure,130.02,105.0,144.0,55
case-000940,Diastolic blood pressure,77.07,55.0,104.0,55
case-000940,Mean arterial pressure,96.73,79.0,120.0,55
case-000941,Heart rate,57.83,51.0,67.0,292
case-000941,Respiratory rate,24.05,14.0,53.0,292
case-000941,Oxygen saturation,97.76,88.0,100.0,285
case-000941,Systolic blood pressure,130.69,105.0,154.0,32
case-000941,Diastolic blood pressure,55.31,31.0,108.0,32
case-000941,Mean arterial pressure,96.72,79.0,148.0,32
case-000942,Heart rate,87.45,72.0,117.0,348
case-000942,Respiratory rate,21.03,7.0,54.0,344
case-000942,Oxygen saturation,98.04,95.0,100.0,343
case-000942,Systolic blood pressure,117.31,61.0,171.0,113
case-000942,Diastolic blood pressure,63.86,38.0,91.0,113
case-000942,Mean arterial pressure,84.38,50.0,122.0,113
case-000943,Heart rate,109.3,74.0,162.0,468
case-000943,Respiratory rate,19.27,12.0,27.0,464
case-000943,Oxygen saturation,93.32,72.0,100.0,59
case-000943,Systolic blood pressure,114.65,96.0,137.0,26
case-000943,Diastolic blood pressure,77.04,60.0,91.0,26
case-000943,Mean arterial pressure,83.44,29.0,98.0,32
case-000944,Heart rate,106.95,94.0,129.0,279
case-000944,Respiratory rate,19.36,15.0,29.0,279
case-000944,Oxygen saturation,99.26,96.0,100.0,223
case-000944,Systolic blood pressure,105.08,89.0,127.0,48
case-000944,Diastolic blood pressure,52.38,13.0,77.0,48
case-000944,Mean arterial pressure,64.27,25.0,88.0,51
case-000945,Heart rate,84.43,51.0,128.0,557
case-000945,Respiratory rate,25.68,18.0,51.0,557
case-000945,Oxygen saturation,98.37,93.0,100.0,557
case-000945,Systolic blood pressure,165.28,109.0,219.0,81
case-000945,Diastolic blood pressure,82.09,59.0,170.0,81
case-000945,Mean arterial pressure,111.48,85.0,176.0,81
case-000946,Heart rate,70.87,62.0,83.0,242
case-000946,Respiratory rate,13.52,0.0,22.0,242
case-000946,Oxygen saturation,98.59,95.0,100.0,104
case-000946,Systolic blood pressure,111.7,71.0,153.0,61
case-000946,Diastolic blood pressure,56.64,28.0,80.0,61
case-000946,Mean arterial pressure,68.34,32.0,91.0,61
case-000947,Heart rate,64.28,52.0,130.0,288
case-000947,Respiratory rate,17.47,11.0,25.0,255
case-000947,Oxygen saturation,95.94,92.0,99.0,286
case-000947,Systolic blood pressure,122.69,98.0,139.0,35
case-000947,Diastolic blood pressure,78.83,57.0,103.0,35
case-000947,Mean arterial pressure,88.6,71.0,107.0,35
case-000948,Heart rate,84.37,74.0,114.0,874
case-000948,Oxygen saturation,94.23,82.0,99.0,751
case-000948,Systolic blood pressure,113.6,99.0,121.0,10
case-000948,Diastolic blood pressure,57.9,55.0,62.0,10
case-000948,Mean arterial pressure,80.1,73.0,85.0,10
case-000949,Oxygen saturation,93.95,91.0,98.0,301
case-000949,Systolic blood pressure,109.04,91.0,130.0,25
case-000949,Diastolic blood pressure,59.24,36.0,80.0,25
case-000949,Mean arterial pressure,71.0,51.0,92.0,25
case-000950,Heart rate,67.16,59.0,91.0,68
case-000950,Respiratory rate,17.56,14.0,23.0,68
case-000950,Oxygen saturation,95.87,94.0,98.0,68
case-000950,Systolic blood pressure,140.78,105.0,176.0,9
case-000950,Diastolic blood pressure,79.11,74.0,86.0,9
case-000950,Mean arterial pressure,94.11,87.0,103.0,9
case-000951,Heart rate,78.52,53.0,158.0,435
case-000951,Respiratory rate,21.84,16.0,29.0,435
case-000951,Oxygen saturation,97.36,88.0,100.0,435
case-000951,Systolic blood pressure,101.59,73.0,145.0,73
case-000951,Diastolic blood pressure,55.52,40.0,83.0,73
case-000951,Mean arterial pressure,65.95,47.0,95.0,73
case-000952,Heart rate,71.87,55.0,96.0,362
case-000952,Respiratory rate,19.13,11.0,28.0,362
case-000952,Oxygen saturation,99.7,93.0,100.0,350
case-000952,Systolic blood pressure,102.96,79.0,133.0,49
case-000952,Diastolic blood pressure,58.51,34.0,83.0,49
case-000952,Mean arterial pressure,68.59,45.0,91.0,49
case-000953,Heart rate,69.48,61.0,80.0,227
case-000953,Respiratory rate,18.43,14.0,23.0,227
case-000953,Oxygen saturation,97.8,96.0,100.0,227
case-000953,Systolic blood pressure,116.14,94.0,135.0,28
case-000953,Diastolic blood pressure,65.89,40.0,85.0,28
case-000953,Mean arterial pressure,77.14,54.0,93.0,28
case-000954,Heart rate,81.65,74.0,112.0,165
case-000954,Respiratory rate,16.18,12.0,24.0,139
case-000954,Oxygen saturation,96.3,93.0,99.0,115
case-000954,Systolic blood pressure,105.5,82.0,127.0,22
case-000954,Diastolic blood pressure,59.27,36.0,99.0,22
case-000954,Mean arterial pressure,69.91,42.0,102.0,22
case-000955,Heart rate,76.81,64.0,116.0,81
case-000955,Systolic blood pressure,117.67,108.0,208.0,70
case-000955,Diastolic blood pressure,62.67,50.0,86.0,70
case-000955,Mean arterial pressure,81.0,70.0,126.0,70
case-000955,Respiratory rate,20.54,11.0,37.0,81
case-000955,Oxygen saturation,95.49,84.0,100.0,81
case-000956,Heart rate,100.27,89.0,112.0,154
case-000956,Respiratory rate,24.23,19.0,33.0,154
case-000956,Oxygen saturation,93.61,74.0,100.0,152
case-000956,Systolic blood pressure,105.02,81.0,134.0,53
case-000956,Diastolic blood pressure,53.7,32.0,93.0,53
case-000956,Mean arterial pressure,65.62,42.0,98.0,53
case-000957,Heart rate,73.18,59.0,98.0,322
case-000957,Systolic blood pressure,105.41,76.0,157.0,171
case-000957,Diastolic blood pressure,54.04,40.0,84.0,171
case-000957,Mean arterial pressure,65.84,46.0,215.0,172
case-000957,Respiratory rate,18.59,5.0,28.0,322
case-000957,Oxygen saturation,98.91,94.0,100.0,320
case-000958,Heart rate,80.12,61.0,106.0,195
case-000958,Respiratory rate,17.07,0.0,24.0,195
case-000958,Oxygen saturation,95.49,92.0,98.0,195
case-000958,Systolic blood pressure,121.69,92.0,151.0,39
case-000958,Diastolic blood pressure,76.05,50.0,94.0,39
case-000958,Mean arterial pressure,87.73,60.0,107.0,41
case-000959,Heart rate,89.78,74.0,103.0,269
case-000959,Respiratory rate,26.49,14.0,38.0,269
case-000959,Oxygen saturation,98.43,93.0,100.0,269
case-000959,Systolic blood pressure,142.62,92.0,177.0,47
case-000959,Diastolic blood pressure,47.38,36.0,116.0,47
case-000959,Mean arterial pressure,70.55,51.0,123.0,47
case-000960,Heart rate,74.89,69.0,86.0,35
case-000960,Oxygen saturation,96.97,96.0,98.0,35
case-000960,Systolic blood pressure,126.0,126.0,126.0,1
case-000960,Diastolic blood pressure,59.0,59.0,59.0,1
case-000960,Mean arterial pressure,88.0,88.0,88.0,1
case-000961,Heart rate,48.54,43.0,62.0,258
case-000961,Systolic blood pressure,115.9,-18.0,174.0,252
case-000961,Diastolic blood pressure,45.34,-19.0,64.0,252
case-000961,Mean arterial pressure,66.85,-19.0,93.0,252
case-000961,Respiratory rate,16.69,10.0,28.0,258
case-000961,Oxygen saturation,96.74,86.0,100.0,252
case-000962,Heart rate,111.27,81.0,136.0,133
case-000962,Oxygen saturation,95.41,90.0,100.0,132
case-000962,Systolic blood pressure,138.52,69.0,173.0,23
case-000962,Diastolic blood pressure,91.96,37.0,125.0,23
case-000962,Mean arterial pressure,102.13,49.0,136.0,23
case-000963,Heart rate,78.53,57.0,94.0,808
case-000963,Respiratory rate,22.98,0.0,43.0,808
case-000963,Oxygen saturation,97.41,88.0,100.0,808
case-000963,Systolic blood pressure,120.07,88.0,177.0,134
case-000963,Diastolic blood pressure,58.9,49.0,97.0,134
case-000963,Mean arterial pressure,82.93,66.0,110.0,134
case-000964,Heart rate,78.22,71.0,89.0,239
case-000964,Respiratory rate,20.17,14.0,33.0,239
case-000964,Oxygen saturation,93.87,87.0,98.0,239
case-000964,Systolic blood pressure,143.29,110.0,192.0,48
case-000964,Diastolic blood pressure,87.12,65.0,115.0,48
case-000964,Mean arterial pressure,99.58,75.0,127.0,48
case-000965,Heart rate,61.08,49.0,75.0,392
case-000965,Respiratory rate,22.43,16.0,32.0,392
case-000965,Systolic blood pressure,116.1,85.0,163.0,61
case-000965,Diastolic blood pressure,52.08,28.0,91.0,61
case-000965,Mean arterial pressure,68.25,45.0,96.0,61
case-000966,Heart rate,80.62,0.0,120.0,1005
case-000966,Systolic blood pressure,96.79,21.0,193.0,805
case-000966,Diastolic blood pressure,52.18,21.0,179.0,805
case-000966,Mean arterial pressure,72.13,21.0,188.0,805
case-000966,Respiratory rate,19.04,0.0,37.0,804
case-000966,Oxygen saturation,92.18,23.0,100.0,1003
case-000967,Heart rate,65.09,54.0,140.0,234
case-000967,Respiratory rate,16.96,10.0,25.0,233
case-000967,Oxygen saturation,97.08,80.0,100.0,201
case-000967,Systolic blood pressure,106.45,79.0,145.0,73
case-000967,Diastolic blood pressure,57.42,34.0,87.0,73
case-000967,Mean arterial pressure,68.22,48.0,91.0,73
case-000968,Heart rate,79.24,73.0,86.0,185
case-000968,Respiratory rate,14.66,12.0,20.0,185
case-000968,Oxygen saturation,95.79,87.0,100.0,177
case-000968,Systolic blood pressure,122.88,101.0,146.0,33
case-000968,Diastolic blood pressure,50.58,37.0,69.0,33
case-000968,Mean arterial pressure,75.27,64.0,91.0,33
case-000969,Heart rate,92.0,2.0,111.0,49
case-000969,Respiratory rate,32.82,10.0,42.0,49
case-000969,Oxygen saturation,94.33,46.0,100.0,49
case-000969,Systolic blood pressure,121.38,108.0,137.0,8
case-000969,Diastolic blood pressure,52.75,40.0,62.0,8
case-000969,Mean arterial pressure,67.62,58.0,74.0,8
case-000970,Heart rate,96.21,19.0,176.0,430
case-000970,Systolic blood pressure,101.3,11.0,246.0,589
case-000970,Diastolic blood pressure,51.22,9.0,160.0,589
case-000970,Mean arterial pressure,73.05,10.0,179.0,591
case-000970,Respiratory rate,27.56,10.0,143.0,431
case-000970,Oxygen saturation,98.08,52.0,100.0,421
case-000971,Heart rate,63.72,52.0,82.0,182
case-000971,Systolic blood pressure,110.43,92.0,189.0,158
case-000971,Diastolic blood pressure,50.29,42.0,82.0,158
case-000971,Mean arterial pressure,64.43,58.0,120.0,158
case-000971,Respiratory rate,13.99,7.0,20.0,182
case-000971,Oxygen saturation,98.37,95.0,100.0,182
case-000972,Heart rate,84.36,67.0,103.0,713
case-000972,Respiratory rate,13.06,0.0,25.0,630
case-000972,Oxygen saturation,98.83,86.0,100.0,570
case-000972,Systolic blood pressure,107.78,59.0,155.0,197
case-000972,Diastolic blood pressure,38.25,14.0,101.0,197
case-000972,Mean arterial pressure,60.32,30.0,108.0,198
case-000973,Heart rate,80.6,68.0,122.0,172
case-000973,Respiratory rate,14.03,0.0,36.0,172
case-000973,Oxygen saturation,99.65,58.0,100.0,164
case-000973,Systolic blood pressure,113.07,88.0,149.0,43
case-000973,Diastolic blood pressure,64.02,33.0,107.0,43
case-000973,Mean arterial pressure,74.84,55.0,115.0,43
case-000974,Heart rate,83.61,52.0,117.0,491
case-000974,Respiratory rate,22.69,12.0,34.0,484
case-000974,Oxygen saturation,97.56,85.0,100.0,489
case-000974,Systolic blood pressure,97.05,52.0,189.0,167
case-000974,Diastolic blood pressure,63.66,37.0,145.0,167
case-000974,Mean arterial pressure,71.15,42.0,156.0,167
case-000975,Heart rate,59.69,52.0,81.0,420
case-000975,Respiratory rate,10.79,0.0,20.0,245
case-000975,Oxygen saturation,96.29,93.0,99.0,331
case-000975,Systolic blood pressure,132.28,117.0,151.0,53
case-000975,Diastolic blood pressure,48.6,37.0,99.0,53
case-000975,Mean arterial pressure,77.47,67.0,103.0,53
case-000976,Heart rate,84.28,62.0,105.0,1156
case-000976,Respiratory rate,14.57,9.0,36.0,1156
case-000976,Oxygen saturation,94.39,80.0,100.0,1105
case-000976,Systolic blood pressure,109.41,64.0,151.0,143
case-000976,Diastolic blood pressure,69.95,26.0,99.0,143
case-000976,Mean arterial pressure,83.84,42.0,113.0,143
case-000977,Heart rate,101.04,92.0,110.0,397
case-000977,Respiratory rate,16.56,6.0,25.0,397
case-000977,Oxygen saturation,94.79,86.0,99.0,366
case-000977,Systolic blood pressure,114.2,104.0,130.0,15
case-000977,Diastolic blood pressure,68.33,55.0,79.0,15
case-000977,Mean arterial pressure,78.67,69.0,92.0,15
case-000978,Heart rate,72.94,59.0,88.0,197
case-000978,Oxygen saturation,98.45,86.0,100.0,175
case-000978,Systolic blood pressure,141.0,90.0,174.0,16
case-000978,Diastolic blood pressure,53.94,27.0,107.0,16
case-000978,Mean arterial pressure,82.12,49.0,115.0,16
case-000979,Heart rate,63.5,0.0,81.0,1143
case-000979,Respiratory rate,20.06,11.0,28.0,1116
case-000979,Oxygen saturation,94.53,77.0,100.0,935
case-000979,Systolic blood pressure,151.3,126.0,178.0,23
case-000979,Diastolic blood pressure,55.87,37.0,115.0,23
case-000979,Mean arterial pressure,78.83,59.0,124.0,23
case-000980,Heart rate,81.74,64.0,110.0,563
case-000980,Respiratory rate,20.68,0.0,33.0,500
case-000980,Oxygen saturation,97.25,71.0,100.0,561
case-000980,Systolic blood pressure,119.93,61.0,197.0,203
case-000980,Diastolic blood pressure,46.96,26.0,114.0,203
case-000980,Mean arterial pressure,69.7,40.0,127.0,203
case-000981,Heart rate,78.35,70.0,101.0,274
case-000981,Respiratory rate,18.25,15.0,24.0,276
case-000981,Oxygen saturation,97.24,93.0,100.0,197
case-000981,Systolic blood pressure,115.36,90.0,180.0,70
case-000981,Diastolic blood pressure,52.71,30.0,156.0,70
case-000981,Mean arterial pressure,73.26,34.0,162.0,70
case-000982,Heart rate,87.06,73.0,103.0,623
case-000982,Systolic blood pressure,115.53,90.0,157.0,427
case-000982,Diastolic blood pressure,76.51,55.0,100.0,427
case-000982,Mean arterial pressure,85.5,66.0,108.0,427
case-000982,Respiratory rate,13.52,0.0,38.0,623
case-000982,Oxygen saturation,97.51,89.0,100.0,574
case-000983,Heart rate,66.21,52.0,84.0,254
case-000983,Respiratory rate,12.32,6.0,29.0,254
case-000983,Oxygen saturation,95.7,88.0,100.0,241
case-000983,Systolic blood pressure,138.88,90.0,181.0,40
case-000983,Diastolic blood pressure,63.75,37.0,108.0,40
case-000983,Mean arterial pressure,94.22,54.0,144.0,40
case-000984,Heart rate,68.22,56.0,96.0,938
case-000984,Respiratory rate,15.58,0.0,48.0,911
case-000984,Oxygen saturation,96.29,92.0,100.0,825
case-000984,Systolic blood pressure,135.75,92.0,167.0,125
case-000984,Diastolic blood pressure,60.6,36.0,98.0,125
case-000984,Mean arterial pressure,89.12,55.0,128.0,125
case-000985,Heart rate,85.96,72.0,104.0,616
case-000985,Respiratory rate,19.95,0.0,44.0,606
case-000985,Oxygen saturation,94.8,79.0,100.0,543
case-000985,Systolic blood pressure,105.56,70.0,170.0,128
case-000985,Diastolic blood pressure,75.73,52.0,125.0,128
case-000985,Mean arterial pressure,86.38,58.0,155.0,129
case-000986,Heart rate,73.24,57.0,124.0,1259
case-000986,Respiratory rate,27.0,27.0,27.0,1
case-000986,Oxygen saturation,97.53,93.0,100.0,236
case-000986,Systolic blood pressure,115.48,83.0,154.0,146
case-000986,Diastolic blood pressure,59.94,50.0,78.0,146
case-000986,Mean arterial pressure,81.46,62.0,109.0,146
case-000987,Heart rate,87.47,68.0,118.0,1291
case-000987,Systolic blood pressure,116.54,71.0,157.0,580
case-000987,Diastolic blood pressure,48.55,23.0,106.0,580
case-000987,Mean arterial pressure,64.05,21.0,112.0,584
case-000987,Respiratory rate,14.21,0.0,34.0,1268
case-000987,Oxygen saturation,97.49,80.0,100.0,1015
case-000988,Heart rate,71.44,69.0,111.0,566
case-000988,Respiratory rate,23.78,4.0,46.0,565
case-000988,Oxygen saturation,97.98,77.0,100.0,558
case-000988,Systolic blood pressure,135.72,98.0,176.0,78
case-000988,Diastolic blood pressure,65.67,51.0,94.0,78
case-000988,Mean arterial pressure,93.15,72.0,119.0,78
case-000989,Heart rate,109.49,91.0,126.0,198
case-000989,Respiratory rate,22.92,19.0,44.0,198
case-000989,Oxygen saturation,97.46,93.0,100.0,193
case-000989,Systolic blood pressure,172.35,138.0,207.0,34
case-000989,Diastolic blood pressure,73.41,58.0,104.0,34
case-000989,Mean arterial pressure,105.15,84.0,147.0,34
case-000990,Heart rate,94.87,77.0,120.0,1360
case-000990,Systolic blood pressure,140.23,54.0,227.0,982
case-000990,Diastolic blood pressure,69.48,-14.0,110.0,982
case-000990,Mean arterial pressure,95.92,5.0,145.0,982
case-000990,Respiratory rate,31.31,24.0,39.0,225
case-000990,Oxygen saturation,97.26,89.0,100.0,1343
case-000991,Heart rate,86.96,71.0,101.0,488
case-000991,Respiratory rate,15.71,10.0,21.0,487
case-000991,Oxygen saturation,94.39,82.0,100.0,398
case-000991,Systolic blood pressure,123.97,88.0,157.0,29
case-000991,Diastolic blood pressure,71.66,55.0,107.0,29
case-000991,Mean arterial pressure,83.41,63.0,113.0,29
case-000992,Heart rate,75.77,0.0,97.0,123
case-000992,Systolic blood pressure,91.3,38.0,130.0,149
case-000992,Diastolic blood pressure,67.06,11.0,90.0,149
case-000992,Mean arterial pressure,75.76,13.0,96.0,153
case-000992,Respiratory rate,18.92,0.0,25.0,123
case-000992,Oxygen saturation,98.93,83.0,100.0,106
case-000993,Heart rate,93.3,85.0,103.0,147
case-000993,Oxygen saturation,97.97,87.0,100.0,147
case-000993,Systolic blood pressure,134.96,115.0,155.0,52
case-000993,Diastolic blood pressure,85.96,53.0,101.0,52
case-000993,Mean arterial pressure,96.94,66.0,111.0,52
case-000994,Heart rate,60.19,56.0,78.0,350
case-000994,Respiratory rate,20.73,9.0,45.0,234
case-000994,Oxygen saturation,93.59,66.0,100.0,283
case-000994,Systolic blood pressure,125.02,103.0,158.0,50
case-000994,Diastolic blood pressure,51.06,43.0,63.0,50
case-000994,Mean arterial pressure,75.84,61.0,94.0,50
case-000995,Heart rate,67.73,53.0,93.0,362
case-000995,Oxygen saturation,98.74,94.0,100.0,214
case-000995,Systolic blood pressure,152.16,93.0,195.0,56
case-000995,Diastolic blood pressure,62.55,41.0,91.0,56
case-000995,Mean arterial pressure,92.3,61.0,115.0,56
case-000996,Heart rate,74.35,61.0,86.0,390
case-000996,Oxygen saturation,92.94,27.0,100.0,388
case-000996,Systolic blood pressure,138.81,97.0,154.0,74
case-000996,Diastolic blood pressure,63.24,47.0,113.0,74
case-000996,Mean arterial pressure,81.97,54.0,118.0,74
case-000997,Heart rate,102.89,82.0,131.0,384
case-000997,Oxygen saturation,97.03,94.0,100.0,60
case-000997,Systolic blood pressure,168.31,142.0,191.0,26
case-000997,Diastolic blood pressure,108.31,68.0,128.0,26
case-000997,Mean arterial pressure,125.73,89.0,147.0,26
case-000998,Heart rate,105.56,88.0,131.0,241
case-000998,Respiratory rate,23.53,15.0,45.0,241
case-000998,Oxygen saturation,96.28,92.0,100.0,241
case-000998,Systolic blood pressure,111.54,83.0,177.0,52
case-000998,Diastolic blood pressure,65.38,45.0,100.0,52
case-000998,Mean arterial pressure,83.17,65.0,120.0,52
case-000999,Heart rate,105.62,72.0,124.0,209
case-000999,Respiratory rate,17.33,12.0,29.0,209
case-000999,Oxygen saturation,97.31,92.0,100.0,208
case-000999,Systolic blood pressure,121.38,93.0,149.0,16
case-000999,Diastolic blood pressure,73.25,53.0,105.0,16
case-000999,Mean arterial pressure,83.44,62.0,117.0,16
case-001000,Heart rate,94.98,81.0,119.0,580
case-001000,Respiratory rate,19.15,9.0,26.0,571
case-001000,Oxygen saturation,97.41,89.0,100.0,592
case-001000,Systolic blood pressure,128.64,105.0,149.0,42
case-001000,Diastolic blood pressure,65.38,48.0,76.0,42
case-001000,Mean arterial pressure,79.9,63.0,91.0,42
