original_text,cleaned,normalized_name,rxcui,confidence,resolved,method,n_ingredients,has_label,boxed_warning
.5 ML VIAL : PNEUMOCOCCAL VAC POLYVALENT 25 MCG/0.5ML IJ INJ,PNEUMOCOCCAL VAC POLYVALENT / IJ,,298583,0.149,True,rxnorm_approximate,0,False,False
0.4 ml syringe : enoxaparin sodium 40 mg/0.4ml sc soln,enoxaparin sodium / sc,enoxaparin sodium,221095,0.142,True,rxnorm_approximate,1,True,True
0.5 ML - INFLUENZA VAC SPLIT QUAD 0.5 ML IM SUSP,- INFLUENZA VAC SPLIT QUAD IM SUSP,,2257407,0.15,True,rxnorm_approximate,0,False,False
0.5 ML PLAS CONT : ALBUTEROL SULFATE (5 MG/ML) 0.5% IN NEBU,PLAS CONT ALBUTEROL SULFATE /ML 0 5 IN NEBU,albuterol 5 MG/ML Inhalation Solution,245314,0.128,True,rxnorm_approximate,1,True,False
0.9%  NaCl infusion,0 9 NaCl,,1795345,0.058,True,rxnorm_approximate,0,False,False
0.9% nacl (ml/hr),0 9 nacl ml/hr,,1661425,0.064,True,rxnorm_approximate,0,False,False
0.9% NSS (ml/hr),0 9 NSS ml/hr,,,0.0,False,rxnorm_approximate,0,False,False
"0.9%NaCl 1,000 mL",NaCl 1,sodium chloride,9863,0.044,True,rxnorm_approximate,1,True,False
0.9NS w/20meq KCL,0 9NS w/ KCL,potassium chloride 0.4 MEQ,904253,0.058,True,rxnorm_approximate,1,True,False
0.9NS w/20meq KCL (ml/hr),0 9NS w/ KCL ml/hr,potassium chloride 0.1 MEQ/ML,333185,0.062,True,rxnorm_approximate,1,True,False
1 EACH PACKAGE CUSTOM NDC : METOPROLOL TARTRATE 12.5 MG PO TABS (HALF-TAB),1 EACH PACKAGE CUSTOM NDC METOPROLOL TARTRATE TABS HALF-TAB,metoprolol tartrate Oral Tablet,2646152,0.146,True,rxnorm_approximate,1,True,False
1 EACH VIAL : ALTEPLASE 2 MG IJ SOLR,1 EACH ALTEPLASE IJ SOLR,alteplase,8410,0.118,True,rxnorm_approximate,1,True,False
1 EACH VIAL : CEFEPIME HCL 1 GM IJ SOLR,1 EACH CEFEPIME HCL 1 GM IJ SOLR,cefepime 1000 MG Injection,1665093,0.141,True,rxnorm_approximate,1,True,False
1 EACH VIAL : CEFTRIAXONE SODIUM 1 G IJ SOLR,1 EACH CEFTRIAXONE SODIUM IJ SOLR,,309094,0.131,True,rxnorm_approximate,0,True,False
1 ML  -  DIPHENHYDRAMINE HCL 50 MG/ML IJ SOLN,- DIPHENHYDRAMINE HCL /ML IJ,diphenhydramine hydrochloride,1362,0.113,True,rxnorm_approximate,1,True,False
1 ML  -  HALOPERIDOL LACTATE 5 MG/ML IJ SOLN,- HALOPERIDOL LACTATE /ML IJ,haloperidol lactate,217483,0.16,True,rxnorm_approximate,1,True,True
1 ML  -  HEPARIN SODIUM (PORCINE) 5000 UNIT/ML IJ SOLN,- HEPARIN SODIUM PORCINE /ML IJ,"heparin sodium, porcine",314659,0.17,True,rxnorm_approximate,1,True,False
1 ML  -  HYDRALAZINE HCL 20 MG/ML IJ SOLN,- HYDRALAZINE HCL /ML IJ,hydralazine hydrochloride,82027,0.133,True,rxnorm_approximate,1,True,False
1 ML  -  HYDROMORPHONE HCL 1 MG/ML IJ SOLN,- HYDROMORPHONE HCL /ML IJ,hydromorphone hydrochloride,203177,0.128,True,rxnorm_approximate,1,True,True
1 ML  -  LORAZEPAM 2 MG/ML IJ SOLN,- LORAZEPAM /ML IJ,lorazepam,6470,0.123,True,rxnorm_approximate,1,True,True
1 ML  -  NALOXONE HCL 0.4 MG/ML IJ SOLN,- NALOXONE HCL /ML IJ,naloxone hydrochloride,203192,0.131,True,rxnorm_approximate,1,True,True
1 ML  : HYDROMORPHONE HCL PF 2 MG/ML IJ SOLN,HYDROMORPHONE HCL PF /ML IJ,hydromorphone hydrochloride,203177,0.128,True,rxnorm_approximate,1,True,True
1 ML : HEPARIN SODIUM (PORCINE) 5000 UNIT/ML IJ SOLN,HEPARIN SODIUM PORCINE /ML IJ,"heparin sodium, porcine",314659,0.17,True,rxnorm_approximate,1,True,False
1 ml : hydromorphone hcl pf 1 mg/ml ij soln,hydromorphone hcl pf /ml ij,hydromorphone hydrochloride,203177,0.128,True,rxnorm_approximate,1,True,True
1 ML : PROMETHAZINE 25 MG/ML INJ SOLN,PROMETHAZINE /ML,promethazine,8745,0.119,True,rxnorm_approximate,1,True,True
1 ML CRTRDG-NDL : HYDROMORPHONE HCL PF 1 MG/ML IJ SOLN,CRTRDG-NDL HYDROMORPHONE HCL PF /ML IJ,hydromorphone hydrochloride,203177,0.128,True,rxnorm_approximate,1,True,True
1 ml crtrdg-ndl : lorazepam 2 mg/ml ij soln,crtrdg-ndl lorazepam /ml ij,lorazepam,6470,0.123,True,rxnorm_approximate,1,True,True
1 ML CRTRDG-NDL : MORPHINE SULFATE (PF) 2 MG/ML IV SOLN,CRTRDG-NDL MORPHINE SULFATE PF /ML,morphine sulfate,30236,0.137,True,rxnorm_approximate,1,True,True
1 ML CRTRDG-NDL : MORPHINE SULFATE 2 MG/ML IJ SOLN,CRTRDG-NDL MORPHINE SULFATE /ML IJ,morphine sulfate,30236,0.137,True,rxnorm_approximate,1,True,True
1 ML SYRINGE : MORPHINE SULFATE (PF) 4 MG/ML IV SOLN,MORPHINE SULFATE PF /ML,morphine sulfate,30236,0.137,True,rxnorm_approximate,1,True,True
1 ML VIAL : DEXAMETHASONE SODIUM PHOSPHATE 4 MG/ML IJ SOLN,DEXAMETHASONE SODIUM PHOSPHATE /ML IJ,dexamethasone sodium phosphate,48933,0.153,True,rxnorm_approximate,1,True,False
1 ML VIAL : DIPHENHYDRAMINE HCL 50 MG/ML IJ SOLN,DIPHENHYDRAMINE HCL /ML IJ,diphenhydramine hydrochloride,1362,0.113,True,rxnorm_approximate,1,True,False
"1 ML VIAL : HEPARIN (PORCINE) 5,000 UNIT/ML INJ SOLN",HEPARIN PORCINE 5 /ML,"heparin, porcine",235473,0.137,True,rxnorm_approximate,1,True,False
1 ML VIAL : HEPARIN SODIUM (PORCINE) 1000 UNIT/ML IJ SOLN,HEPARIN SODIUM PORCINE /ML IJ,"heparin sodium, porcine",314659,0.17,True,rxnorm_approximate,1,True,False
1 ml vial : heparin sodium (porcine) 5000 unit/ml ij soln,heparin sodium porcine /ml ij,"heparin sodium, porcine",314659,0.17,True,rxnorm_approximate,1,True,False
1 ML VIAL : HYDRALAZINE HCL 20 MG/ML IJ SOLN,HYDRALAZINE HCL /ML IJ,hydralazine hydrochloride,82027,0.133,True,rxnorm_approximate,1,True,False
1 ML VIAL : LORAZEPAM 2 MG/ML IJ SOLN,LORAZEPAM /ML IJ,lorazepam,6470,0.123,True,rxnorm_approximate,1,True,True
1 ML VIAL : MORPHINE 5 MG/ML INJ SOLN,MORPHINE /ML,morphine,7052,0.114,True,rxnorm_approximate,1,True,True
1 ML VIAL: DIPHENHYDRAMINE HCL 50 MG/ML IJ SOLN,DIPHENHYDRAMINE HCL /ML IJ,diphenhydramine hydrochloride,1362,0.113,True,rxnorm_approximate,1,True,False
1 ML VIAL: HEPARIN SODIUM (PORCINE) 5000 UNIT/ML IJ SOLN,HEPARIN SODIUM PORCINE /ML IJ,"heparin sodium, porcine",314659,0.17,True,rxnorm_approximate,1,True,False
1 ML VIAL: HYDRALAZINE HCL 20 MG/ML IJ SOLN,HYDRALAZINE HCL /ML IJ,hydralazine hydrochloride,82027,0.133,True,rxnorm_approximate,1,True,False
1 ML VIAL: LORAZEPAM 2 MG/ML IJ SOLN,LORAZEPAM /ML IJ,lorazepam,6470,0.123,True,rxnorm_approximate,1,True,True
1/2NS (ml/hr),1/2NS ml/hr,nitisinone,61805,0.03,True,rxnorm_approximate,1,True,False
10 ML  -  ATROPINE SULFATE 0.1 MG/ML IJ SOLN,- ATROPINE SULFATE /ML IJ,atropine sulfate,153971,0.137,True,rxnorm_approximate,1,True,False
10 ML  -  CALCIUM GLUCONATE 10 % IV SOLN,- CALCIUM GLUCONATE 10,calcium gluconate 10 MG/ML,2562541,0.115,True,rxnorm_approximate,1,True,False
10 ML  -  HEPARIN SODIUM (PORCINE) 1000 UNIT/ML IJ SOLN,- HEPARIN SODIUM PORCINE /ML IJ,"heparin sodium, porcine",314659,0.17,True,rxnorm_approximate,1,True,False
10 ML  -  INSULIN GLARGINE 100 UNIT/ML SC SOLN,- INSULIN GLARGINE /ML SC,insulin glargine,274783,0.16,True,rxnorm_approximate,1,True,False
10 ML  -  MAGNESIUM SULFATE 50 % IJ SOLN,- MAGNESIUM SULFATE 50 IJ,,1737584,0.117,True,rxnorm_approximate,0,False,False
10 ML  -  NICARDIPINE HCL 2.5 MG/ML IV SOLN,- NICARDIPINE HCL /ML,nicardipine hydrochloride,235230,0.137,True,rxnorm_approximate,1,True,False
10 ML  -  POTASSIUM CHLORIDE 2 MEQ/ML IV SOLN,- POTASSIUM CHLORIDE /ML,potassium chloride,8591,0.125,True,rxnorm_approximate,1,True,False
10 ML CUP : DOCUSATE SODIUM 50 MG/5ML PO LIQD,CUP DOCUSATE SODIUM / LIQD,docusate sodium,71722,0.127,True,rxnorm_approximate,1,True,False
10 ML CUP : MAGNESIUM HYDROXIDE 2400 MG/10ML PO SUSP,CUP MAGNESIUM HYDROXIDE / SUSP,magnesium hydroxide Oral Suspension,243353,0.148,True,rxnorm_approximate,1,True,False
10 ML SYRINGE : CALCIUM CHLORIDE 100 MG/ML (10 %) IV SYRG,CALCIUM CHLORIDE /ML 10 SYRG,10 ML calcium chloride 100 MG/ML Injection,828525,0.111,True,rxnorm_approximate,1,True,False
10 ML VIAL : CALCIUM CHLORIDE 10 % IV SOLN,CALCIUM CHLORIDE 10,,2591468,0.104,True,rxnorm_approximate,0,True,False
10 ml vial : calcium gluconate 10 % iv soln,calcium gluconate 10,calcium gluconate 10 MG/ML,2562541,0.115,True,rxnorm_approximate,1,True,False
"10 ML VIAL : HEPARIN (PORCINE) 1,000 UNIT/ML INJ SOLN",HEPARIN PORCINE 1 /ML,"heparin, porcine",235473,0.137,True,rxnorm_approximate,1,True,False
10 ML VIAL : HEPARIN SODIUM (PORCINE) 1000 UNIT/ML IJ SOLN,HEPARIN SODIUM PORCINE /ML IJ,"heparin sodium, porcine",314659,0.17,True,rxnorm_approximate,1,True,False
10 ml vial : insulin aspart 100 unit/ml sc soln,insulin aspart /ml sc,"insulin aspart, human",51428,0.148,True,rxnorm_approximate,1,True,False
10 ml vial : insulin glargine 100 unit/ml sc soln,insulin glargine /ml sc,insulin glargine,274783,0.16,True,rxnorm_approximate,1,True,False
10 ML VIAL : INSULIN REGULAR HUMAN 100 UNIT/ML IJ SOLN,INSULIN REGULAR HUMAN /ML IJ,"insulin, regular, human",253182,0.171,True,rxnorm_approximate,1,True,False
10 ML VIAL: INFUVITE IV INJ,INFUVITE,Infuvite,1304560,1.0,True,rxnorm_exact,13,False,False
10 ML VIAL: INSULIN ASPART 100 UNIT/ML SC SOLN,INSULIN ASPART /ML SC,"insulin aspart, human",51428,0.148,True,rxnorm_approximate,1,True,False
10 ML VIAL: INSULIN GLARGINE 100 UNIT/ML SC SOLN,INSULIN GLARGINE /ML SC,insulin glargine,274783,0.16,True,rxnorm_approximate,1,True,False
10 ML VIAL: INSULIN REGULAR HUMAN 100 UNIT/ML IJ SOLN,INSULIN REGULAR HUMAN /ML IJ,"insulin, regular, human",253182,0.171,True,rxnorm_approximate,1,True,False
100 ML  -  MAGNESIUM SULFATE IN D5W 10-5 MG/ML-% IV SOLN,- MAGNESIUM SULFATE IN D5W 10- /ML-,,1875389,0.176,True,rxnorm_approximate,0,False,False
100 ML  -  METRONIDAZOLE IN NACL 5-0.79 MG/ML-% IV SOLN,- METRONIDAZOLE IN NACL 5- /ML-,100 ML metronidazole 5 MG/ML Injection,311683,0.139,True,rxnorm_approximate,1,True,False
100 ML  -  POTASSIUM CHLORIDE 20 MEQ/100ML IV SOLN,- POTASSIUM CHLORIDE /,potassium chloride,8591,1.0,True,rxnorm_exact,1,True,False
100 ML  -  PROPOFOL 10 MG/ML IV EMUL,- PROPOFOL /ML EMUL,propofol,8782,0.13,True,rxnorm_approximate,1,True,False
100 ML BAG : SODIUM CHLORIDE 0.9 % 0.9 % IV SOLP,SODIUM CHLORIDE 0 9 0 9 SOLP,sodium chloride 0.154 MEQ/ML,615106,0.165,True,rxnorm_approximate,1,True,False
100 ML BAG CUSTOM NDC : INSULIN INFUSION,CUSTOM NDC INSULIN,"insulin, regular, human",253182,0.109,True,rxnorm_approximate,1,True,False
100 ml flex cont : magnesium sulfate in d5w 10-5 mg/ml-% iv soln,flex cont magnesium sulfate in d5w 10- /ml-,,1875389,0.177,True,rxnorm_approximate,0,False,False
100 ML FLEX CONT : SODIUM CHLORIDE 0.9 % IV SOLN,FLEX CONT SODIUM CHLORIDE 0 9,sodium chloride 0.154 MEQ/ML,615106,0.127,True,rxnorm_approximate,1,True,False
100 ML GLASS CONT : IOPAMIDOL 61 % IV SOLN,GLASS CONT IOPAMIDOL 61,,836082,0.145,True,rxnorm_approximate,0,False,False
100 ML GLASS CONT : IOPAMIDOL 76 % IV SOLN,GLASS CONT IOPAMIDOL 76,,848522,0.144,True,rxnorm_approximate,0,False,False
100 ML NDC : DEXMEDETOMIDINE HCL IN NACL 400 MCG/100ML IV SOLN,NDC DEXMEDETOMIDINE HCL IN NACL /,dexmedetomidine hydrochloride,228054,0.136,True,rxnorm_approximate,1,True,False
100 ml plas cont : potassium chloride 10 meq/100ml iv soln,plas cont potassium chloride /,potassium chloride,8591,0.125,True,rxnorm_approximate,1,True,False
100 ML VIAL : PROPOFOL 10 MG/ML IV EMUL,PROPOFOL /ML EMUL,propofol,8782,0.13,True,rxnorm_approximate,1,True,False
100 ML: POTASSIUM CHLORIDE 20 MEQ/100ML IV SOLN,POTASSIUM CHLORIDE /,potassium chloride,8591,1.0,True,rxnorm_exact,1,True,False
1000 ML  -  DEXTROSE 5 % IV SOLN,- DEXTROSE 5,glucose 50 MG/ML,315789,1.0,True,rxnorm_exact,1,True,False
1000 ML  -  DEXTROSE-NACL 5-0.45 % IV SOLN,- DEXTROSE-NACL 5-0 45,,1795251,0.155,True,rxnorm_approximate,0,False,False
1000 ML  -  KCL IN DEXTROSE-NACL 20-5-0.45 MEQ/L-%-% IV SOLN,- KCL IN DEXTROSE-NACL 20-5- /L- -,,1863986,0.18,True,rxnorm_approximate,0,False,False
1000 ML  -  LACTATED RINGERS IV SOLN,- LACTATED RINGERS,,35629,0.165,True,rxnorm_approximate,0,False,False
1000 ML  -  POTASSIUM CHLORIDE IN NACL 20-0.9 MEQ/L-% IV SOLN,- POTASSIUM CHLORIDE IN NACL 20- /L-,1000 ML potassium chloride 0.02 MEQ/ML / sodium chloride 4.5 MG/ML Injection,403890,0.176,True,rxnorm_approximate,2,True,False
1000 ML  -  SODIUM CHLORIDE 0.9 % IV SOLN,- SODIUM CHLORIDE 0 9,sodium chloride 0.154 MEQ/ML,615106,1.0,True,rxnorm_exact,1,True,False
1000 ML : LACTATED RINGERS IV SOLN,LACTATED RINGERS,,35629,0.165,True,rxnorm_approximate,0,False,False
1000 ML : SODIUM CHLORIDE 0.9 % 0.9 % IV SOLP,SODIUM CHLORIDE 0 9 0 9 SOLP,sodium chloride 0.154 MEQ/ML,615106,0.165,True,rxnorm_approximate,1,True,False
1000 ML BAG : LACTATED RINGERS IV SOLP,LACTATED RINGERS SOLP,,35629,0.165,True,rxnorm_approximate,0,False,False
1000 ML FLEX CONT : DEXTROSE-NACL 5-0.45 % IV SOLN,FLEX CONT DEXTROSE-NACL 5-0 45,,1795251,0.155,True,rxnorm_approximate,0,False,False
1000 ML FLEX CONT : DEXTROSE-NACL 5-0.9 % IV SOLN,FLEX CONT DEXTROSE-NACL 5-0 9,,1795345,0.154,True,rxnorm_approximate,0,False,False
1000 ML FLEX CONT : SODIUM CHLORIDE 0.45 % IV SOLN,FLEX CONT SODIUM CHLORIDE 0 45,sodium chloride 0.0769 MEQ/ML,615096,0.132,True,rxnorm_approximate,1,True,False
1000 ml flex cont : sodium chloride 0.9 % iv soln,flex cont sodium chloride 0 9,sodium chloride 0.154 MEQ/ML,615106,0.127,True,rxnorm_approximate,1,True,False
1000 ML FLEX CONT: DEXTROSE-NACL 5-0.45 % IV SOLN,FLEX CONT DEXTROSE-NACL 5-0 45,,1795251,0.155,True,rxnorm_approximate,0,False,False
1000 ML FLEX CONT: DEXTROSE-NACL 5-0.9 % IV SOLN,FLEX CONT DEXTROSE-NACL 5-0 9,,1795345,0.154,True,rxnorm_approximate,0,False,False
1000 ML FLEX CONT: LACTATED RINGERS IV SOLN,FLEX CONT LACTATED RINGERS,,35629,0.165,True,rxnorm_approximate,0,False,False
1000 ML FLEX CONT: SODIUM CHLORIDE 0.9 % IV SOLN,FLEX CONT SODIUM CHLORIDE 0 9,sodium chloride 0.154 MEQ/ML,615106,0.127,True,rxnorm_approximate,1,True,False
15 ML CUP : CHLORHEXIDINE GLUCONATE 0.12 % MT SOLN,CUP CHLORHEXIDINE GLUCONATE 0 12 MT,chlorhexidine gluconate 1.2 MG/ML Mouthwash,834127,0.142,True,rxnorm_approximate,1,True,False
15 ML CUP : POTASSIUM CHLORIDE 10 % ORAL LIQD,CUP POTASSIUM CHLORIDE 10 LIQD,potassium chloride 10 MEQ,316543,0.113,True,rxnorm_approximate,1,True,False
15 ml vial : sodium phosphate 3 mmole/ml iv soln,sodium phosphate 3 mmole/ml,"50 ML sodium phosphate, dibasic 142 MG/ML / sodium phosphate, monobasic 276 MG/ML Injection",1872447,0.148,True,rxnorm_approximate,2,True,False
150 ML : LEVOFLOXACIN IN D5W 750 MG/150ML IV SOLN,LEVOFLOXACIN IN D5W /,levofloxacin,82122,0.105,True,rxnorm_approximate,1,True,True
150 ML FLEX CONT : LEVOFLOXACIN IN D5W 5 MG/ML IV SOLN,FLEX CONT LEVOFLOXACIN IN D5W /ML,levofloxacin,82122,0.105,True,rxnorm_approximate,1,True,True
150 ml flex cont : sodium chloride 0.9 % iv soln,flex cont sodium chloride 0 9,sodium chloride 0.154 MEQ/ML,615106,0.127,True,rxnorm_approximate,1,True,False
2 ML  -  DIGOXIN 0.25 MG/ML IJ SOLN,- DIGOXIN /ML IJ,digoxin,3407,0.124,True,rxnorm_approximate,1,True,False
2 ML  -  FAMOTIDINE 10 MG/ML IV SOLN,- FAMOTIDINE /ML,famotidine,4278,0.117,True,rxnorm_approximate,1,True,False
2 ML  -  FENTANYL CITRATE 0.05 MG/ML IJ SOLN,- FENTANYL CITRATE /ML IJ,fentanyl citrate,142436,0.144,True,rxnorm_approximate,1,True,True
2 ML  -  FUROSEMIDE 10 MG/ML IJ SOLN,- FUROSEMIDE /ML IJ,furosemide,4603,0.12,True,rxnorm_approximate,1,True,False
2 ML  -  METOCLOPRAMIDE HCL 5 MG/ML IJ SOLN,- METOCLOPRAMIDE HCL /ML IJ,metoclopramide hydrochloride,267036,0.135,True,rxnorm_approximate,1,True,True
2 ML  -  NITROPRUSSIDE SODIUM 25 MG/ML IV SOLN,- NITROPRUSSIDE SODIUM /ML,sodium nitroprusside,9895,0.149,True,rxnorm_approximate,1,True,False
2 ML  -  PROCHLORPERAZINE EDISYLATE 5 MG/ML IJ SOLN,- PROCHLORPERAZINE EDISYLATE /ML IJ,prochlorperazine edisylate,8705,0.179,True,rxnorm_approximate,1,True,False
2 ml : fentanyl citrate 0.05 mg/ml ij soln,fentanyl citrate /ml ij,fentanyl citrate,142436,0.144,True,rxnorm_approximate,1,True,True
2 ML : FUROSEMIDE 10 MG/ML IJ SOLN,FUROSEMIDE /ML IJ,furosemide,4603,0.12,True,rxnorm_approximate,1,True,False
2 ML : METOCLOPRAMIDE HCL 5 MG/ML INJ SOLN,METOCLOPRAMIDE HCL /ML,metoclopramide hydrochloride,267036,0.135,True,rxnorm_approximate,1,True,True
2 ML : ONDANSETRON HCL 4 MG/2ML IV SOLN,ONDANSETRON HCL /,ondansetron hydrochloride,203148,1.0,True,rxnorm_exact,1,True,False
2 ML AMPULE: FENTANYL CITRATE 0.05 MG/ML IJ SOLN,AMPULE FENTANYL CITRATE /ML IJ,fentanyl citrate,142436,0.144,True,rxnorm_approximate,1,True,True
2 ml vial : famotidine 10 mg/ml iv soln,famotidine /ml,famotidine,4278,0.117,True,rxnorm_approximate,1,True,False
2 ML VIAL : FAMOTIDINE 20 MG/2ML IV SOLN,FAMOTIDINE /,famotidine,4278,1.0,True,rxnorm_exact,1,True,False
2 ML VIAL : FENTANYL CITRATE 0.05 MG/ML IJ SOLN,FENTANYL CITRATE /ML IJ,fentanyl citrate,142436,0.144,True,rxnorm_approximate,1,True,True
2 ML VIAL : METOCLOPRAMIDE HCL 5 MG/ML IJ SOLN,METOCLOPRAMIDE HCL /ML IJ,metoclopramide hydrochloride,267036,0.135,True,rxnorm_approximate,1,True,True
2 ML VIAL : MIDAZOLAM HCL 1 MG/ML IJ SOLN,MIDAZOLAM HCL /ML IJ,midazolam hydrochloride,203128,0.133,True,rxnorm_approximate,1,True,True
2 ML VIAL : MIDAZOLAM HCL 2 MG/2ML IJ SOLN,MIDAZOLAM HCL / IJ,midazolam hydrochloride,203128,0.133,True,rxnorm_approximate,1,True,True
2 ml vial : ondansetron hcl 4 mg/2ml ij soln,ondansetron hcl / ij,ondansetron hydrochloride,203148,0.133,True,rxnorm_approximate,1,True,False
2 ML VIAL: FENTANYL CITRATE 0.05 MG/ML IJ SOLN,FENTANYL CITRATE /ML IJ,fentanyl citrate,142436,0.144,True,rxnorm_approximate,1,True,True
2 ML VIAL: FUROSEMIDE 10 MG/ML IJ SOLN,FUROSEMIDE /ML IJ,furosemide,4603,0.12,True,rxnorm_approximate,1,True,False
2 ML VIAL: MIDAZOLAM HCL 2 MG/2ML IJ SOLN,MIDAZOLAM HCL / IJ,midazolam hydrochloride,203128,0.133,True,rxnorm_approximate,1,True,True
2 ML: FENTANYL CITRATE 0.05 MG/ML IJ SOLN,FENTANYL CITRATE /ML IJ,fentanyl citrate,142436,0.144,True,rxnorm_approximate,1,True,True
2 ML: ONDANSETRON HCL 4 MG/2ML IJ SOLN,ONDANSETRON HCL / IJ,ondansetron hydrochloride,203148,0.133,True,rxnorm_approximate,1,True,False
2.5 ML PLAS : IPRATROPIUM BROMIDE 0.02 % IN SOLN,PLAS IPRATROPIUM BROMIDE 0 02 IN,ipratropium bromide 0.2 MG/ML Inhalation Solution,836358,0.163,True,rxnorm_approximate,1,True,False
20 ML  -  LABETALOL HCL 5 MG/ML IV SOLN,- LABETALOL HCL /ML,labetalol hydrochloride,202693,0.135,True,rxnorm_approximate,1,True,False
20 ML  -  LIDOCAINE HCL 1 % IJ SOLN,- LIDOCAINE HCL 1 IJ,,309094,0.117,True,rxnorm_approximate,0,True,False
20 ML  -  POTASSIUM CHLORIDE 2 MEQ/ML IV SOLN,- POTASSIUM CHLORIDE /ML,potassium chloride,8591,0.125,True,rxnorm_approximate,1,True,False
20 ML SYRINGE : CEFAZOLIN 2 G IN STERILE WATER 20 ML SYRINGE IV,CEFAZOLIN IN STERILE WATER,sterile water,107129,0.152,True,rxnorm_approximate,1,True,False
20 ML VIAL : POTASSIUM CHLORIDE 2 MEQ/ML IV SOLN,POTASSIUM CHLORIDE /ML,potassium chloride,8591,0.125,True,rxnorm_approximate,1,True,False
20 ML VIAL: POTASSIUM CHLORIDE 2 MEQ/ML IV SOLN,POTASSIUM CHLORIDE /ML,potassium chloride,8591,0.125,True,rxnorm_approximate,1,True,False
20.3 ML CUP : ACETAMINOPHEN 160 MG/5ML PO SOLN,CUP ACETAMINOPHEN /,acetaminophen,161,0.096,True,rxnorm_approximate,1,True,False
250 ML  -  ALBUMIN HUMAN 5 % IV SOLN,- ALBUMIN HUMAN 5,,1741405,0.128,True,rxnorm_approximate,0,False,False
250 ML  -  SODIUM CHLORIDE 0.9 % IV SOLN,- SODIUM CHLORIDE 0 9,sodium chloride 0.154 MEQ/ML,615106,1.0,True,rxnorm_exact,1,True,False
250 ml flex cont : sodium chloride 0.9 % iv soln,flex cont sodium chloride 0 9,sodium chloride 0.154 MEQ/ML,615106,0.127,True,rxnorm_approximate,1,True,False
250 ML PLAS CONT : NOREPINEPHRINE IN D5W 8 MG/250 ML,PLAS CONT NOREPINEPHRINE IN D5W /,250 ML norepinephrine 0.016 MG/ML Injection,2475337,0.166,True,rxnorm_approximate,1,True,False
250 ML PLAS CONT: FAT EMULSION 20 % IV EMUL,PLAS CONT FAT EMULSION 20 EMUL,,1808740,0.154,True,rxnorm_approximate,0,False,False
3 ML  -  ALBUTEROL SULFATE (2.5 MG/3ML) 0.083% IN NEBU,- ALBUTEROL SULFATE / 0 083 IN NEBU,albuterol 0.83 MG/ML Inhalation Solution,630208,0.166,True,rxnorm_approximate,1,True,False
3 ML  -  IPRATROPIUM-ALBUTEROL 0.5-2.5 (3) MG/3ML IN SOLN,- IPRATROPIUM-ALBUTEROL 0 5-2 5 3 MG/ IN,albuterol 1 MG/ML / ipratropium bromide 0.2 MG/ML Inhalation Solution,1362214,0.19,True,rxnorm_approximate,2,True,False
3 ML PLAS CONT: ALBUTEROL SULFATE (2.5 MG/3ML) 0.083% IN NEBU,PLAS CONT ALBUTEROL SULFATE / 0 083 IN NEBU,albuterol 0.83 MG/ML Inhalation Solution,630208,0.166,True,rxnorm_approximate,1,True,False
3 ML PLAS CONT: IPRATROPIUM-ALBUTEROL 0.5-2.5 (3) MG/3ML IN SOLN,PLAS CONT IPRATROPIUM-ALBUTEROL 0 5-2 5 3 MG/ IN,albuterol 1 MG/ML / ipratropium bromide 0.2 MG/ML Inhalation Solution,1362214,0.191,True,rxnorm_approximate,2,True,False
3 ML VIAL : INSULIN LISPRO (HUMAN) 100 UNIT/ML SC SOLN,INSULIN LISPRO HUMAN /ML SC,"insulin lispro protamine, human",314684,0.169,True,rxnorm_approximate,1,True,False
3 ML VIAL : INSULIN REGULAR HUMAN 100 UNIT/ML IJ SOLN,INSULIN REGULAR HUMAN /ML IJ,"insulin, regular, human",253182,0.171,True,rxnorm_approximate,1,True,False
3% NS (ml/hr),3 NS ml/hr,,2540154,0.141,True,rxnorm_approximate,0,True,False
3% Sodium Chloride IVF Infused (ml/hr),3 Sodium Chloride IVF Infused ml/hr,,2642667,0.115,True,rxnorm_approximate,0,True,False
3%NaCl (ml/hr),NaCl ml/hr,,214928,0.054,True,rxnorm_approximate,0,True,False
3.5 G  -  REFRESH P.M. OP OINT,- REFRESH P M OP OINT,mineral oil 0.425 MG/MG / petrolatum 0.573 MG/MG Ophthalmic Ointment,702008,0.088,True,rxnorm_approximate,2,True,False
30 ML  -  IOPAMIDOL 61 % IV SOLN,- IOPAMIDOL 61,,836082,0.145,True,rxnorm_approximate,0,False,False
30 ML  -  LACTULOSE 10 GM/15ML PO SOLN,- LACTULOSE 10 GM/,lactulose 667 MG/ML Oral Solution,391937,0.118,True,rxnorm_approximate,1,True,False
30 ML CUP : ALUM & MAG HYDROXIDE-SIMETH 200-200-20 MG/5ML PO SUSP,CUP ALUM MAG HYDROXIDE-SIMETH 200-200- / SUSP,magnesium hydroxide / simethicone,1009006,0.221,True,rxnorm_approximate,2,True,False
30 ML CUP : MAGNESIUM HYDROXIDE 400 MG/5ML PO SUSP,CUP MAGNESIUM HYDROXIDE / SUSP,magnesium hydroxide Oral Suspension,243353,0.148,True,rxnorm_approximate,1,True,False
37.5 G TUBE : DEXTROSE (DIABETIC USE) 40 % PO GEL,TUBE DEXTROSE DIABETIC USE 40 GEL,,1431778,0.132,True,rxnorm_approximate,0,True,False
37.5 g tube : glucose 40 % po gel,tube glucose 40 gel,glucose 0.4 MG/MG Oral Gel,198683,0.126,True,rxnorm_approximate,1,True,False
4 ML  -  FUROSEMIDE 10 MG/ML IJ SOLN,- FUROSEMIDE /ML IJ,furosemide,4603,0.12,True,rxnorm_approximate,1,True,False
4 ML  -  LABETALOL HCL 5 MG/ML IV SOLN,- LABETALOL HCL /ML,labetalol hydrochloride,202693,0.135,True,rxnorm_approximate,1,True,False
4 ML : FUROSEMIDE 10 MG/ML IJ SOLN,FUROSEMIDE /ML IJ,furosemide,4603,0.12,True,rxnorm_approximate,1,True,False
4 ML SYRINGE : LABETALOL HCL 5 MG/ML IV SOLN,LABETALOL HCL /ML,labetalol hydrochloride,202693,0.135,True,rxnorm_approximate,1,True,False
4 ml vial : furosemide 10 mg/ml ij soln,furosemide /ml ij,furosemide,4603,0.12,True,rxnorm_approximate,1,True,False
4 ML VIAL : FUROSEMIDE 10 MG/ML INJ SOLN,FUROSEMIDE /ML,furosemide,4603,0.12,True,rxnorm_approximate,1,True,False
4 ML VIAL: FUROSEMIDE 10 MG/ML IJ SOLN,FUROSEMIDE /ML IJ,furosemide,4603,0.12,True,rxnorm_approximate,1,True,False
473 ML  -  CHLORHEXIDINE GLUCONATE 0.12 % MT SOLN,- CHLORHEXIDINE GLUCONATE 0 12 MT,chlorhexidine gluconate 1.2 MG/ML Mouthwash,834127,0.142,True,rxnorm_approximate,1,True,False
5 G  -  LIDOCAINE-PRILOCAINE 2.5-2.5 % EX CREA,- LIDOCAINE-PRILOCAINE 2 5-2 5 EX CREA,lidocaine 25 MG/ML / prilocaine 25 MG/ML Topical Cream,197877,0.244,True,rxnorm_approximate,2,True,False
5 ML  -  LEVETIRACETAM 500 MG/5ML IV SOLN,- LEVETIRACETAM /,levetiracetam,114477,1.0,True,rxnorm_exact,1,True,False
5 ML  -  METOPROLOL TARTRATE 1 MG/ML IV SOLN,- METOPROLOL TARTRATE /ML,metoprolol tartrate,203191,0.153,True,rxnorm_approximate,1,True,False
5 ML SYRINGE : HEPARIN SODIUM LOCK FLUSH 10 UNIT/ML IV SOLN,HEPARIN SODIUM LOCK FLUSH /ML,,217519,0.212,True,rxnorm_approximate,0,True,False
5 ML VIAL : DILTIAZEM HCL 25 MG/5ML IV SOLN,DILTIAZEM HCL /,diltiazem hydrochloride,203211,1.0,True,rxnorm_exact,1,True,False
5 ML VIAL : METOPROLOL TARTRATE 1 MG/ML IV SOLN,METOPROLOL TARTRATE /ML,metoprolol tartrate,203191,0.153,True,rxnorm_approximate,1,True,False
5 ML VIAL : MIDAZOLAM HCL 1 MG/ML IJ SOLN,MIDAZOLAM HCL /ML IJ,midazolam hydrochloride,203128,0.133,True,rxnorm_approximate,1,True,True
5 ML VIAL : SODIUM PHOSPHATE 3 MMOLE/ML IV SOLN,SODIUM PHOSPHATE 3 MMOLE/ML,"50 ML sodium phosphate, dibasic 142 MG/ML / sodium phosphate, monobasic 276 MG/ML Injection",1872447,0.148,True,rxnorm_approximate,2,True,False
5 ML VIAL: METOPROLOL TARTRATE 1 MG/ML IV SOLN,METOPROLOL TARTRATE /ML,metoprolol tartrate,203191,0.153,True,rxnorm_approximate,1,True,False
50 ML  -  ALBUMIN HUMAN 25 % IV SOLN,- ALBUMIN HUMAN 25,,1741378,0.135,True,rxnorm_approximate,0,False,False
50 ML  -  POTASSIUM CHLORIDE 20 MEQ/50ML IV SOLN,- POTASSIUM CHLORIDE /,potassium chloride,8591,1.0,True,rxnorm_exact,1,True,False
50 ml : potassium chloride 20 meq/50ml iv soln,potassium chloride /,potassium chloride,8591,1.0,True,rxnorm_exact,1,True,False
50 ML FLEX CONT : MAGNESIUM SULFATE 2 GRAM/50 ML (4 %) IV PGBK,FLEX CONT MAGNESIUM SULFATE 2 GRAM/ 4 PGBK,100 ML magnesium sulfate 40 MG/ML Injection,1658262,0.119,True,rxnorm_approximate,1,True,False
50 ML FLEX CONT : MAGNESIUM SULFATE 4% IJ SOLN,FLEX CONT MAGNESIUM SULFATE 4 IJ,,316219,0.112,True,rxnorm_approximate,0,True,False
50 ML FLEX CONT : MAGNESIUM SULFATE 40 MG/ML IJ SOLN,FLEX CONT MAGNESIUM SULFATE /ML IJ,magnesium sulfate,6585,0.126,True,rxnorm_approximate,1,True,False
50 ML FLEX CONT: MAGNESIUM SULFATE 40 MG/ML IJ SOLN,FLEX CONT MAGNESIUM SULFATE /ML IJ,magnesium sulfate,6585,0.126,True,rxnorm_approximate,1,True,False
50 ml syringe : dextrose 50 % iv soln,dextrose 50,,2004005,0.103,True,rxnorm_approximate,0,True,False
50 ML SYRINGE : SODIUM BICARBONATE 8.4 % IV SOLN,SODIUM BICARBONATE 8 4,,1094029,0.142,True,rxnorm_approximate,0,True,False
50 ML SYRINGE: DEXTROSE 50 % IV SOLN,DEXTROSE 50,,2004005,0.103,True,rxnorm_approximate,0,True,False
50 ML VIAL : DEXTROSE 50 % IV SOLN,DEXTROSE 50,,2004005,0.103,True,rxnorm_approximate,0,True,False
50 ML VIAL : SODIUM BICARBONATE 8.4 % IV SOLN,SODIUM BICARBONATE 8 4,,1094029,0.142,True,rxnorm_approximate,0,True,False
500 ML  -  HEPARIN (PORCINE) IN D5W 50-5 UNIT/ML-% IV SOLN,- HEPARIN PORCINE IN D5W 50- /ML-,,1659196,0.212,True,rxnorm_approximate,0,True,False
500 ML  -  SODIUM CHLORIDE 0.9 % IV SOLN,- SODIUM CHLORIDE 0 9,sodium chloride 0.154 MEQ/ML,615106,1.0,True,rxnorm_exact,1,True,False
500 ML : HEPARIN (PORCINE) IN D5W 50-5 UNIT/ML-% IV SOLN,HEPARIN PORCINE IN D5W 50- /ML-,,1659196,0.211,True,rxnorm_approximate,0,True,False
500 ML : SODIUM CHLORIDE 0.9 % 0.9 % IV SOLP,SODIUM CHLORIDE 0 9 0 9 SOLP,sodium chloride 0.154 MEQ/ML,615106,0.165,True,rxnorm_approximate,1,True,False
500 ml : sodium chloride 0.9 % iv soln,sodium chloride 0 9,sodium chloride 0.154 MEQ/ML,615106,1.0,True,rxnorm_exact,1,True,False
500 ML FLEX CONT : SODIUM CHLORIDE 0.9 % IV SOLN,FLEX CONT SODIUM CHLORIDE 0 9,sodium chloride 0.154 MEQ/ML,615106,0.127,True,rxnorm_approximate,1,True,False
500 ML FLEX CONT EXCEL : SODIUM CHLORIDE 0.9 % IV SOLN,FLEX CONT EXCEL SODIUM CHLORIDE 0 9,sodium chloride 0.154 MEQ/ML,615106,0.127,True,rxnorm_approximate,1,True,False
8 G  -  ALBUTEROL SULFATE HFA 108 (90 BASE) MCG/ACT IN AERS,- ALBUTEROL SULFATE HFA 108 90 BASE MCG/ACT IN AERS,NDA020983 200 ACTUAT albuterol 0.09 MG/ACTUAT Metered Dose Inhaler,2123076,0.181,True,rxnorm_approximate,1,True,False
<<norepinephrine 4 mg/4 mL Inj,norepinephrine /,norepinephrine bitartrate,7508,1.0,True,rxnorm_exact,1,True,False
Abciximab (),Abciximab,abciximab,83929,1.0,True,rxnorm_exact,1,False,False
Abciximab (mcg/min),Abciximab mcg/min,abciximab,83929,0.143,True,rxnorm_approximate,1,False,False
ABILIFY,ABILIFY,Abilify,352393,1.0,True,rxnorm_exact,1,False,False
ABILIFY DISCMELT,ABILIFY DISCMELT,,643311,0.2,True,rxnorm_approximate,0,False,False
ACCUPRIL,ACCUPRIL,Accupril,72210,1.0,True,rxnorm_exact,1,False,False
ACETAMIN/HYDROCODON 325MG/5MG,ACETAMIN/HYDROCODON /,acetaminophen / hydrocodone,214182,1.0,True,rxnorm_exact,2,True,False
acetaminophen,acetaminophen,acetaminophen,161,1.0,True,rxnorm_exact,1,True,False
ACETAMINOPHEN  325 MG ORAL TAB,ACETAMINOPHEN TAB,acetaminophen Oral Tablet,369097,1.0,True,rxnorm_exact,1,True,False
ACETAMINOPHEN  500 MG ORAL TAB,ACETAMINOPHEN TAB,acetaminophen Oral Tablet,369097,1.0,True,rxnorm_exact,1,True,False
ACETAMINOPHEN  650 MG RECT SUPP,ACETAMINOPHEN RECT SUPP,acetaminophen Rectal Suppository,370508,1.0,True,rxnorm_exact,1,True,False
acetaminophen (TYLENOL) tab 650 mg,acetaminophen TYLENOL tab,acetaminophen Oral Tablet [Tylenol],369070,0.14,True,rxnorm_approximate,1,True,False
acetaminophen (TYLENOL) tab 975 mg,acetaminophen TYLENOL tab,acetaminophen Oral Tablet [Tylenol],369070,0.14,True,rxnorm_approximate,1,True,False
acetaminophen (TYLENOL) tablet 650 mg,acetaminophen TYLENOL,acetaminophen Oral Suspension [Tylenol],828554,0.131,True,rxnorm_approximate,1,True,False
"ACETAMINOPHEN 1,000 MG/100 ML (10 MG/ML) IV SOLN",ACETAMINOPHEN 1 / /ML,,342916,0.088,True,rxnorm_approximate,0,True,False
ACETAMINOPHEN 10 MG/ML 100 ML VIAL,ACETAMINOPHEN /ML,acetaminophen,161,0.096,True,rxnorm_approximate,1,True,False
acetaminophen 325 mg po tabs,acetaminophen tabs,acetaminophen Oral Tablet,369097,1.0,True,rxnorm_exact,1,True,False
ACETAMINOPHEN 325 MG RECTAL SUPPOSITORY,ACETAMINOPHEN RECTAL SUPPOSITORY,acetaminophen Rectal Suppository,370508,1.0,True,rxnorm_exact,1,True,False
acetaMINOPHEN 325 MG TAB,acetaMINOPHEN TAB,acetaminophen Oral Tablet,369097,1.0,True,rxnorm_exact,1,True,False
ACETAMINOPHEN 325 MG TABLET,ACETAMINOPHEN,acetaminophen,161,1.0,True,rxnorm_exact,1,True,False
ACETAMINOPHEN 500 MG PO TABS,ACETAMINOPHEN TABS,acetaminophen Oral Tablet,369097,1.0,True,rxnorm_exact,1,True,False
ACETAMINOPHEN 650 MG RE SUPP,ACETAMINOPHEN RE SUPP,acetaminophen Rectal Suppository,370508,0.127,True,rxnorm_approximate,1,True,False
ACETAMINOPHEN 650 MG RECTAL SUPPOSITORY,ACETAMINOPHEN RECTAL SUPPOSITORY,acetaminophen Rectal Suppository,370508,1.0,True,rxnorm_exact,1,True,False
acetaMINOPHEN 650MG RECT SUPP,acetaMINOPHEN RECT SUPP,acetaminophen Rectal Suppository,370508,1.0,True,rxnorm_exact,1,True,False
ACETAMINOPHEN TAB,ACETAMINOPHEN TAB,acetaminophen Oral Tablet,369097,1.0,True,rxnorm_exact,1,True,False
ACETAMINOPHEN-CODEINE,ACETAMINOPHEN-CODEINE,acetaminophen / codeine,817579,1.0,True,rxnorm_exact,2,True,False
acetaminophen-oxyCODONE 325 mg-5 mg oral tablet,acetaminophen-oxyCODONE -,acetaminophen / oxycodone,214183,1.0,True,rxnorm_exact,2,True,False
ACIDOPHILUS,ACIDOPHILUS,Lactobacillus acidophilus,6205,1.0,True,rxnorm_exact,1,True,False
ACTOS,ACTOS,Actos,261442,1.0,True,rxnorm_exact,1,False,False
ACYCLOVIR,ACYCLOVIR,acyclovir,281,1.0,True,rxnorm_exact,1,True,False
ACZONE,ACZONE,Aczone,605173,1.0,True,rxnorm_exact,1,False,False
ADALAT CC,ADALAT CC,,215020,0.122,True,rxnorm_approximate,0,False,False
ADDERALL,ADDERALL,Adderall,84815,1.0,True,rxnorm_exact,2,False,False
ADIPEX-P,ADIPEX-P,Adipex-P,332,1.0,True,rxnorm_exact,1,False,False
ADULT LOW DOSE ASPIRIN EC,ADULT LOW DOSE ASPIRIN EC,,2000926,0.229,True,rxnorm_approximate,0,True,False
ADVAIR DISKUS,ADVAIR DISKUS,,284649,0.185,True,rxnorm_approximate,0,False,False
ADVIL,ADVIL,Advil,153010,1.0,True,rxnorm_exact,1,True,False
AFLIBERCEPT,AFLIBERCEPT,aflibercept,1232150,1.0,True,rxnorm_exact,1,True,False
AFRIN,AFRIN,Afrin,215051,1.0,True,rxnorm_exact,1,False,False
AGGRENOX,AGGRENOX,,226718,0.098,True,rxnorm_approximate,0,False,False
albumin (human) (PLASBUMIN-5) 5% infusion 25 g,albumin human PLASBUMIN-5 5,"500 ML albumin human, USP 50 MG/ML Injection [Plasbumin]",1742330,0.235,True,rxnorm_approximate,1,True,False
ALBUMIN 25% 100 ML INJ,ALBUMIN 25,,1741378,0.096,True,rxnorm_approximate,0,False,False
albumin 5%,albumin 5,,433,0.099,True,rxnorm_approximate,0,True,False
ALBUMIN 5% 250 ML INJ,ALBUMIN 5,,433,0.099,True,rxnorm_approximate,0,True,False
ALBUMIN 5% 500 ML INJ,ALBUMIN 5,,433,0.099,True,rxnorm_approximate,0,True,False
albumin human,albumin human,"albumin human, USP",828529,1.0,True,rxnorm_exact,1,True,False
ALBUMIN HUMAN 25 % IV SOLN,ALBUMIN HUMAN 25,,1741378,0.135,True,rxnorm_approximate,0,False,False
ALBUMIN HUMAN 25%,ALBUMIN HUMAN 25,,1741378,0.135,True,rxnorm_approximate,0,False,False
ALBUMIN HUMAN 5 % IV SOLN,ALBUMIN HUMAN 5,,1741405,0.128,True,rxnorm_approximate,0,False,False
ALBUMIN HUMAN 5 % IV SOLP,ALBUMIN HUMAN 5 SOLP,,1741405,0.128,True,rxnorm_approximate,0,False,False
ALBUMIN HUMAN 5%,ALBUMIN HUMAN 5,,1741405,0.128,True,rxnorm_approximate,0,False,False
albuterol,albuterol,albuterol sulfate,142153,1.0,True,rxnorm_exact,1,True,False
ALBUTEROL 0.083%,ALBUTEROL 0 083,albuterol 0.83 MG/ML Inhalation Solution,630208,0.152,True,rxnorm_approximate,1,True,False
ALBUTEROL 0.5% NEB,ALBUTEROL 0 5 NEB,albuterol 5 MG/ML Inhalation Solution,245314,0.114,True,rxnorm_approximate,1,True,False
ALBUTEROL 2.5 MG/0.5ML UD INH SOLN,ALBUTEROL / UD INH,albuterol Inhalation Solution,2108226,0.128,True,rxnorm_approximate,1,True,False
ALBUTEROL 2.5 MG/3 ML UD INH SOLN,ALBUTEROL / UD INH,albuterol Inhalation Solution,2108226,0.128,True,rxnorm_approximate,1,True,False
ALBUTEROL 90 MCG,ALBUTEROL,albuterol sulfate,142153,1.0,True,rxnorm_exact,1,True,False
ALBUTEROL CONCENTRATED 0.5%,ALBUTEROL CONCENTRATED 0 5,albuterol 5 MG/ML Inhalation Solution,245314,0.133,True,rxnorm_approximate,1,True,False
ALBUTEROL INH SOLN (VARIABLE DOSE),ALBUTEROL INH VARIABLE DOSE,albuterol Metered Dose Inhaler,745678,0.147,True,rxnorm_approximate,1,True,False
albuterol inhale,albuterol inhale,albuterol Inhalation Solution,2108226,0.143,True,rxnorm_approximate,1,True,False
albuterol neb,albuterol neb,albuterol,435,0.121,True,rxnorm_approximate,1,True,False
ALBUTEROL NEB 2.5 MG/3 ML,ALBUTEROL NEB /,albuterol,435,0.121,True,rxnorm_approximate,1,True,False
ALBUTEROL SULF,ALBUTEROL SULF,albuterol sulfate,142153,1.0,True,rxnorm_exact,1,True,False
ALBUTEROL SULFATE,ALBUTEROL SULFATE,albuterol sulfate,142153,1.0,True,rxnorm_exact,1,True,False
ALBUTEROL SULFATE (2.5 MG/3ML) 0.083% IN NEBU,ALBUTEROL SULFATE / 0 083 IN NEBU,albuterol 0.83 MG/ML Inhalation Solution,630208,0.166,True,rxnorm_approximate,1,True,False
ALBUTEROL SULFATE (5 MG/ML) 0.5% IN NEBU,ALBUTEROL SULFATE /ML 0 5 IN NEBU,albuterol 5 MG/ML Inhalation Solution,245314,0.127,True,rxnorm_approximate,1,True,False
albuterol sulfate (PROVENTIL) (2.5 MG/3ML) 0.083% inhalation solution 2.5 mg,albuterol sulfate PROVENTIL / 0 083 inhalation,,630209,0.228,True,rxnorm_approximate,0,True,False
ALBUTEROL SULFATE 2.5 MG INHL NEB SOLN,ALBUTEROL SULFATE INHL NEB,albuterol sulfate,142153,0.143,True,rxnorm_approximate,1,True,False
ALBUTEROL SULFATE 2.5 MG/3 ML (0.083 %) NEB SOLUTION 3 ML BLIST PACK,ALBUTEROL SULFATE / 0 083 NEB BLIST PACK,albuterol 0.83 MG/ML Inhalation Solution,630208,0.181,True,rxnorm_approximate,1,True,False
albuterol-ipratropium (DUONEB) inhalation solution 3 mL,albuterol-ipratropium DUONEB inhalation,,2108261,0.32,True,rxnorm_approximate,0,False,False
Albuterol-Ipratropium (DUONEB) nebulizer solution 3 mL,Albuterol-Ipratropium DUONEB nebulizer,,2108261,0.295,True,rxnorm_approximate,0,False,False
albuterol-ipratropium 3-0.5mg,albuterol-ipratropium 3-,albuterol / ipratropium,214199,0.251,True,rxnorm_approximate,2,True,False
ALBUTEROL/IPRATROPIUM,ALBUTEROL/IPRATROPIUM,albuterol / ipratropium,214199,1.0,True,rxnorm_exact,2,True,False
ALBUTEROL/IPRATROPIUM NEB,ALBUTEROL/IPRATROPIUM NEB,albuterol / ipratropium,214199,0.169,True,rxnorm_approximate,2,True,False
ALBUTEROL/IPRATROPIUM NEB 3ML,ALBUTEROL/IPRATROPIUM NEB,albuterol / ipratropium,214199,0.169,True,rxnorm_approximate,2,True,False
ALDACTAZIDE,ALDACTAZIDE,Aldactazide,17276,1.0,True,rxnorm_exact,2,False,False
ALDACTONE,ALDACTONE,Aldactone,151317,1.0,True,rxnorm_exact,1,False,False
ALENDRONATE SODIUM,ALENDRONATE SODIUM,alendronate sodium,203152,1.0,True,rxnorm_exact,1,True,False
ALEVE,ALEVE,Aleve,215101,1.0,True,rxnorm_exact,1,False,False
ALLEGRA,ALLEGRA,Allegra,324026,1.0,True,rxnorm_exact,1,False,False
ALLOPURINOL,ALLOPURINOL,allopurinol,519,1.0,True,rxnorm_exact,1,True,True
ALLOPURINOL 100 MG PO TABS,ALLOPURINOL TABS,allopurinol Oral Tablet,370547,1.0,True,rxnorm_exact,1,True,True
ALPHAGAN P,ALPHAGAN P,,352415,0.181,True,rxnorm_approximate,0,False,False
ALPRAZolam,ALPRAZolam,alprazolam,596,1.0,True,rxnorm_exact,1,True,True
ALPRAZOLAM 0.25 MG PO TABS,ALPRAZOLAM TABS,alprazolam Oral Tablet,370548,1.0,True,rxnorm_exact,1,True,True
ALPRAZOLAM 0.5 MG PO TABS,ALPRAZOLAM TABS,alprazolam Oral Tablet,370548,1.0,True,rxnorm_exact,1,True,True
ALTACE,ALTACE,Altace,262418,1.0,True,rxnorm_exact,1,False,False
ALTEPLASE   2 MG INJ RECON SOLN,ALTEPLASE RECON,alteplase,8410,0.138,True,rxnorm_approximate,1,True,False
alteplase (CATHFLO ACTIVASE) inj 2 mg,alteplase CATHFLO ACTIVASE,,1805024,0.219,True,rxnorm_approximate,0,True,False
alteplase (mg/hr),alteplase mg/hr,alteplase,8410,0.138,True,rxnorm_approximate,1,True,False
ALTEPLASE 1 MG/2ML SYR,ALTEPLASE / SYR,alteplase,8410,0.138,True,rxnorm_approximate,1,True,False
ALTEPLASE 2 MG IJ SOLR,ALTEPLASE IJ SOLR,alteplase,8410,0.138,True,rxnorm_approximate,1,True,False
Alteplase IVF Infused (ml/hr),Alteplase IVF Infused ml/hr,alteplase,8410,0.138,True,rxnorm_approximate,1,True,False
Alteplase to sheath (ml/hr),Alteplase to sheath ml/hr,alteplase,8410,0.138,True,rxnorm_approximate,1,True,False
AMANTADINE,AMANTADINE,amantadine hydrochloride,282415,1.0,True,rxnorm_exact,1,True,False
AMARYL,AMARYL,Amaryl,153592,1.0,True,rxnorm_exact,1,False,False
Ambien,Ambien,Ambien,131725,1.0,True,rxnorm_exact,1,False,False
AMBIEN CR,AMBIEN CR,,605002,0.186,True,rxnorm_approximate,0,False,False
Amicar (ml/hr),Amicar ml/hr,Amicar,204292,0.142,True,rxnorm_approximate,1,False,False
AMILORIDE HCL,AMILORIDE HCL,amiloride hydrochloride,142424,1.0,True,rxnorm_exact,1,True,False
AMINOCAPROIC ACID,AMINOCAPROIC ACID,6-aminocaproic acid,99,1.0,True,rxnorm_exact,1,False,False
Aminocaproic Acid IVF Infused (ml/hr),Aminocaproic Acid IVF Infused ml/hr,6-aminocaproic acid,99,0.148,True,rxnorm_approximate,1,False,False
amiodarone,amiodarone,amiodarone hydrochloride,203114,1.0,True,rxnorm_exact,1,True,True
Amiodarone (),Amiodarone,amiodarone hydrochloride,203114,1.0,True,rxnorm_exact,1,True,True
amiodarone (CORDARONE) 150 mg in d5w 100mL BOLUS,amiodarone CORDARONE in d5w BOLUS,,866821,0.155,True,rxnorm_approximate,0,True,True
Amiodarone (load) 150 mg Dextrose 5% 100 ml (mg/min),Amiodarone load Dextrose 5 mg/min,,1663267,0.118,True,rxnorm_approximate,0,True,True
Amiodarone (maintenance) 900 mg Dextrose 5% 500 ml (mg/min),Amiodarone maintenance Dextrose 5 mg/min,,800687,0.125,True,rxnorm_approximate,0,True,True
Amiodarone (mg/min),Amiodarone mg/min,amiodarone,703,0.126,True,rxnorm_approximate,1,True,True
Amiodarone (mg/min) (mg/min),Amiodarone mg/min mg/min,amiodarone,703,0.126,True,rxnorm_approximate,1,True,True
Amiodarone (ml/hr),Amiodarone ml/hr,amiodarone,703,0.126,True,rxnorm_approximate,1,True,True
AMIODARONE 150 MG in 100 mL D5W,AMIODARONE in D5W,,866821,0.153,True,rxnorm_approximate,0,True,True
AMIODARONE 200 MG TAB,AMIODARONE TAB,amiodarone hydrochloride Oral Tablet,2646262,1.0,True,rxnorm_exact,1,True,True
AMIODARONE 200 MG TABLET,AMIODARONE,amiodarone hydrochloride,203114,1.0,True,rxnorm_exact,1,True,True
AMIODARONE 450 MG/250 ML D5W INFUSION (STD CON'C) (REPACKAGE),AMIODARONE / D5W STD CON C REPACKAGE,,866821,0.156,True,rxnorm_approximate,0,True,True
AMIODARONE 900 MG in 500 mL D5W,AMIODARONE in D5W,,866821,0.153,True,rxnorm_approximate,0,True,True
amiodarone bolus,amiodarone bolus,amiodarone,703,0.126,True,rxnorm_approximate,1,True,True
AMIODARONE HCL,AMIODARONE HCL,amiodarone hydrochloride,203114,1.0,True,rxnorm_exact,1,True,True
AMIODARONE HCL 150 MG/3ML IV SOLN,AMIODARONE HCL /,amiodarone hydrochloride,203114,1.0,True,rxnorm_exact,1,True,True
AMIODARONE HCL 200 MG PO TABS,AMIODARONE HCL TABS,amiodarone hydrochloride Oral Tablet,2646262,1.0,True,rxnorm_exact,1,True,True
AMIODARONE HCL 900 MG/18ML IV SOLN,AMIODARONE HCL /,amiodarone hydrochloride,203114,1.0,True,rxnorm_exact,1,True,True
AMITIZA,AMITIZA,Amitiza,615205,1.0,True,rxnorm_exact,1,False,False
AMITRIPTYLINE HCL,AMITRIPTYLINE HCL,amitriptyline hydrochloride,203168,1.0,True,rxnorm_exact,1,True,True
amLODIPine,amLODIPine,amlodipine besylate,104416,1.0,True,rxnorm_exact,1,True,False
amLODIPine 5 MG TAB,amLODIPine TAB,amlodipine Oral Tablet,370573,0.116,True,rxnorm_approximate,1,True,False
AMLODIPINE 5 MG TABLET,AMLODIPINE,amlodipine besylate,104416,1.0,True,rxnorm_exact,1,True,False
AMLODIPINE BESILATE,AMLODIPINE BESILATE,amlodipine besylate,104416,1.0,True,rxnorm_exact,1,True,False
AMLODIPINE BESYLATE,AMLODIPINE BESYLATE,amlodipine besylate,104416,1.0,True,rxnorm_exact,1,True,False
AMLODIPINE BESYLATE 10 MG PO TABS,AMLODIPINE BESYLATE TABS,amlodipine besylate,104416,0.153,True,rxnorm_approximate,1,True,False
AMLODIPINE BESYLATE 5 MG PO TABS,AMLODIPINE BESYLATE TABS,amlodipine besylate,104416,0.153,True,rxnorm_approximate,1,True,False
AMOXICILLIN,AMOXICILLIN,amoxicillin trihydrate,133008,1.0,True,rxnorm_exact,1,True,False
AMOXICILLIN-CLAVULANATE ER,AMOXICILLIN-CLAVULANATE,amoxicillin / clavulanate,19711,1.0,True,rxnorm_exact,2,True,False
ANCEF,ANCEF,,203483,0.098,True,rxnorm_approximate,0,False,False
Angiomax (mg/kg/hr),Angiomax mg/kg/hr,Angiomax,285044,0.147,True,rxnorm_approximate,1,False,False
Angiomax (mg/kg/min),Angiomax mg/kg/min,Angiomax,285044,0.147,True,rxnorm_approximate,1,False,False
ANTIVERT,ANTIVERT,Antivert,91818,1.0,True,rxnorm_exact,1,False,False
APIDRA,APIDRA,Apidra,607583,1.0,True,rxnorm_exact,1,False,False
APIXABAN,APIXABAN,apixaban,1364430,1.0,True,rxnorm_exact,1,True,True
APREPITANT,APREPITANT,aprepitant,358255,1.0,True,rxnorm_exact,1,True,False
APRESOLINE,APRESOLINE,,202463,0.094,True,rxnorm_approximate,0,False,False
ARANESP,ARANESP,Aranesp,337045,1.0,True,rxnorm_exact,1,False,False
ARICEPT,ARICEPT,Aricept,135446,1.0,True,rxnorm_exact,1,False,False
ARIMIDEX,ARIMIDEX,Arimidex,262485,1.0,True,rxnorm_exact,1,False,False
ARIXTRA,ARIXTRA,Arixtra,322155,1.0,True,rxnorm_exact,1,False,False
ARNICA,ARNICA,Arnica extract,144377,1.0,True,rxnorm_exact,1,True,False
ASACOL,ASACOL,,196496,0.094,True,rxnorm_approximate,0,False,False
ASCORBIC ACID,ASCORBIC ACID,ascorbic acid,1151,1.0,True,rxnorm_exact,1,True,False
ascorbic acid (ml/hr),ascorbic acid ml/hr,ascorbic acid,1151,0.122,True,rxnorm_approximate,1,True,False
ASCORBIC ACID 500 MG TAB,ASCORBIC ACID TAB,ascorbic acid Oral Tablet,370601,1.0,True,rxnorm_exact,1,True,False
ASPART insulin,ASPART insulin,"insulin aspart, human",51428,1.0,True,rxnorm_exact,1,True,False
ASPIR 81,ASPIR 81,,829543,0.098,True,rxnorm_approximate,0,False,False
aspirin,aspirin,aspirin,1191,1.0,True,rxnorm_exact,1,True,False
ASPIRIN   81 MG ORAL CHEW TAB,ASPIRIN CHEW TAB,aspirin Chewable Tablet,370614,1.0,True,rxnorm_exact,1,True,False
ASPIRIN (BABY ASA) 81 MG TAB,ASPIRIN BABY ASA TAB,aspirin,1191,0.137,True,rxnorm_approximate,1,True,False
ASPIRIN (CHEWABLE),ASPIRIN CHEWABLE,aspirin Chewable Tablet,370614,0.124,True,rxnorm_approximate,1,True,False
ASPIRIN 300 MG RE SUPP,ASPIRIN RE SUPP,aspirin Rectal Suppository,370609,0.133,True,rxnorm_approximate,1,True,False
ASPIRIN 300 MG RECT SUPP,ASPIRIN RECT SUPP,aspirin Rectal Suppository,370609,1.0,True,rxnorm_exact,1,True,False
ASPIRIN 325 MG EC TAB,ASPIRIN EC TAB,,2670863,0.158,True,rxnorm_approximate,0,True,False
ASPIRIN 325 MG PO TABS,ASPIRIN TABS,aspirin Oral Tablet,370611,1.0,True,rxnorm_exact,1,True,False
ASPIRIN 325 MG TABLET,ASPIRIN,aspirin,1191,1.0,True,rxnorm_exact,1,True,False
ASPIRIN 325MG TAB,ASPIRIN TAB,aspirin Oral Tablet,370611,1.0,True,rxnorm_exact,1,True,False
ASPIRIN 81 MG CHEWABLE TABLET,ASPIRIN CHEWABLE,aspirin Chewable Tablet,370614,0.124,True,rxnorm_approximate,1,True,False
ASPIRIN 81 MG EC TAB,ASPIRIN EC TAB,,2670863,0.158,True,rxnorm_approximate,0,True,False
aspirin 81 mg po chew,aspirin chew,aspirin Chewable Tablet,370614,0.124,True,rxnorm_approximate,1,True,False
aspirin chew tab 81 mg,aspirin chew tab,aspirin Chewable Tablet,370614,1.0,True,rxnorm_exact,1,True,False
ASPIRIN CHEWABLE,ASPIRIN CHEWABLE,aspirin Chewable Tablet,370614,0.124,True,rxnorm_approximate,1,True,False
ASPIRIN EC,ASPIRIN EC,,2670863,0.158,True,rxnorm_approximate,0,True,False
ASPIRIN EC 325 MG PO TBEC,ASPIRIN EC TBEC,,2670863,0.158,True,rxnorm_approximate,0,True,False
ASPIRIN EC 81 MG PO TBEC,ASPIRIN EC TBEC,,2670863,0.158,True,rxnorm_approximate,0,True,False
"ASPIRIN, CHILDREN'S",ASPIRIN CHILDREN S,,643344,0.148,True,rxnorm_approximate,0,True,False
ASSESS PNEUMOCOCCAL VACCINE,ASSESS PNEUMOCOCCAL VACCINE,,106467,0.159,True,rxnorm_approximate,0,False,False
ATENOLOL,ATENOLOL,atenolol,1202,1.0,True,rxnorm_exact,1,True,False
Ativan,Ativan,Ativan,202479,1.0,True,rxnorm_exact,1,False,False
ATORVASTATIN,ATORVASTATIN,atorvastatin,83367,1.0,True,rxnorm_exact,1,True,False
ATORVASTATIN 20 MG TAB,ATORVASTATIN TAB,atorvastatin Oral Tablet,370621,0.121,True,rxnorm_approximate,1,True,False
ATORVASTATIN 40 MG TAB,ATORVASTATIN TAB,atorvastatin Oral Tablet,370621,0.121,True,rxnorm_approximate,1,True,False
ATORVASTATIN 40 MG TABLET,ATORVASTATIN,atorvastatin,83367,1.0,True,rxnorm_exact,1,True,False
ATORVASTATIN CALCIUM,ATORVASTATIN CALCIUM,atorvastatin calcium,83366,1.0,True,rxnorm_exact,1,True,False
ATORVASTATIN CALCIUM 10 MG PO TABS,ATORVASTATIN CALCIUM TABS,atorvastatin calcium,83366,0.142,True,rxnorm_approximate,1,True,False
ATORVASTATIN CALCIUM 20 MG PO TABS,ATORVASTATIN CALCIUM TABS,atorvastatin calcium,83366,0.142,True,rxnorm_approximate,1,True,False
ATORVASTATIN CALCIUM 40 MG PO TABS,ATORVASTATIN CALCIUM TABS,atorvastatin calcium,83366,0.142,True,rxnorm_approximate,1,True,False
ATORVASTATIN CALCIUM 80 MG PO TABS,ATORVASTATIN CALCIUM TABS,atorvastatin calcium,83366,0.142,True,rxnorm_approximate,1,True,False
ATRIPLA,ATRIPLA,Atripla,643067,1.0,True,rxnorm_exact,3,False,False
atropine,atropine,atropine,1223,1.0,True,rxnorm_exact,1,True,False
ATROPINE 0.1 MG/ML INJ SYRINGE,ATROPINE /ML,atropine,1223,0.114,True,rxnorm_approximate,1,True,False
ATROPINE 0.1 MG/ML SYRINGE : 10 ML SYRINGE,ATROPINE /ML,atropine,1223,0.114,True,rxnorm_approximate,1,True,False
atropine injection 0.5 mg,atropine,atropine,1223,1.0,True,rxnorm_exact,1,True,False
ATROPINE SULFATE SYRINGE,ATROPINE SULFATE,atropine,1223,1.0,True,rxnorm_exact,1,True,False
ATROVENT,ATROVENT,Atrovent,151390,1.0,True,rxnorm_exact,1,False,False
AUGMENTIN,AUGMENTIN,Augmentin,151392,1.0,True,rxnorm_exact,2,False,False
AVELOX,AVELOX,Avelox,261456,1.0,True,rxnorm_exact,1,False,False
AVODART,AVODART,Avodart,352453,1.0,True,rxnorm_exact,1,False,False
AZITHROMYCIN,AZITHROMYCIN,azithromycin monohydrate,1298839,1.0,True,rxnorm_exact,1,True,False
AZITHromycin 500 mg in NS 250 mL IV,AZITHromycin in NS,,1866877,0.161,True,rxnorm_approximate,0,True,False
AZITHROMYCIN 500 MG IV SOLR,AZITHROMYCIN SOLR,azithromycin,18631,0.123,True,rxnorm_approximate,1,True,False
AZULFIDINE,AZULFIDINE,Azulfidine,202770,1.0,True,rxnorm_exact,1,False,False
B COMPLEX,B COMPLEX,,543613,0.137,True,rxnorm_approximate,0,True,False
B-12,B-12,vitamin B12,11248,1.0,True,rxnorm_exact,1,True,False
BACID,BACID,,215535,0.101,True,rxnorm_approximate,0,False,False
BACILLUS COAGULANS/INULIN,BACILLUS COAGULANS/INULIN,Bacillus coagulans / inulin,1441382,1.0,True,rxnorm_exact,2,True,False
BACITRACIN,BACITRACIN,bacitracin,1291,1.0,True,rxnorm_exact,1,True,False
BACLOFEN,BACLOFEN,baclofen,1292,1.0,True,rxnorm_exact,1,True,False
BACTRIM,BACTRIM,Bactrim,151399,1.0,True,rxnorm_exact,2,False,False
BALSALAZIDE DISODIUM,BALSALAZIDE DISODIUM,balsalazide disodium,153718,1.0,True,rxnorm_exact,1,True,False
BAYER ADVANCED,BAYER ADVANCED,aspirin 325 MG Oral Tablet [Bayer Aspirin],211874,0.125,True,rxnorm_approximate,1,True,False
BAYER CHEWABLE,BAYER CHEWABLE,Bayer Aspirin Chewable Product,1295996,0.143,True,rxnorm_approximate,1,True,False
BBag (ml/hr),BBag ml/hr,,,0.0,False,rxnorm_approximate,0,False,False
Benadryl,Benadryl,Benadryl,203457,1.0,True,rxnorm_exact,1,False,False
BENAZEPRIL HCL,BENAZEPRIL HCL,benazepril,18867,1.0,True,rxnorm_exact,1,True,True
BENEFIBER,BENEFIBER,Benefiber,687620,1.0,True,rxnorm_exact,1,False,False
BENICAR,BENICAR,Benicar,327503,1.0,True,rxnorm_exact,1,False,False
BENTYL,BENTYL,Bentyl,203018,1.0,True,rxnorm_exact,1,False,False
BENZTROPINE MESYLATE,BENZTROPINE MESYLATE,benztropine,1424,1.0,True,rxnorm_exact,1,True,False
BETAPACE,BETAPACE,Betapace,224909,1.0,True,rxnorm_exact,1,False,False
BICARB (ml/hr),BICARB ml/hr,,1527,0.113,True,rxnorm_approximate,0,True,False
Bicarbonate (ml/hr),Bicarbonate ml/hr,,1527,0.113,True,rxnorm_approximate,0,True,False
BIOFLAVONOID CITRUS,BIOFLAVONOID CITRUS,,1921463,0.166,True,rxnorm_approximate,0,False,False
BIOTENE DRY MOUTH MT LIQD,BIOTENE DRY MOUTH MT LIQD,,2623262,0.167,True,rxnorm_approximate,0,False,False
BIOTIN,BIOTIN,biotin,1588,1.0,True,rxnorm_exact,1,True,False
bisacodyl,bisacodyl,bisacodyl,1596,1.0,True,rxnorm_exact,1,True,False
BISACODYL  5 MG ORAL ENT COAT TAB,BISACODYL ENT COAT TAB,bisacodyl,1596,0.115,True,rxnorm_approximate,1,True,False
bisacodyl (DULCOLAX) supp 10 mg,bisacodyl DULCOLAX supp,bisacodyl Rectal Suppository [Dulcolax],367554,0.19,True,rxnorm_approximate,1,True,False
bisacodyl (DULCOLAX) suppository 10 mg,bisacodyl DULCOLAX suppository,bisacodyl Rectal Suppository [Dulcolax],367554,0.19,True,rxnorm_approximate,1,True,False
BISACODYL 10 MG PR SUPP,BISACODYL PR SUPP,bisacodyl Rectal Suppository,371086,0.142,True,rxnorm_approximate,1,True,False
BISACODYL 10 MG RE SUPP,BISACODYL RE SUPP,bisacodyl Rectal Suppository,371086,0.142,True,rxnorm_approximate,1,True,False
BISACODYL 10 MG RECT SUPP,BISACODYL RECT SUPP,bisacodyl Rectal Suppository,371086,1.0,True,rxnorm_exact,1,True,False
BISACODYL 5 MG EC TAB,BISACODYL EC TAB,bisacodyl 5 MG Delayed Release Oral Tablet,308753,0.138,True,rxnorm_approximate,1,True,False
BISACODYL 5 MG PO TBEC,BISACODYL TBEC,bisacodyl,1596,0.115,True,rxnorm_approximate,1,True,False
BISACODYL SUPP,BISACODYL SUPP,bisacodyl Rectal Suppository,371086,1.0,True,rxnorm_exact,1,True,False
BISOPROLOL FUMARATE,BISOPROLOL FUMARATE,bisoprolol fumarate,142146,1.0,True,rxnorm_exact,1,True,False
Blood (PRBCs) (ml/hr),Blood PRBCs ml/hr,,834201,0.131,True,rxnorm_approximate,0,True,False
bolus (ml/hr),bolus ml/hr,,490444,0.065,True,rxnorm_approximate,0,False,False
BRILINTA,BRILINTA,Brilinta,1116636,1.0,True,rxnorm_exact,1,False,False
BROMFENAC SODIUM,BROMFENAC SODIUM,bromfenac sodium,47364,1.0,True,rxnorm_exact,1,True,False
BUDESONIDE,BUDESONIDE,budesonide,19831,1.0,True,rxnorm_exact,1,True,False
BUFFERED LIDOCAINE 1%,BUFFERED LIDOCAINE 1,,1095522,0.133,True,rxnorm_approximate,0,True,False
BUMETANIDE,BUMETANIDE,bumetanide,1808,1.0,True,rxnorm_exact,1,True,True
Bumetanide (mg/hr),Bumetanide mg/hr,bumetanide,1808,0.127,True,rxnorm_approximate,1,True,True
Bumetanide (ml/hr),Bumetanide ml/hr,bumetanide,1808,0.127,True,rxnorm_approximate,1,True,True
BUMETANIDE 0.25 MG/1ML 4ML SDV INJ,BUMETANIDE / SDV,bumetanide,1808,0.127,True,rxnorm_approximate,1,True,True
Bumex,Bumex,Bumex,203538,1.0,True,rxnorm_exact,1,False,False
BUMINATE,BUMINATE,,151463,0.095,True,rxnorm_approximate,0,False,False
BUPROPION HBR,BUPROPION HBR,bupropion hydrobromide,993548,1.0,True,rxnorm_exact,1,True,True
BUPROPION HCL,BUPROPION HCL,bupropion hydrochloride,203204,1.0,True,rxnorm_exact,1,True,True
BUSPIRONE HCL,BUSPIRONE HCL,buspirone,1827,1.0,True,rxnorm_exact,1,True,False
BYSTOLIC,BYSTOLIC,Bystolic,751613,1.0,True,rxnorm_exact,1,False,False
CAL MAG ZINC + D,CAL MAG ZINC D,,2715911,0.155,True,rxnorm_approximate,0,True,False
CALCITRIOL,CALCITRIOL,calcitriol,1894,1.0,True,rxnorm_exact,1,True,False
CALCIUM,CALCIUM,calcium,1895,1.0,True,rxnorm_exact,1,True,False
CALCIUM + D,CALCIUM D,,827159,0.124,True,rxnorm_approximate,0,True,False
CALCIUM ACETATE,CALCIUM ACETATE,calcium acetate,214342,1.0,True,rxnorm_exact,1,True,False
CALCIUM CARB&CITRATE/VITAMIN D3/MINERAL COMB NO.34/GENISTEIN,CALCIUM CARB CITRATE/VITAMIN D3/MINERAL COMB NO 34/GENISTEIN,,903365,0.229,True,rxnorm_approximate,0,True,False
CALCIUM CARBONATE,CALCIUM CARBONATE,calcium carbonate,1897,1.0,True,rxnorm_exact,1,True,False
CALCIUM CARBONATE 200 MG CALCIUM (500 MG) ORAL CHEW TAB,CALCIUM CARBONATE CALCIUM CHEW TAB,calcium carbonate Chewable Tablet,371198,0.177,True,rxnorm_approximate,1,True,False
CALCIUM CARBONATE 500 MG CHEW TAB,CALCIUM CARBONATE CHEW TAB,calcium carbonate Chewable Tablet,371198,1.0,True,rxnorm_exact,1,True,False
CALCIUM CARBONATE ANTACID 500 MG PO CHEW,CALCIUM CARBONATE ANTACID CHEW,calcium carbonate,1897,0.162,True,rxnorm_approximate,1,True,False
CALCIUM CARBONATE/CHOLECALCIFEROL (VIT D3)/MINERALS,CALCIUM CARBONATE/CHOLECALCIFEROL VIT D3 /MINERALS,,1001235,0.159,True,rxnorm_approximate,0,True,False
CALCIUM CARBONATE/CHOLECALCIFEROL (VITAMIN D3),CALCIUM CARBONATE/CHOLECALCIFEROL VITAMIN D3,,259839,0.156,True,rxnorm_approximate,0,True,False
calcium chloride,calcium chloride,calcium chloride,1901,1.0,True,rxnorm_exact,1,True,False
CALCIUM CITRATE + D,CALCIUM CITRATE D,,215831,0.144,True,rxnorm_approximate,0,True,False
calcium gluconate,calcium gluconate,calcium gluconate,1908,1.0,True,rxnorm_exact,1,True,False
CALCIUM GLUCONATE 1 GRAM/D5W 50ML,CALCIUM GLUCONATE 1 GRAM/D5W,,1668009,0.163,True,rxnorm_approximate,0,True,False
CALCIUM GLUCONATE 10 % IV SOLN,CALCIUM GLUCONATE 10,calcium gluconate 10 MG/ML,2562541,0.115,True,rxnorm_approximate,1,True,False
CALCIUM GLUCONATE 10 % IV SOLN 10ML,CALCIUM GLUCONATE 10,calcium gluconate 10 MG/ML,2562541,0.115,True,rxnorm_approximate,1,True,False
CALCIUM GLUCONATE 10%,CALCIUM GLUCONATE 10,calcium gluconate 10 MG/ML,2562541,0.115,True,rxnorm_approximate,1,True,False
Calcium Gluconate 10%  SSO,Calcium Gluconate 10 SSO,calcium gluconate 10 MG/ML,2562541,0.115,True,rxnorm_approximate,1,True,False
CALCIUM GLUCONATE 100 MG/ML (10 %) IV : 10 ML,CALCIUM GLUCONATE /ML 10,calcium gluconate 10 MG/ML,2562541,0.123,True,rxnorm_approximate,1,True,False
CALCIUM GLUCONATE 100 MG/ML IV SOLN,CALCIUM GLUCONATE /ML,calcium gluconate,1908,0.132,True,rxnorm_approximate,1,True,False
CALCIUM GLUCONATE 2 G/50 ML NS,CALCIUM GLUCONATE / NS,,1866877,0.161,True,rxnorm_approximate,0,True,False
CALCIUM GLUCONATE 2 GRAM/D5W 50ML,CALCIUM GLUCONATE 2 GRAM/D5W,,1668011,0.165,True,rxnorm_approximate,0,True,False
Calcium Gluconate IVF Infused (ml/hr),Calcium Gluconate IVF Infused ml/hr,calcium gluconate,1908,0.132,True,rxnorm_approximate,1,True,False
Calcium GLUCONATE STD 1 g Sodium Chloride 0.9% 100 ml (Unknown),Calcium GLUCONATE STD Sodium Chloride 0 9 Unknown,,1668011,0.143,True,rxnorm_approximate,0,True,False
CALMOSEPTINE,CALMOSEPTINE,Calmoseptine,1946477,1.0,True,rxnorm_exact,4,False,False
CALTRATE 600,CALTRATE 600,calcium carbonate 1500 MG Oral Tablet [Caltrate],790271,0.138,True,rxnorm_approximate,1,True,False
CALTRATE 600 + D,CALTRATE 600 D,,1310317,0.167,True,rxnorm_approximate,0,False,False
CAMPRAL,CAMPRAL,,602959,0.099,True,rxnorm_approximate,0,False,False
CAPECITABINE,CAPECITABINE,capecitabine,194000,1.0,True,rxnorm_exact,1,True,True
CAPTOPRIL,CAPTOPRIL,captopril,1998,1.0,True,rxnorm_exact,1,True,True
CARAFATE,CARAFATE,Carafate,227743,1.0,True,rxnorm_exact,1,False,False
CARBOXYMETHYLCELLULOSE,CARBOXYMETHYLCELLULOSE,carboxymethylcellulose,2062,1.0,True,rxnorm_exact,1,True,False
CARDIZEM,CARDIZEM,Cardizem,203494,1.0,True,rxnorm_exact,1,False,False
CARDIZEM CD,CARDIZEM CD,,215895,0.172,True,rxnorm_approximate,0,False,False
CARDURA,CARDURA,Cardura,196468,1.0,True,rxnorm_exact,1,False,False
CARDURA XL,CARDURA XL,,631238,0.181,True,rxnorm_approximate,0,False,False
CARISOPRODOL,CARISOPRODOL,carisoprodol,2101,1.0,True,rxnorm_exact,1,True,False
carvedilol,carvedilol,carvedilol,20352,1.0,True,rxnorm_exact,1,True,False
CARVEDILOL 12.5 MG PO TABS,CARVEDILOL TABS,carvedilol Oral Tablet,371296,1.0,True,rxnorm_exact,1,True,False
CARVEDILOL 25 MG PO TABS,CARVEDILOL TABS,carvedilol Oral Tablet,371296,1.0,True,rxnorm_exact,1,True,False
CARVEDILOL 3.125 MG PO TABS,CARVEDILOL TABS,carvedilol Oral Tablet,371296,1.0,True,rxnorm_exact,1,True,False
CARVEdilol 3.125 MG TAB,CARVEdilol TAB,carvedilol Oral Tablet,371296,1.0,True,rxnorm_exact,1,True,False
CARVEDILOL 6.25 MG PO TABS,CARVEDILOL TABS,carvedilol Oral Tablet,371296,1.0,True,rxnorm_exact,1,True,False
CASODEX,CASODEX,Casodex,151495,1.0,True,rxnorm_exact,1,False,False
CATAPRES,CATAPRES,Catapres,202941,1.0,True,rxnorm_exact,1,False,False
ceFAZolin,ceFAZolin,cefazolin,2180,1.0,True,rxnorm_exact,1,True,False
ceFAZolin (ANCEF) in Dextrose ivpb 2 g,ceFAZolin ANCEF in Dextrose ivpb,,692972,0.157,True,rxnorm_approximate,0,True,False
ceFAZolin 1 g powder for Inj,ceFAZolin powder for,cefazolin,2180,0.125,True,rxnorm_approximate,1,True,False
ceFAZolin 2 Gm in NS 100 mL IVPB,ceFAZolin 2 Gm in NS IVPB,,2540154,0.157,True,rxnorm_approximate,0,True,False
CEFAZOLIN 2 GM IN NS 100 ML IVPB (REPACKAGE),CEFAZOLIN 2 GM IN NS IVPB REPACKAGE,,2540154,0.157,True,rxnorm_approximate,0,True,False
CEFAZOLIN 2GM SYR,CEFAZOLIN 2GM SYR,cefazolin 2000 MG Injection,1665060,0.13,True,rxnorm_approximate,1,True,False
cefepime,cefepime,cefepime,20481,1.0,True,rxnorm_exact,1,True,False
CEFEPIME HCL 2 G IJ SOLR,CEFEPIME HCL IJ SOLR,cefepime hydrochloride,236058,0.141,True,rxnorm_approximate,1,True,False
cefepime in D5W (MAXIPIME) ivpb 1 g,cefepime in D5W MAXIPIME ivpb,,1665090,0.166,True,rxnorm_approximate,0,True,False
CEFPODOXIME PROXETIL,CEFPODOXIME PROXETIL,cefpodoxime proxetil,47835,1.0,True,rxnorm_exact,1,True,False
cefTRIAXone,cefTRIAXone,ceftriaxone,2193,1.0,True,rxnorm_exact,1,True,False
cefTRIAXone 1 GRAM in NS 50 mL IVPB,cefTRIAXone 1 GRAM in NS IVPB,,2540154,0.141,True,rxnorm_approximate,0,True,False
cefTRIAXone in D5W (ROCEPHIN) ivpb 1 g,cefTRIAXone in D5W ROCEPHIN ivpb,,1665007,0.159,True,rxnorm_approximate,0,True,False
CEFTRIAXONE SODIUM 1 G IJ SOLR,CEFTRIAXONE SODIUM IJ SOLR,ceftriaxone sodium,203172,0.142,True,rxnorm_approximate,1,True,False
CELEBREX,CELEBREX,Celebrex,215927,1.0,True,rxnorm_exact,1,False,False
CELECOXIB,CELECOXIB,celecoxib,140587,1.0,True,rxnorm_exact,1,True,True
CELEXA,CELEXA,Celexa,215928,1.0,True,rxnorm_exact,1,False,False
CELLCEPT,CELLCEPT,Cellcept,152633,1.0,True,rxnorm_exact,1,False,False
CENTRUM,CENTRUM,,92103,0.081,True,rxnorm_approximate,0,False,False
CENTRUM SILVER,CENTRUM SILVER,,92105,0.17,True,rxnorm_approximate,0,False,False
CEPHALEXIN,CEPHALEXIN,cephalexin monohydrate,215948,1.0,True,rxnorm_exact,1,True,False
CEPHULAC,CEPHULAC,,215949,0.101,True,rxnorm_approximate,0,False,False
CETIRIZINE 10 MG ORAL TAB,CETIRIZINE TAB,cetirizine hydrochloride Oral Tablet,2648910,1.0,True,rxnorm_exact,1,True,False
CETIRIZINE HCL,CETIRIZINE HCL,cetirizine hydrochloride,203150,1.0,True,rxnorm_exact,1,True,False
CHLORDIAZEPOXIDE HCL,CHLORDIAZEPOXIDE HCL,chlordiazepoxide hydrochloride,203173,1.0,True,rxnorm_exact,1,True,True
chlorhexidine (PERIDEX) 0.12 % solution 15 mL,chlorhexidine PERIDEX 0 12,chlorhexidine gluconate 1.2 MG/ML Mouthwash [Peridex],834135,0.158,True,rxnorm_approximate,1,True,False
chlorHEXIDINE (PERIOGARD) 0.12 % oral rinse 15 mL,chlorHEXIDINE PERIOGARD 0 12 rinse,chlorhexidine gluconate 1.2 MG/ML Mouthwash [Periogard],834137,0.184,True,rxnorm_approximate,1,True,False
CHLORHEXIDINE GLUCONATE  0.12 % MM MWSH,CHLORHEXIDINE GLUCONATE 0 12 MM MWSH,chlorhexidine gluconate 1.2 MG/ML Mouthwash,834127,0.142,True,rxnorm_approximate,1,True,False
CHLORHEXIDINE GLUCONATE 0.12 % MOUTH/THROAT SOLN MULTIDOSE,CHLORHEXIDINE GLUCONATE 0 12 MOUTH/THROAT MULTIDOSE,chlorhexidine gluconate 1.2 MG/ML Mouthwash,834127,0.142,True,rxnorm_approximate,1,True,False
CHLORHEXIDINE GLUCONATE 0.12 % MOUTHWASH : 15 ML CUP,CHLORHEXIDINE GLUCONATE 0 12 MOUTHWASH CUP,chlorhexidine gluconate 1.2 MG/ML Mouthwash,834127,0.176,True,rxnorm_approximate,1,True,False
CHLORHEXIDINE GLUCONATE 0.12%,CHLORHEXIDINE GLUCONATE 0 12,chlorhexidine gluconate 1.2 MG/ML Mouthwash,834127,0.142,True,rxnorm_approximate,1,True,False
CHLORHEXIDINE GLUCONATE UD LIQ 15ML,CHLORHEXIDINE GLUCONATE UD LIQ,chlorhexidine gluconate,20791,0.144,True,rxnorm_approximate,1,True,False
CHLORPHENIRAMINE MAL/PHENYLEPHRINE/D-METHORPHAN HB/ASPIRIN,CHLORPHENIRAMINE MAL/PHENYLEPHRINE/D-METHORPHAN HB/ASPIRIN,aspirin / chlorpheniramine maleate / dextromethorphan hydrobromide / phenylephrine hydrochloride Oral Product,2660123,0.181,True,rxnorm_approximate,0,True,False
CHLORPHENIRAMINE MALEATE/PHENYLEPHRINE BITARTRATE/ASPIRIN,CHLORPHENIRAMINE MALEATE/PHENYLEPHRINE BITARTRATE/ASPIRIN,aspirin / chlorpheniramine / phenylephrine,818496,1.0,True,rxnorm_exact,3,True,False
CHLORTHALIDONE,CHLORTHALIDONE,chlorthalidone,2409,1.0,True,rxnorm_exact,1,True,False
CHOLECALCIFEROL (VIT D3)/FOLIC ACID,CHOLECALCIFEROL VIT D3 /FOLIC ACID,cholecalciferol,2418,0.144,True,rxnorm_approximate,1,True,True
CHOLECALCIFEROL (VIT D3)/SOY ISOFLAVONE,CHOLECALCIFEROL VIT D3 /SOY ISOFLAVONE,cholecalciferol 2000 UNT / soy protein isolate 64 MG Oral Tablet,849410,0.172,True,rxnorm_approximate,2,True,True
CHOLECALCIFEROL (VITAMIN D3),CHOLECALCIFEROL VITAMIN D3,cholecalciferol,2418,1.0,True,rxnorm_exact,1,True,True
CHOLESTYRAMINE,CHOLESTYRAMINE,cholestyramine resin,2447,1.0,True,rxnorm_exact,1,True,False
CHONDROITIN SULFATE,CHONDROITIN SULFATE,chondroitin sulfates,2473,1.0,True,rxnorm_exact,1,True,False
CIALIS,CIALIS,Cialis,303263,1.0,True,rxnorm_exact,1,False,False
CILOSTAZOL,CILOSTAZOL,cilostazol,21107,1.0,True,rxnorm_exact,1,True,True
CINACALCET HCL,CINACALCET HCL,cinacalcet hydrochloride,384379,1.0,True,rxnorm_exact,1,True,False
CINNAMON,CINNAMON,cinnamon preparation,285245,1.0,True,rxnorm_exact,1,True,False
CINNAMON OIL,CINNAMON OIL,cinnamon oil,1309229,1.0,True,rxnorm_exact,1,True,False
CIPRO,CIPRO,Cipro,203563,1.0,True,rxnorm_exact,1,False,False
CIPROFLOXACIN,CIPROFLOXACIN,ciprofloxacin lactate,235851,1.0,True,rxnorm_exact,1,True,False
CIPROFLOXACIN IN D5W 400 MG/200ML IV SOLN,CIPROFLOXACIN IN D5W /,ciprofloxacin,2551,0.101,True,rxnorm_approximate,1,True,False
cisatracurium,cisatracurium,cisatracurium besylate,136561,1.0,True,rxnorm_exact,1,True,False
CISPLATIN,CISPLATIN,cisplatin,2555,1.0,True,rxnorm_exact,1,True,True
CITALOPRAM,CITALOPRAM,citalopram,2556,1.0,True,rxnorm_exact,1,True,True
CITALOPRAM HBR,CITALOPRAM HBR,citalopram hydrobromide,221078,1.0,True,rxnorm_exact,1,True,True
CITALOPRAM HYDROBROMIDE,CITALOPRAM HYDROBROMIDE,citalopram hydrobromide,221078,1.0,True,rxnorm_exact,1,True,True
CITRACAL,CITRACAL,citral,1362890,0.113,True,rxnorm_approximate,1,False,False
CLARITIN,CLARITIN,Claritin,203576,1.0,True,rxnorm_exact,1,False,False
clevidipine (mg/hr),clevidipine mg/hr,clevidipine,233603,0.14,True,rxnorm_approximate,1,True,False
clindamycin,clindamycin,clindamycin palmitate,21235,1.0,True,rxnorm_exact,1,True,False
CLINDAMYCIN HCL,CLINDAMYCIN HCL,clindamycin palmitate,21235,1.0,True,rxnorm_exact,1,True,False
CLOBETASOL EMOLLIENT,CLOBETASOL EMOLLIENT,,261480,0.15,True,rxnorm_approximate,0,True,False
CLONAZEPAM,CLONAZEPAM,clonazepam,2598,1.0,True,rxnorm_exact,1,True,True
CLONAZEPAM 0.5 MG PO TABS,CLONAZEPAM TABS,clonazepam Oral Tablet,371579,1.0,True,rxnorm_exact,1,True,True
cloNIDine,cloNIDine,clonidine hydrochloride,142432,1.0,True,rxnorm_exact,1,True,False
cloNIDine 0.1 MG TAB,cloNIDine TAB,clonidine hydrochloride Oral Tablet,2647724,1.0,True,rxnorm_exact,1,True,False
CLONIDINE HCL,CLONIDINE HCL,clonidine hydrochloride,142432,1.0,True,rxnorm_exact,1,True,False
CLONIDINE HCL 0.1 MG PO TABS,CLONIDINE HCL TABS,clonidine hydrochloride Oral Tablet,2647724,1.0,True,rxnorm_exact,1,True,False
clopidogrel,clopidogrel,clopidogrel bisulfate,236991,1.0,True,rxnorm_exact,1,True,True
CLOPIDOGREL 75 MG TAB,CLOPIDOGREL TAB,clopidogrel Oral Tablet,374583,1.0,True,rxnorm_exact,1,True,True
CLOPIDOGREL BISULFATE,CLOPIDOGREL BISULFATE,clopidogrel bisulfate,236991,1.0,True,rxnorm_exact,1,True,True
CLOPIDOGREL BISULFATE 75 MG PO TABS,CLOPIDOGREL BISULFATE TABS,clopidogrel Oral Tablet,374583,1.0,True,rxnorm_exact,1,True,True
CLORAZEPATE DIPOTASSIUM,CLORAZEPATE DIPOTASSIUM,clorazepate dipotassium,2607,1.0,True,rxnorm_exact,1,True,True
CLOZARIL,CLOZARIL,Clozaril,216102,1.0,True,rxnorm_exact,1,False,False
CODEINE PHOSPHATE,CODEINE PHOSPHATE,benzoate / codeine,1008493,1.0,True,rxnorm_exact,2,True,False
COENZYME Q-10,COENZYME Q-10,ubidecarenone,21406,1.0,True,rxnorm_exact,1,True,False
COGENTIN,COGENTIN,,151532,0.093,True,rxnorm_approximate,0,False,False
Colace,Colace,Colace,82000,1.0,True,rxnorm_exact,1,False,False
COLCHICINE,COLCHICINE,colchicine,2683,1.0,True,rxnorm_exact,1,True,False
COLCRYS,COLCRYS,Colcrys,858068,1.0,True,rxnorm_exact,1,False,False
COMBIGAN,COMBIGAN,Combigan,746962,1.0,True,rxnorm_exact,2,False,False
COMBIVENT,COMBIVENT,Combivent,151539,1.0,True,rxnorm_exact,2,False,False
COMBIVIR,COMBIVIR,Combivir,192254,1.0,True,rxnorm_exact,2,False,False
COMPAZINE,COMPAZINE,Compazine,203546,1.0,True,rxnorm_exact,1,False,False
COPAXONE,COPAXONE,Copaxone,135779,1.0,True,rxnorm_exact,1,False,False
COPPER,COPPER,copper,2837,1.0,True,rxnorm_exact,1,True,False
CORDARONE,CORDARONE,,203588,0.094,True,rxnorm_approximate,0,False,False
Coreg,Coreg,Coreg,216221,1.0,True,rxnorm_exact,1,False,False
Coumadin,Coumadin,Coumadin,202421,1.0,True,rxnorm_exact,1,False,False
COZAAR,COZAAR,Cozaar,151558,1.0,True,rxnorm_exact,1,False,False
CRANBERRY,CRANBERRY,cranberry preparation,125933,1.0,True,rxnorm_exact,1,True,False
CRESTOR,CRESTOR,Crestor,320864,1.0,True,rxnorm_exact,1,False,False
CUTIVATE,CUTIVATE,Cutivate,115045,1.0,True,rxnorm_exact,1,False,False
CYANOCOBALAMIN,CYANOCOBALAMIN,vitamin B12,11248,1.0,True,rxnorm_exact,1,True,False
CYCLOBENZAPRINE HCL,CYCLOBENZAPRINE HCL,cyclobenzaprine,21949,1.0,True,rxnorm_exact,1,True,False
CYMBALTA,CYMBALTA,Cymbalta,482574,1.0,True,rxnorm_exact,1,False,False
CYPROHEPTADINE HCL,CYPROHEPTADINE HCL,cyproheptadine hydrochloride,104592,1.0,True,rxnorm_exact,1,True,False
D10W (ml/hr),D10W ml/hr,,807391,0.049,True,rxnorm_approximate,0,False,False
D5 (ml/hr),D5 ml/hr,sitocalciferol,2676752,0.049,True,rxnorm_approximate,1,False,False
d5 0.45% nacl (ml/hr),d5 0 45 nacl ml/hr,,1791756,0.077,True,rxnorm_approximate,0,True,False
D5 3amp NaHCO3 (ml/hr),D5 3amp NaHCO3 ml/hr,sodium bicarbonate 0.15 MEQ/ML Injectable Solution,413424,0.082,True,rxnorm_approximate,1,True,False
D50,D50,,215092,0.073,True,rxnorm_approximate,0,False,False
D51/2NS (ml/hr),D51/2NS ml/hr,nitisinone,61805,0.04,True,rxnorm_approximate,1,True,False
D5LR (ml/hr),D5LR ml/hr,,,0.0,False,rxnorm_approximate,0,False,False
D5NS (ml/hr),D5NS ml/hr,,,0.0,False,rxnorm_approximate,0,False,False
D5NSS (ml/hr),D5NSS ml/hr,,,0.0,False,rxnorm_approximate,0,False,False
DABIGATRAN ETEXILATE MESYLATE,DABIGATRAN ETEXILATE MESYLATE,dabigatran etexilate mesylate,1037041,1.0,True,rxnorm_exact,1,True,True
DAILY VITE,DAILY VITE,,216354,0.162,True,rxnorm_approximate,0,True,False
DALIRESP,DALIRESP,Daliresp,1091840,1.0,True,rxnorm_exact,1,False,False
DAPSONE,DAPSONE,dapsone,3108,1.0,True,rxnorm_exact,1,True,False
Decadron,Decadron,Decadron,227682,1.0,True,rxnorm_exact,1,False,False
DEFINITY,DEFINITY,,300005,0.098,True,rxnorm_approximate,0,False,False
DELTASONE,DELTASONE,Deltasone,227730,1.0,True,rxnorm_exact,1,False,False
DELZICOL,DELZICOL,Delzicol,1368955,1.0,True,rxnorm_exact,1,False,False
DEMADEX,DEMADEX,,71974,0.091,True,rxnorm_approximate,0,False,False
DEMECLOCYCLINE HCL,DEMECLOCYCLINE HCL,demeclocycline,3154,1.0,True,rxnorm_exact,1,True,False
DEPAKOTE,DEPAKOTE,Depakote,216459,1.0,True,rxnorm_exact,1,False,False
dexamethasone,dexamethasone,dexamethasone acetate,22690,1.0,True,rxnorm_exact,1,True,False
DEXAMETHASONE 4 MG PO TABS,DEXAMETHASONE TABS,dexamethasone Oral Tablet,371729,1.0,True,rxnorm_exact,1,True,False
DEXAMETHASONE 4 MG/1ML INJECTION,DEXAMETHASONE /,dexamethasone acetate,22690,1.0,True,rxnorm_exact,1,True,False
DEXILANT,DEXILANT,Dexilant,902621,1.0,True,rxnorm_exact,1,False,False
dexmedetomidine,dexmedetomidine,dexmedetomidine hydrochloride,228054,1.0,True,rxnorm_exact,1,True,False
Dexmedetomidine (mcg/kg/hr),Dexmedetomidine mcg/kg/hr,dexmedetomidine,48937,0.125,True,rxnorm_approximate,1,True,False
Dexmedetomidine (mcg/kg/hr) (mcg/kg/hr),Dexmedetomidine mcg/kg/hr mcg/kg/hr,dexmedetomidine 0.12 MG Sublingual Film,2601119,0.129,True,rxnorm_approximate,1,True,False
Dexmedetomidine (ml/hr),Dexmedetomidine ml/hr,dexmedetomidine,48937,0.125,True,rxnorm_approximate,1,True,False
DEXMEDETOMIDINE 200 MCG in 50 mL NS,DEXMEDETOMIDINE in NS,,1866877,0.161,True,rxnorm_approximate,0,True,False
DEXMEDETOMIDINE HCL IN NACL 200 MCG/50ML IV SOLN,DEXMEDETOMIDINE HCL IN NACL /,dexmedetomidine hydrochloride,228054,0.136,True,rxnorm_approximate,1,True,False
DEXMEDETOMIDINE HCL IN NACL 400 MCG/100ML IV SOLN,DEXMEDETOMIDINE HCL IN NACL /,dexmedetomidine hydrochloride,228054,0.136,True,rxnorm_approximate,1,True,False
Dexmedetomidine(Precedex) 400 mcg Sodium Chloride 0.9% 100 ml (mcg/kg/hr),Dexmedetomidine Precedex Sodium Chloride 0 9 mcg/kg/hr,250 ML dexmedetomidine 0.004 MG/ML Injection [Precedex],2396892,0.167,True,rxnorm_approximate,1,True,False
DEXT 5% IN WATER 1000 ML LVP,DEXT 5 IN WATER LVP,,1795608,0.129,True,rxnorm_approximate,0,False,False
DEXT 5%-NACL 0.45% 1000 ML LVP,DEXT 5 -NACL 0 45 LVP,,2601547,0.125,True,rxnorm_approximate,0,False,False
DEXT 5%-NACL 0.45%-KCL 20MEQ LVP,DEXT 5 -NACL 0 45 -KCL LVP,1000 ML potassium chloride 0.02 MEQ/ML / sodium chloride 4.5 MG/ML Injection,403890,0.161,True,rxnorm_approximate,2,True,False
DEXT 5%-NACL 0.9% 1000 ML LVP,DEXT 5 -NACL 0 9 LVP,,1795345,0.122,True,rxnorm_approximate,0,False,False
DEXTROAMPHETAMINE-AMPHETAMINE,DEXTROAMPHETAMINE-AMPHETAMINE,amphetamine / dextroamphetamine,253146,1.0,True,rxnorm_exact,2,True,True
dextrose,dextrose,dextrose monohydrate,1299920,1.0,True,rxnorm_exact,1,True,False
DEXTROSE 40 % ORAL GEL,DEXTROSE 40 GEL,glucose 0.4 MG/MG Oral Gel,198683,0.124,True,rxnorm_approximate,1,True,False
DEXTROSE 5 % IV SOLN,DEXTROSE 5,glucose 50 MG/ML,315789,1.0,True,rxnorm_exact,1,True,False
DEXTROSE 5% IN NORMAL SALINE IV : 1000 ML BAG,DEXTROSE 5 IN NORMAL SALINE,,235321,0.161,True,rxnorm_approximate,0,True,False
DEXTROSE 5% IN WATER (D5W) IV : 1000 ML BAG,DEXTROSE 5 IN WATER D5W,glucose 50 MG/ML / magnesium chloride 0.003 MEQ/ML / monobasic potassium phosphate 0.00147 MEQ/ML / potassium chloride 0.0189 MEQ/ML / sodium chloride 0.002 MEQ/ML / sodium lactate 0.0232 MEQ/ML Injectable Solution,807396,0.189,True,rxnorm_approximate,6,True,False
Dextrose 5% SSO,Dextrose 5 SSO,glucose 50 MG/ML,315789,0.099,True,rxnorm_approximate,1,True,False
DEXTROSE 5%-1/2 NORMAL SALINE IV : 1000 ML BAG,DEXTROSE 5 -1/2 NORMAL SALINE,,235323,0.171,True,rxnorm_approximate,0,True,False
DEXTROSE 5%-NACL 0.9%,DEXTROSE 5 -NACL 0 9,,1795345,0.182,True,rxnorm_approximate,0,False,False
DEXTROSE 5%/NACL 0.45%,DEXTROSE 5 /NACL 0 45,,1795251,0.155,True,rxnorm_approximate,0,False,False
dextrose 50 % (D50W) syringe,dextrose 50 D50W,,434978,0.18,True,rxnorm_approximate,0,True,False
dextrose 50 % in water (D50W) injection 15 mL,dextrose 50 in water D50W,,434978,0.211,True,rxnorm_approximate,0,True,False
DEXTROSE 50 % IN WATER (D50W) IV SYRINGE,DEXTROSE 50 IN WATER D50W,,434978,0.211,True,rxnorm_approximate,0,True,False
dextrose 50 % inj,dextrose 50,,2004005,0.103,True,rxnorm_approximate,0,True,False
dextrose 50 % injection 50 mL,dextrose 50,,2004005,0.103,True,rxnorm_approximate,0,True,False
DEXTROSE 50 % IV SOLN,DEXTROSE 50,,2004005,0.103,True,rxnorm_approximate,0,True,False
DEXTROSE 50%,DEXTROSE 50,,2004005,0.103,True,rxnorm_approximate,0,True,False
DEXTROSE 50% 25 GRAM/50 ML INJ,DEXTROSE 50 25 GRAM/,50 ML glucose 500 MG/ML Prefilled Syringe,727517,0.119,True,rxnorm_approximate,1,True,False
DEXTROSE 50% 25 GRAM/50 ML SYR,DEXTROSE 50 25 GRAM/ SYR,50 ML glucose 500 MG/ML Prefilled Syringe,727517,0.138,True,rxnorm_approximate,1,True,False
DEXTROSE 50% ABBOJECT,DEXTROSE 50 ABBOJECT,,2004005,0.103,True,rxnorm_approximate,0,True,False
DEXTROSE 50% ADULT,DEXTROSE 50 ADULT,,2004005,0.103,True,rxnorm_approximate,0,True,False
Dextrose 50% in Water,Dextrose 50 in Water,,646848,0.134,True,rxnorm_approximate,0,True,False
DEXTROSE 50% INJ,DEXTROSE 50,,2004005,0.103,True,rxnorm_approximate,0,True,False
DEXTROSE 50% SYRINGE,DEXTROSE 50,,2004005,0.103,True,rxnorm_approximate,0,True,False
DEXTROSE 50% VIAL,DEXTROSE 50,,2004005,0.103,True,rxnorm_approximate,0,True,False
DEXTROSE 50%-WATER,DEXTROSE 50 -WATER,,646848,0.161,True,rxnorm_approximate,0,True,False
DEXTROSE-NACL 5-0.45 % IV SOLN,DEXTROSE-NACL 5-0 45,,1795251,0.155,True,rxnorm_approximate,0,False,False
DIABETA,DIABETA,,203295,0.093,True,rxnorm_approximate,0,False,False
DIALYVITE,DIALYVITE,,216574,0.135,True,rxnorm_approximate,0,False,False
DIAMOX SEQUELS,DIAMOX SEQUELS,,2047315,0.157,True,rxnorm_approximate,0,False,False
DIAZEPAM,DIAZEPAM,diazepam,3322,1.0,True,rxnorm_exact,1,True,True
DIAZEPAM 5 MG PO TABS,DIAZEPAM TABS,diazepam Oral Tablet,371786,1.0,True,rxnorm_exact,1,True,True
DICLOFENAC EPOLAMINE,DICLOFENAC EPOLAMINE,diclofenac epolamine,40968,1.0,True,rxnorm_exact,1,True,False
DICLOFENAC POTASSIUM,DICLOFENAC POTASSIUM,diclofenac potassium,81997,1.0,True,rxnorm_exact,1,True,False
DICLOFENAC SODIUM,DICLOFENAC SODIUM,diclofenac sodium,203214,1.0,True,rxnorm_exact,1,True,False
DICYCLOMINE HCL,DICYCLOMINE HCL,dicyclomine hydrochloride,152021,1.0,True,rxnorm_exact,1,True,False
DIFLUCAN,DIFLUCAN,Diflucan,202813,1.0,True,rxnorm_exact,1,False,False
DIGOXIN,DIGOXIN,digoxin,3407,1.0,True,rxnorm_exact,1,True,False
DIGOXIN 0.25 MG/1 ML 2 ML INJ,DIGOXIN /,digoxin,3407,1.0,True,rxnorm_exact,1,True,False
DIGOXIN 125 MCG PO TABS,DIGOXIN TABS,digoxin Oral Tablet,371834,1.0,True,rxnorm_exact,1,True,False
DILANTIN,DILANTIN,Dilantin,202740,1.0,True,rxnorm_exact,1,False,False
Dilaudid,Dilaudid,Dilaudid,224913,1.0,True,rxnorm_exact,1,False,False
DILAUDID 1MG/ML,DILAUDID /ML,Dilaudid,224913,0.13,True,rxnorm_approximate,1,False,False
Dilaudid PCA (mg/hr),Dilaudid PCA mg/hr,Dilaudid,224913,0.13,True,rxnorm_approximate,1,False,False
Dilaudid PCA -Infusion,Dilaudid PCA -,Dilaudid,224913,0.13,True,rxnorm_approximate,1,False,False
Dilaudid PCA -Infusion (ml/hr),Dilaudid PCA - ml/hr,Dilaudid,224913,0.13,True,rxnorm_approximate,1,False,False
DILTIA XT,DILTIA XT,,216616,0.14,True,rxnorm_approximate,0,False,False
DILTIAZEM,DILTIAZEM,diltiazem hydrochloride,203211,1.0,True,rxnorm_exact,1,True,False
Diltiazem (),Diltiazem,diltiazem hydrochloride,203211,1.0,True,rxnorm_exact,1,True,False
Diltiazem (Cardizem) 125 mg Sodium Chloride 0.9% 125 ml (mg/hr),Diltiazem Cardizem Sodium Chloride 0 9 mg/hr,,762949,0.128,True,rxnorm_approximate,0,True,False
Diltiazem (mg/hr),Diltiazem mg/hr,diltiazem,3443,0.111,True,rxnorm_approximate,1,True,False
Diltiazem (ml/hr),Diltiazem ml/hr,diltiazem,3443,0.111,True,rxnorm_approximate,1,True,False
DILTIAZEM 12HR ER,DILTIAZEM 12HR,12 HR diltiazem hydrochloride 120 MG Extended Release Oral Capsule,830872,0.112,True,rxnorm_approximate,1,True,False
DILTIAZEM 24HR CD,DILTIAZEM 24HR CD,,647658,0.143,True,rxnorm_approximate,0,True,False
DILTIAZEM 24HR ER,DILTIAZEM 24HR,diltiazem,3443,0.111,True,rxnorm_approximate,1,True,False
DILTIAZEM HCL,DILTIAZEM HCL,diltiazem hydrochloride,203211,1.0,True,rxnorm_exact,1,True,False
DILTIAZEM HCL 30 MG PO TABS,DILTIAZEM HCL TABS,diltiazem hydrochloride Oral Tablet,2648147,1.0,True,rxnorm_exact,1,True,False
DIOVAN,DIOVAN,Diovan,216652,1.0,True,rxnorm_exact,1,False,False
DIOVAN HCT,DIOVAN HCT,Diovan HCT,216653,1.0,True,rxnorm_exact,2,False,False
diphenhydrAMINE,diphenhydrAMINE,diphenhydramine hydrochloride,1362,1.0,True,rxnorm_exact,1,True,False
diphenhydrAMINE 25 MG CAP,diphenhydrAMINE CAP,diphenhydramine hydrochloride Oral Capsule,2647158,1.0,True,rxnorm_exact,1,True,False
diphenhydrAMINE 50 MG/1 ML 1 ML INJ,diphenhydrAMINE /,diphenhydramine hydrochloride,1362,1.0,True,rxnorm_exact,1,True,False
DIPHENHYDRAMINE HCL,DIPHENHYDRAMINE HCL,diphenhydramine hydrochloride,1362,1.0,True,rxnorm_exact,1,True,False
DIPHENHYDRAMINE HCL 25 MG PO CAPS,DIPHENHYDRAMINE HCL CAPS,diphenhydramine hydrochloride,1362,0.113,True,rxnorm_approximate,1,True,False
DIPHENHYDRAMINE HCL 50 MG/ML IJ SOLN,DIPHENHYDRAMINE HCL /ML IJ,diphenhydramine hydrochloride,1362,0.113,True,rxnorm_approximate,1,True,False
DIPHENHYDRAMINE HCL 50 MG/ML INJ SOLN,DIPHENHYDRAMINE HCL /ML,diphenhydramine hydrochloride,1362,0.113,True,rxnorm_approximate,1,True,False
DIPHENOXYLATE HCL/ATROPINE SULFATE,DIPHENOXYLATE HCL/ATROPINE SULFATE,atropine / diphenoxylate,594040,1.0,True,rxnorm_exact,2,True,False
DIPRIVAN,DIPRIVAN,Diprivan,196459,1.0,True,rxnorm_exact,1,False,False
DIPYRIDAMOLE,DIPYRIDAMOLE,dipyridamole,3521,1.0,True,rxnorm_exact,1,True,False
DITROPAN XL,DITROPAN XL,,216671,0.18,True,rxnorm_approximate,0,False,False
DIVALPROEX SODIUM,DIVALPROEX SODIUM,divalproex sodium,266856,1.0,True,rxnorm_exact,1,True,True
Dobutamine (),Dobutamine,dobutamine hydrochloride,203121,1.0,True,rxnorm_exact,1,True,False
Dobutamine (mcg/kg/min),Dobutamine mcg/kg/min,dobutamine,3616,0.131,True,rxnorm_approximate,1,True,False
Dobutamine (ml/hr),Dobutamine ml/hr,dobutamine,3616,0.131,True,rxnorm_approximate,1,True,False
DOBUTamine STD 500 mg Dextrose 5% 250 ml  Premix (mcg/kg/min),DOBUTamine STD Dextrose 5 mcg/kg/min,,731410,0.13,True,rxnorm_approximate,0,True,False
docusate,docusate,docusate,82003,1.0,True,rxnorm_exact,1,True,False
DOCUSATE CALCIUM,DOCUSATE CALCIUM,docusate calcium,82001,1.0,True,rxnorm_exact,1,True,False
docusate sodium,docusate sodium,docusate sodium,71722,1.0,True,rxnorm_exact,1,True,False
docusate sodium (COLACE) cap 100 mg,docusate sodium COLACE cap,docusate sodium Oral Capsule [Colace],2657462,0.178,True,rxnorm_approximate,1,True,False
docusate sodium (COLACE) capsule 100 mg,docusate sodium COLACE,docusate sodium Oral Capsule [Colace],2657462,0.163,True,rxnorm_approximate,1,True,False
docusate sodium (COLACE) oral liquid 100 mg,docusate sodium COLACE liquid,docusate sodium Oral Capsule [Colace],2657462,0.163,True,rxnorm_approximate,1,True,False
DOCUSATE SODIUM 100 MG CAP,DOCUSATE SODIUM CAP,docusate sodium Oral Capsule,2646968,1.0,True,rxnorm_exact,1,True,False
DOCUSATE SODIUM 100 MG CAPSULE,DOCUSATE SODIUM,docusate sodium,71722,1.0,True,rxnorm_exact,1,True,False
DOCUSATE SODIUM 100 MG PO CAPS,DOCUSATE SODIUM CAPS,docusate sodium,71722,0.127,True,rxnorm_approximate,1,True,False
DOCUSATE SODIUM 250 MG ORAL CAP,DOCUSATE SODIUM CAP,docusate sodium Oral Capsule,2646968,1.0,True,rxnorm_exact,1,True,False
DOCUSATE SODIUM 50 MG/5ML PO LIQD,DOCUSATE SODIUM / LIQD,docusate sodium,71722,0.127,True,rxnorm_approximate,1,True,False
DONEPEZIL HCL,DONEPEZIL HCL,donepezil,135447,1.0,True,rxnorm_exact,1,True,False
DOPamine,DOPamine,dopamine,3628,1.0,True,rxnorm_exact,1,True,False
Dopamine (),Dopamine,dopamine,3628,1.0,True,rxnorm_exact,1,True,False
Dopamine (mcg/kg/min),Dopamine mcg/kg/min,dopamine,3628,0.127,True,rxnorm_approximate,1,True,False
Dopamine (ml/hr),Dopamine ml/hr,dopamine,3628,0.127,True,rxnorm_approximate,1,True,False
DOPAMINE HCL,DOPAMINE HCL,dopamine,3628,1.0,True,rxnorm_exact,1,True,False
DOPamine STD 400 mg Dextrose 5% 250 ml  Premix (mcg/kg/min),DOPamine STD Dextrose 5 mcg/kg/min,,352586,0.138,True,rxnorm_approximate,0,True,False
DOXAZOSIN MESYLATE,DOXAZOSIN MESYLATE,doxazosin mesylate,39173,1.0,True,rxnorm_exact,1,True,False
DOXEPIN HCL,DOXEPIN HCL,doxepin hydrochloride,203179,1.0,True,rxnorm_exact,1,True,False
DOXYCYCLINE CALCIUM,DOXYCYCLINE CALCIUM,doxycycline calcium,82012,1.0,True,rxnorm_exact,1,True,False
DRAMAMINE,DRAMAMINE,Dramamine,151666,1.0,True,rxnorm_exact,1,False,False
DULCOLAX,DULCOLAX,Dulcolax,151672,1.0,True,rxnorm_exact,1,False,False
Dulcolax Laxative,Dulcolax Laxative,,605166,0.168,True,rxnorm_approximate,0,False,False
DULERA,DULERA,Dulera,1372704,1.0,True,rxnorm_exact,2,False,False
DULOXETINE HCL,DULOXETINE HCL,duloxetine hydrochloride,476250,1.0,True,rxnorm_exact,1,True,True
DUONEB,DUONEB,,285059,0.101,True,rxnorm_approximate,0,False,False
DUONEB 3 MG-0.5 MG/3 ML UD INH SOLN,DUONEB - / UD INH,,1166997,0.104,True,rxnorm_approximate,0,False,False
DURAGESIC,DURAGESIC,,151678,0.088,True,rxnorm_approximate,0,False,False
DUTASTERIDE,DUTASTERIDE,dutasteride,228790,1.0,True,rxnorm_exact,1,True,False
DYAZIDE,DYAZIDE,Dyazide,23742,1.0,True,rxnorm_exact,2,False,False
ECHINACEA,ECHINACEA,Echinacea preparation,228041,1.0,True,rxnorm_exact,1,True,False
ECOTRIN,ECOTRIN,Ecotrin,202554,1.0,True,rxnorm_exact,1,False,False
ECOTRIN EC,ECOTRIN EC,aspirin 325 MG Delayed Release Oral Tablet [Ecotrin],212086,0.15,True,rxnorm_approximate,1,True,False
EFFEXOR XR,EFFEXOR,Effexor,151692,1.0,True,rxnorm_exact,1,False,False
EFFIENT,EFFIENT,Effient,855813,1.0,True,rxnorm_exact,1,False,False
ELAPRASE,ELAPRASE,Elaprase,647115,1.0,True,rxnorm_exact,1,False,False
ELIQUIS,ELIQUIS,Eliquis,1364436,1.0,True,rxnorm_exact,1,False,False
ENALAPRIL MALEATE,ENALAPRIL MALEATE,enalapril maleate,203123,1.0,True,rxnorm_exact,1,True,True
ENBREL,ENBREL,Enbrel,216891,1.0,True,rxnorm_exact,1,False,False
enoxaparin,enoxaparin,enoxaparin,67108,1.0,True,rxnorm_exact,1,True,True
enoxaparin (LOVENOX) inj 40 mg,enoxaparin LOVENOX,enoxaparin Injectable Solution [Lovenox],362788,0.166,True,rxnorm_approximate,1,True,True
ENOXAPARIN 30 MG/0.3 ML SYR,ENOXAPARIN / SYR,enoxaparin Prefilled Syringe,727722,0.144,True,rxnorm_approximate,1,True,True
ENOXAPARIN 40 MG/0.4 ML SUB-Q SYRINGE .4 ML SYRINGE,ENOXAPARIN / SUB-Q,,242369,0.209,True,rxnorm_approximate,0,True,True
ENOXAPARIN 40 MG/0.4 ML SYR,ENOXAPARIN / SYR,enoxaparin Prefilled Syringe,727722,0.144,True,rxnorm_approximate,1,True,True
ENOXAPARIN INJ,ENOXAPARIN,enoxaparin,67108,1.0,True,rxnorm_exact,1,True,True
ENOXAPARIN SODIUM 30 MG/0.3ML SC SOLN,ENOXAPARIN SODIUM / SC,enoxaparin sodium,221095,0.142,True,rxnorm_approximate,1,True,True
ENOXAPARIN SODIUM 40 MG/0.4ML SC SOLN,ENOXAPARIN SODIUM / SC,enoxaparin sodium,221095,0.142,True,rxnorm_approximate,1,True,True
ENSURE,ENSURE,,70028,0.077,True,rxnorm_approximate,0,False,False
ENTOCORT EC,ENTOCORT EC,,352628,0.195,True,rxnorm_approximate,0,False,False
ENULOSE,ENULOSE,Enulose,216928,1.0,True,rxnorm_exact,1,False,False
ePHEDrine,ePHEDrine,ephedrine tannate,221096,1.0,True,rxnorm_exact,1,True,False
EPHEDRINE SULFATE,EPHEDRINE SULFATE,ephedrine tannate,221096,1.0,True,rxnorm_exact,1,True,False
Epidural (ml/hr),Epidural ml/hr,epidermal growth factor,1427158,0.076,True,rxnorm_approximate,1,True,False
EPINEPHrine,EPINEPHrine,epinephrine sulfate,1249590,1.0,True,rxnorm_exact,1,True,False
Epinephrine (),Epinephrine,epinephrine sulfate,1249590,1.0,True,rxnorm_exact,1,True,False
Epinephrine (mcg/kg/min),Epinephrine mcg/kg/min,epinephrine,3992,0.111,True,rxnorm_approximate,1,True,False
Epinephrine (mcg/min),Epinephrine mcg/min,epinephrine,3992,0.111,True,rxnorm_approximate,1,True,False
Epinephrine (mg/kg/min),Epinephrine mg/kg/min,epinephrine,3992,0.111,True,rxnorm_approximate,1,True,False
Epinephrine (ml/hr),Epinephrine ml/hr,epinephrine,3992,0.111,True,rxnorm_approximate,1,True,False
EPINEPHrine 8 MG in 250 mL NS,EPINEPHrine in NS,,1866877,0.161,True,rxnorm_approximate,0,True,False
EPINEPHrine(Adrenalin)STD 4 mg Sodium Chloride 0.9% 250 ml (mcg/min),EPINEPHrine Adrenalin STD Sodium Chloride 0 9 mcg/min,250 ML epinephrine 0.016 MG/ML Injection [Adrenalin],2695032,0.152,True,rxnorm_approximate,1,True,False
EPOETIN ALFA,EPOETIN ALFA,epoetin alfa,105694,1.0,True,rxnorm_exact,1,True,True
EPOGEN,EPOGEN,Epogen,203281,1.0,True,rxnorm_exact,1,False,False
Eptifibatide (),Eptifibatide,eptifibatide,75635,1.0,True,rxnorm_exact,1,True,False
Eptifibatide (mcg/kg/min),Eptifibatide mcg/kg/min,eptifibatide,75635,0.136,True,rxnorm_approximate,1,True,False
Eptifibatide (ml/hr),Eptifibatide ml/hr,eptifibatide,75635,0.136,True,rxnorm_approximate,1,True,False
ERGOCALCIFEROL,ERGOCALCIFEROL,ergocalciferol,4018,1.0,True,rxnorm_exact,1,True,False
ESCITALOPRAM OXALATE,ESCITALOPRAM OXALATE,escitalopram oxalate,353108,1.0,True,rxnorm_exact,1,True,True
Esmolol (mcg/kg/min),Esmolol mcg/kg/min,esmolol,49737,0.132,True,rxnorm_approximate,1,True,False
Esmolol (ml/hr),Esmolol ml/hr,esmolol,49737,0.132,True,rxnorm_approximate,1,True,False
Esomeprazole (mg/hr),Esomeprazole mg/hr,esomeprazole,283742,0.123,True,rxnorm_approximate,1,True,False
Esomeprazole (mg/min),Esomeprazole mg/min,esomeprazole,283742,0.123,True,rxnorm_approximate,1,True,False
ESOMEPRAZOLE INJ,ESOMEPRAZOLE,esomeprazole,283742,1.0,True,rxnorm_exact,1,True,False
ESOMEPRAZOLE MAGNESIUM,ESOMEPRAZOLE MAGNESIUM,esomeprazole magnesium,283562,1.0,True,rxnorm_exact,1,True,False
ESSENTIAL MAN,ESSENTIAL MAN,,408069,0.07,True,rxnorm_approximate,0,True,False
ESTRACE,ESTRACE,Estrace,202619,1.0,True,rxnorm_exact,1,False,False
ESTRADIOL,ESTRADIOL,estradiol valerate,24395,1.0,True,rxnorm_exact,1,True,True
ESZOPICLONE,ESZOPICLONE,eszopiclone,461016,1.0,True,rxnorm_exact,1,True,True
ETHAMBUTOL HCL,ETHAMBUTOL HCL,ethambutol hydrochloride,142435,1.0,True,rxnorm_exact,1,True,False
ETODOLAC,ETODOLAC,etodolac,24605,1.0,True,rxnorm_exact,1,True,True
ETOMIDATE,ETOMIDATE,etomidate,4177,1.0,True,rxnorm_exact,1,True,False
EVISTA,EVISTA,Evista,217010,1.0,True,rxnorm_exact,1,False,False
EXCEDRIN EXTRA STRENGTH,EXCEDRIN EXTRA STRENGTH,,193930,0.18,True,rxnorm_approximate,0,False,False
EXFORGE,EXFORGE,Exforge,722127,1.0,True,rxnorm_exact,2,False,False
EZETIMIBE,EZETIMIBE,ezetimibe,341248,1.0,True,rxnorm_exact,1,True,False
famotidine,famotidine,famotidine,4278,1.0,True,rxnorm_exact,1,True,False
famotidine (PEPCID) (2 mg/mL) inj dilution 20 mg,famotidine PEPCID /mL dilution,,362696,0.16,True,rxnorm_approximate,0,True,False
famotidine (PEPCID) tab 20 mg,famotidine PEPCID tab,famotidine Oral Tablet [Pepcid],93732,0.168,True,rxnorm_approximate,1,True,False
famotidine (PEPCID) tablet 20 mg,famotidine PEPCID,famotidine Oral Tablet [Pepcid],93732,0.159,True,rxnorm_approximate,1,True,False
FAMOTIDINE (PF),FAMOTIDINE PF,famotidine,4278,0.117,True,rxnorm_approximate,1,True,False
FAMOTIDINE (PF) 20 MG/2 ML IV SOLN,FAMOTIDINE PF /,famotidine,4278,0.117,True,rxnorm_approximate,1,True,False
famotidine 20 mg po tabs,famotidine tabs,famotidine Oral Tablet,372140,1.0,True,rxnorm_exact,1,True,False
FAMOTIDINE 20 MG TAB,FAMOTIDINE TAB,famotidine Oral Tablet,372140,1.0,True,rxnorm_exact,1,True,False
FAMOTIDINE 20 MG TABLET,FAMOTIDINE,famotidine,4278,1.0,True,rxnorm_exact,1,True,False
FAMOTIDINE 20 MG/2 ML SDV INJ,FAMOTIDINE / SDV,famotidine,4278,0.117,True,rxnorm_approximate,1,True,False
FAT EMULSION 20 % IV EMUL,FAT EMULSION 20 EMUL,soybean oil 200 MG/ML Injectable Suspension,200317,0.15,True,rxnorm_approximate,1,True,False
FELODIPINE,FELODIPINE,felodipine,4316,1.0,True,rxnorm_exact,1,True,False
FEMARA,FEMARA,Femara,203769,1.0,True,rxnorm_exact,1,False,False
FENOFIBRATE,FENOFIBRATE,fenofibrate,8703,1.0,True,rxnorm_exact,1,True,False
fentaNYL,fentaNYL,fentanyl citrate,142436,1.0,True,rxnorm_exact,1,True,True
Fentanyl (),Fentanyl,fentanyl citrate,142436,1.0,True,rxnorm_exact,1,True,True
Fentanyl (mcg/hr),Fentanyl mcg/hr,fentanyl,4337,0.114,True,rxnorm_approximate,1,True,True
Fentanyl (mcg/kg/hr),Fentanyl mcg/kg/hr,fentanyl,4337,0.114,True,rxnorm_approximate,1,True,True
Fentanyl (mcg/kg/min),Fentanyl mcg/kg/min,fentanyl,4337,0.114,True,rxnorm_approximate,1,True,True
Fentanyl (ml/hr),Fentanyl ml/hr,fentanyl,4337,0.114,True,rxnorm_approximate,1,True,True
fentaNYL (PF) 50 MCG/1 ML 2 ML INJ,fentaNYL PF /,fentanyl,4337,0.114,True,rxnorm_approximate,1,True,True
FentaNYL (Sublimaze) 2500 mcg Sodium Chloride 0.9% 250 ml  Premix (mcg/hr),FentaNYL Sublimaze Sodium Chloride 0 9 mcg/hr,,1735056,0.151,True,rxnorm_approximate,0,True,True
Fentanyl (Unknown),Fentanyl Unknown,fentanyl,4337,0.114,True,rxnorm_approximate,1,True,True
fentaNYL 1000 MCG IN 100 ML NS,fentaNYL IN NS,,1866877,0.161,True,rxnorm_approximate,0,True,False
fentaNYL 2000 mcg in D5W 100 mL INFUSION Final Conc = 20 mcg/mL,fentaNYL in D5W Final Conc /mL,fentanyl,4337,0.094,True,rxnorm_approximate,1,True,True
FENTANYL 2000 MCG/100 ML NS,FENTANYL / NS,,1866877,0.161,True,rxnorm_approximate,0,True,False
FENTANYL 25 MCG/ML IV SOLN,FENTANYL /ML,fentanyl,4337,0.114,True,rxnorm_approximate,1,True,True
FENTANYL CITRATE,FENTANYL CITRATE,fentanyl citrate,142436,1.0,True,rxnorm_exact,1,True,True
fentaNYL citrate (PF),fentaNYL citrate PF,fentanyl citrate,142436,0.144,True,rxnorm_approximate,1,True,True
FENTANYL CITRATE (PF) 50 MCG/ML INJ SOLN,FENTANYL CITRATE PF /ML,fentanyl citrate,142436,0.144,True,rxnorm_approximate,1,True,True
FENTANYL CITRATE 0.05 MG/ML IJ SOLN,FENTANYL CITRATE /ML IJ,fentanyl citrate,142436,0.144,True,rxnorm_approximate,1,True,True
FENTANYL CITRATE 0.05 MG/ML INJ SOLN (RANGE) PRN,FENTANYL CITRATE /ML RANGE PRN,fentanyl citrate,142436,0.144,True,rxnorm_approximate,1,True,True
fentaNYL CITRATE INJ,fentaNYL CITRATE,fentanyl citrate,142436,1.0,True,rxnorm_exact,1,True,True
fentaNYL inj 25 mcg,fentaNYL,fentanyl citrate,142436,1.0,True,rxnorm_exact,1,True,True
fentaNYL inj 50 mcg,fentaNYL,fentanyl citrate,142436,1.0,True,rxnorm_exact,1,True,True
FENTANYL STANDARD INFUSION 10 MCG/ML PREMIX,FENTANYL STANDARD /ML,Azo Urinary Pain Relief,215502,0.116,True,rxnorm_approximate,1,False,False
Fentanyl/Bupivicaine PCEA (ml/hr),Fentanyl/Bupivicaine PCEA ml/hr,,404781,0.127,True,rxnorm_approximate,0,False,False
FEOSOL,FEOSOL,Feosol,217091,1.0,True,rxnorm_exact,1,False,False
FERGON,FERGON,Fergon,217095,1.0,True,rxnorm_exact,1,False,False
FERROUS GLUCONATE,FERROUS GLUCONATE,ferrous gluconate,24942,1.0,True,rxnorm_exact,1,True,False
FERROUS SULFATE,FERROUS SULFATE,ferrous sulfate,24947,1.0,True,rxnorm_exact,1,True,False
FERROUS SULFATE 325 (65 FE) MG PO TABS,FERROUS SULFATE 325 65 FE MG TABS,ferrous sulfate 325 MG Oral Tablet,310325,0.162,True,rxnorm_approximate,1,True,False
FERROUS SULFATE 325 MG TAB,FERROUS SULFATE TAB,ferrous sulfate Oral Tablet,372184,1.0,True,rxnorm_exact,1,True,False
FEXOFENADINE HCL,FEXOFENADINE HCL,fexofenadine hydrochloride,236474,1.0,True,rxnorm_exact,1,True,False
FIBERCON,FIBERCON,FiberCon,217120,1.0,True,rxnorm_exact,1,False,False
FINASTERIDE,FINASTERIDE,finasteride,25025,1.0,True,rxnorm_exact,1,True,False
FISH OIL,FISH OIL,fish oils,4419,1.0,True,rxnorm_exact,1,True,False
FISH OIL + VITAMIN D-3,FISH OIL VITAMIN D-3,cholecalciferol,2418,0.173,True,rxnorm_approximate,1,True,True
FLAGYL,FLAGYL,Flagyl,202866,1.0,True,rxnorm_exact,1,False,False
FLECAINIDE ACETATE,FLECAINIDE ACETATE,flecainide acetate,42686,1.0,True,rxnorm_exact,1,True,True
FLEXERIL,FLEXERIL,,224954,0.098,True,rxnorm_approximate,0,False,False
FLOMAX,FLOMAX,Flomax,190283,1.0,True,rxnorm_exact,1,False,False
FLONASE,FLONASE,Flonase,83373,1.0,True,rxnorm_exact,1,False,False
FLORASTOR,FLORASTOR,Florastor,602742,1.0,True,rxnorm_exact,1,False,False
FLOVENT DISKUS,FLOVENT DISKUS,,723628,0.187,True,rxnorm_approximate,0,False,False
FLUCONAZOLE,FLUCONAZOLE,fluconazole,4450,1.0,True,rxnorm_exact,1,True,False
FLUDROCORTISONE ACETATE,FLUDROCORTISONE ACETATE,fludrocortisone acetate,165516,1.0,True,rxnorm_exact,1,True,False
flumazenil,flumazenil,flumazenil,4457,1.0,True,rxnorm_exact,1,True,False
FLUNISOLIDE,FLUNISOLIDE,flunisolide,25120,1.0,True,rxnorm_exact,1,True,False
FLUOXETINE,FLUOXETINE,fluoxetine hydrochloride,227224,1.0,True,rxnorm_exact,1,True,True
FLUTICASONE FUROATE,FLUTICASONE FUROATE,fluticasone,41126,1.0,True,rxnorm_exact,1,True,False
FLUTICASONE PROPIONATE,FLUTICASONE PROPIONATE,fluticasone,41126,1.0,True,rxnorm_exact,1,True,False
FLUTICASONE PROPIONATE/SALMETEROL XINAFOATE,FLUTICASONE PROPIONATE/SALMETEROL XINAFOATE,fluticasone propionate / salmeterol Inhalant Product,2660442,0.176,True,rxnorm_approximate,2,True,False
FLUTICASONE-SALMETEROL 250-50 MCG/DOSE IN AEPB,FLUTICASONE-SALMETEROL 250- /DOSE IN AEPB,fluticasone / salmeterol,284635,0.234,True,rxnorm_approximate,2,True,False
FOLBIC,FOLBIC,Folbic,607107,1.0,True,rxnorm_exact,3,False,False
folic acid,folic acid,folic acid,4511,1.0,True,rxnorm_exact,1,True,False
FOLIC ACID 1 MG PO TABS,FOLIC ACID TABS,folic acid Oral Tablet,619044,1.0,True,rxnorm_exact,1,True,False
FOLIC ACID 1 MG TAB,FOLIC ACID TAB,folic acid Oral Tablet,619044,1.0,True,rxnorm_exact,1,True,False
FOLIC ACID 5 MG/ML IJ SOLN,FOLIC ACID /ML IJ,folic acid,4511,0.122,True,rxnorm_approximate,1,True,False
FOLIC ACID 5 MG/ML INJECTION 10 ML VIAL,FOLIC ACID /ML,folic acid,4511,0.122,True,rxnorm_approximate,1,True,False
FORADIL,FORADIL,,152611,0.099,True,rxnorm_approximate,0,False,False
FORTEO,FORTEO,Forteo,352657,1.0,True,rxnorm_exact,1,False,False
FOSAMAX,FOSAMAX,Fosamax,114265,1.0,True,rxnorm_exact,1,False,False
furosemide,furosemide,furosemide,4603,1.0,True,rxnorm_exact,1,True,False
Furosemide (),Furosemide,furosemide,4603,1.0,True,rxnorm_exact,1,True,False
furosemide (LASIX) 10 mg/mL injection 40 mg,furosemide LASIX /mL,furosemide Cartridge [Lasix],2725545,0.172,True,rxnorm_approximate,1,True,False
furosemide (LASIX) inj 20 mg,furosemide LASIX,furosemide Cartridge [Lasix],2725545,0.172,True,rxnorm_approximate,1,True,False
furosemide (LASIX) inj 40 mg,furosemide LASIX,furosemide Cartridge [Lasix],2725545,0.172,True,rxnorm_approximate,1,True,False
furosemide (LASIX) injection 20 mg,furosemide LASIX,furosemide Cartridge [Lasix],2725545,0.172,True,rxnorm_approximate,1,True,False
furosemide (LASIX) injection 40 mg,furosemide LASIX,furosemide Cartridge [Lasix],2725545,0.172,True,rxnorm_approximate,1,True,False
furosemide (LASIX) tab 40 mg,furosemide LASIX tab,furosemide Oral Tablet [Lasix],368487,0.175,True,rxnorm_approximate,1,True,False
furosemide (LASIX) tablet 40 mg,furosemide LASIX,furosemide Cartridge [Lasix],2725545,0.172,True,rxnorm_approximate,1,True,False
Furosemide (mg/hr),Furosemide mg/hr,furosemide,4603,0.12,True,rxnorm_approximate,1,True,False
Furosemide (ml/hr),Furosemide ml/hr,furosemide,4603,0.12,True,rxnorm_approximate,1,True,False
FUROSEMIDE 10 MG/1 ML 2ML SDV INJ,FUROSEMIDE / SDV,furosemide,4603,0.12,True,rxnorm_approximate,1,True,False
FUROSEMIDE 10 MG/1 ML 4ML SDV INJ,FUROSEMIDE / SDV,furosemide,4603,0.12,True,rxnorm_approximate,1,True,False
FUROSEMIDE 10 MG/ML IJ SOLN,FUROSEMIDE /ML IJ,furosemide,4603,0.12,True,rxnorm_approximate,1,True,False
FUROSEMIDE 10 MG/ML INJ SOLN,FUROSEMIDE /ML,furosemide,4603,0.12,True,rxnorm_approximate,1,True,False
Furosemide 10mg/ml SSO,Furosemide /ml SSO,furosemide,4603,0.12,True,rxnorm_approximate,1,True,False
FUROSEMIDE 20 MG PO TABS,FUROSEMIDE TABS,furosemide Oral Tablet,372281,1.0,True,rxnorm_exact,1,True,False
FUROSEMIDE 20 MG TAB,FUROSEMIDE TAB,furosemide Oral Tablet,372281,1.0,True,rxnorm_exact,1,True,False
FUROSEMIDE 20 MG/2ML INJ SOLN,FUROSEMIDE /,furosemide,4603,1.0,True,rxnorm_exact,1,True,False
FUROSEMIDE 40 MG PO TABS,FUROSEMIDE TABS,furosemide Oral Tablet,372281,1.0,True,rxnorm_exact,1,True,False
FUROSEMIDE 40 MG TAB,FUROSEMIDE TAB,furosemide Oral Tablet,372281,1.0,True,rxnorm_exact,1,True,False
FUROSEMIDE 40 MG/4ML INJ SOLN,FUROSEMIDE /,furosemide,4603,1.0,True,rxnorm_exact,1,True,False
FUROSEMIDE 80 MG PO TABS,FUROSEMIDE TABS,furosemide Oral Tablet,372281,1.0,True,rxnorm_exact,1,True,False
FUROSEMIDE INJ,FUROSEMIDE,furosemide,4603,1.0,True,rxnorm_exact,1,True,False
gabapentin,gabapentin,gabapentin,25480,1.0,True,rxnorm_exact,1,True,False
GABAPENTIN 100 MG PO CAPS,GABAPENTIN CAPS,gabapentin,25480,0.117,True,rxnorm_approximate,1,True,False
GABAPENTIN 300 MG CAP,GABAPENTIN CAP,gabapentin Oral Capsule,378100,1.0,True,rxnorm_exact,1,True,False
GABAPENTIN 300 MG PO CAPS,GABAPENTIN CAPS,gabapentin,25480,0.117,True,rxnorm_approximate,1,True,False
GEMFIBROZIL,GEMFIBROZIL,gemfibrozil,4719,1.0,True,rxnorm_exact,1,True,False
GLIMEPIRIDE,GLIMEPIRIDE,glimepiride,25789,1.0,True,rxnorm_exact,1,True,False
GLIPIZIDE,GLIPIZIDE,glipizide,4821,1.0,True,rxnorm_exact,1,True,False
GLUCAGEN,GLUCAGEN,GlucaGen,151823,1.0,True,rxnorm_exact,1,False,False
glucagon,glucagon,glucagon hydrochloride,253170,1.0,True,rxnorm_exact,1,True,False
GLUCAGON (HUMAN RECOMBINANT),GLUCAGON HUMAN RECOMBINANT,,237152,0.185,True,rxnorm_approximate,0,True,False
GLUCAGON (HUMAN RECOMBINANT) 1 MG INJ RECON SOLN,GLUCAGON HUMAN RECOMBINANT RECON,,237152,0.185,True,rxnorm_approximate,0,True,False
GLUCAGON (HUMAN RECOMBINANT) 1 MG/ML SOLUTION FOR INJECTION,GLUCAGON HUMAN RECOMBINANT /ML FOR,,237152,0.185,True,rxnorm_approximate,0,True,False
GLUCAGON 1 MG (1 UNIT) INJ,GLUCAGON,glucagon hydrochloride,253170,1.0,True,rxnorm_exact,1,True,False
glucagon hcl (rdna) 1 mg ij solr,glucagon hcl rdna ij solr,glucagon (rDNA),261716,0.183,True,rxnorm_approximate,1,True,False
GLUCAGON HCL (RDNA) 1 MG INJ SOLR,GLUCAGON HCL RDNA SOLR,glucagon (rDNA),261716,0.183,True,rxnorm_approximate,1,True,False
GLUCAGON INJ,GLUCAGON,glucagon hydrochloride,253170,1.0,True,rxnorm_exact,1,True,False
GLUCOPHAGE,GLUCOPHAGE,Glucophage,151827,1.0,True,rxnorm_exact,1,False,False
GLUCOSAMINE,GLUCOSAMINE,glucosamine hydrochloride,236608,1.0,True,rxnorm_exact,1,True,True
GLUCOSAMINE & CHONDROITIN,GLUCOSAMINE CHONDROITIN,,605203,0.157,True,rxnorm_approximate,0,True,True
GLUCOSE,GLUCOSE,dextrose monohydrate,1299920,1.0,True,rxnorm_exact,1,True,False
GLUCOSE 15 GRAM/60 ML BQ LIQ,GLUCOSE 15 GRAM/ BQ LIQ,glucose 15000 MG Chewable Tablet,2473284,0.121,True,rxnorm_approximate,1,True,False
GLUCOSE 40%,GLUCOSE 40,glucose 0.4 MG/MG Oral Gel,198683,0.106,True,rxnorm_approximate,1,True,False
GLUCOSE 40% 15 GRAM BQ GEL,GLUCOSE 40 15 GRAM BQ GEL,glucose 0.45 MG/MG Oral Gel,1608477,0.13,True,rxnorm_approximate,1,True,False
GLUCOSE 40% GEL,GLUCOSE 40 GEL,glucose 0.4 MG/MG Oral Gel,198683,0.126,True,rxnorm_approximate,1,True,False
Glucose Gel,Glucose Gel,,242920,0.132,True,rxnorm_approximate,0,True,False
GLUCOSE-VITAMIN C 4-0.006 G PO CHEW,GLUCOSE-VITAMIN C 4- CHEW,,248273,0.133,True,rxnorm_approximate,0,False,False
GLUCOTROL,GLUCOTROL,Glucotrol,203680,1.0,True,rxnorm_exact,1,False,False
GLUCOTROL XL,GLUCOTROL XL,,217360,0.182,True,rxnorm_approximate,0,False,False
GLUCOVANCE,GLUCOVANCE,,284743,0.093,True,rxnorm_approximate,0,False,False
GLUTOSE 15,GLUTOSE 15,,1048342,0.142,True,rxnorm_approximate,0,False,False
GLYBURIDE,GLYBURIDE,glyburide,4815,1.0,True,rxnorm_exact,1,True,False
GLYBURIDE-METFORMIN HCL,GLYBURIDE-METFORMIN HCL,glyburide / metformin,285129,1.0,True,rxnorm_exact,2,True,False
GLYCOLAX,GLYCOLAX,,1870377,0.107,True,rxnorm_approximate,0,False,False
glycopyrrolate,glycopyrrolate,glycopyrrolate,4955,1.0,True,rxnorm_exact,1,True,False
GUAIFENESIN,GUAIFENESIN,guaifenesin,5032,1.0,True,rxnorm_exact,1,False,False
GUAIFENESIN ER 600 MG PO TB12,GUAIFENESIN TB12,guaifenesin 400 MG Oral Tablet,359601,0.081,True,rxnorm_approximate,1,False,False
GUAIFENESIN-CODEINE,GUAIFENESIN-CODEINE,codeine / guaifenesin,214442,1.0,True,rxnorm_exact,2,False,False
HALCION,HALCION,Halcion,227423,1.0,True,rxnorm_exact,1,False,False
Haldol,Haldol,Haldol,151839,1.0,True,rxnorm_exact,1,False,False
HALOPERIDOL,HALOPERIDOL,haloperidol lactate,217483,1.0,True,rxnorm_exact,1,True,True
HALOPERIDOL 5 MG/1 ML 1 ML INJ,HALOPERIDOL /,haloperidol lactate,217483,1.0,True,rxnorm_exact,1,True,True
haloperidol lactate,haloperidol lactate,haloperidol lactate,217483,1.0,True,rxnorm_exact,1,True,True
HALOPERIDOL LACTATE INJ,HALOPERIDOL LACTATE,haloperidol lactate,217483,1.0,True,rxnorm_exact,1,True,True
hco3 (ml/hr),hco3 ml/hr,,,0.0,False,rxnorm_approximate,0,False,False
heparin,heparin,"heparin, porcine",235473,1.0,True,rxnorm_exact,1,True,False
HEPARIN  FLUSH 10 UNIT/ML,HEPARIN FLUSH /ML,,217519,0.155,True,rxnorm_approximate,0,True,False
Heparin (),Heparin,"heparin, porcine",235473,1.0,True,rxnorm_exact,1,True,False
Heparin (ml/hr),Heparin ml/hr,heparin,5224,0.117,True,rxnorm_approximate,1,False,False
heparin (porcine),heparin porcine,"heparin, porcine",235473,1.0,True,rxnorm_exact,1,True,False
HEPARIN (PORCINE)  1000 UNIT/ML INJ SOLN,HEPARIN PORCINE /ML,"heparin, porcine",235473,0.157,True,rxnorm_approximate,1,True,False
"HEPARIN (PORCINE) 1,000 UNIT/ML INJECTION : 10 ML VIAL",HEPARIN PORCINE 1 /ML,"heparin, porcine",235473,0.137,True,rxnorm_approximate,1,True,False
"HEPARIN (PORCINE) 5,000 UNIT/ML INJECTION : 1 ML VIAL",HEPARIN PORCINE 5 /ML,"heparin, porcine",235473,0.137,True,rxnorm_approximate,1,True,False
Heparin (Porcine) in 1/2 NS,Heparin Porcine in 1/2 NS,"heparin sodium, porcine 2 UNT/ML Injectable Solution",1362935,0.159,True,rxnorm_approximate,1,False,False
HEPARIN (PORCINE) IN NACL 100-0.45 UNIT/ML-% IJ SOLN,HEPARIN PORCINE IN NACL 100- /ML- IJ,"heparin sodium, porcine 100 UNT/ML",1361047,0.154,True,rxnorm_approximate,1,False,False
"heparin (porcine) injection 5,000 Units",heparin porcine 5,"heparin, porcine",235473,0.137,True,rxnorm_approximate,1,True,False
Heparin (units/hr),Heparin units/hr,heparin,5224,0.117,True,rxnorm_approximate,1,False,False
Heparin (units/kg/hr),Heparin units/kg/hr,heparin,5224,0.117,True,rxnorm_approximate,1,False,False
Heparin (Unknown),Heparin Unknown,heparin,5224,0.117,True,rxnorm_approximate,1,False,False
"HEPARIN 1,000 UNIT/ML",HEPARIN 1 /ML,,1659440,0.1,True,rxnorm_approximate,0,False,False
"HEPARIN 25,000 unit(s) in D5W 25",HEPARIN 25 s in D5W 25,"heparin sodium, porcine 100 UNT/ML Injectable Solution",1361048,0.146,True,rxnorm_approximate,1,False,False
"HEPARIN 25,000 UNIT/500 ML D5W",HEPARIN 25 / D5W,"heparin sodium, porcine 100 UNT/ML Injectable Solution",1361048,0.138,True,rxnorm_approximate,1,False,False
Heparin 25000 Units Dextrose 5% 500 ml  Premix (units/kg/hr),Heparin Dextrose 5 units/kg/hr,,690500,0.129,True,rxnorm_approximate,0,False,False
"HEPARIN 5,000 UNIT/ML",HEPARIN 5 /ML,heparin,5224,0.097,True,rxnorm_approximate,1,False,False
HEPARIN 5000 UNIT/ML 1ML INJ,HEPARIN /ML,heparin,5224,0.117,True,rxnorm_approximate,1,False,False
HEPARIN FLUSH,HEPARIN FLUSH,,217519,0.154,True,rxnorm_approximate,0,True,False
"hEParin inj 5,000 Units",hEParin 5,heparin,5224,0.097,True,rxnorm_approximate,1,False,False
HEPARIN SOD (PORCINE),HEPARIN SOD PORCINE,"heparin, porcine",235473,0.157,True,rxnorm_approximate,1,True,False
HEPARIN SODIUM,HEPARIN SODIUM,"heparin sodium, porcine",314659,1.0,True,rxnorm_exact,1,True,False
HEPARIN SODIUM (PORCINE) 5000 UNIT/ML IJ SOLN,HEPARIN SODIUM PORCINE /ML IJ,"heparin sodium, porcine",314659,0.17,True,rxnorm_approximate,1,True,False
HEPARIN SODIUM (PORCINE) PF 5000 UNIT/0.5ML INJ SOLN,HEPARIN SODIUM PORCINE PF /,"heparin sodium, porcine",314659,0.17,True,rxnorm_approximate,1,True,False
HEPARIN SODIUM LOCK FLUSH 10 UNIT/ML IV SOLN,HEPARIN SODIUM LOCK FLUSH /ML,,217519,0.212,True,rxnorm_approximate,0,True,False
hePARIN subcutaneous,hePARIN subcutaneous,heparin,5224,0.117,True,rxnorm_approximate,1,False,False
"HEPARIN, PORCINE (PF) 10 UNIT/ML IV SYRINGE : 5 ML",HEPARIN PORCINE PF /ML,"heparin, porcine",235473,0.157,True,rxnorm_approximate,1,True,False
"HEPARIN, PORCINE (PF) 5000 UNIT/0.5 ML INJ SYRINGE",HEPARIN PORCINE PF /,"heparin, porcine",235473,0.157,True,rxnorm_approximate,1,True,False
HEPARIN/DEXTROSE 5% 25000 UNITS/250 ML BAG,HEPARIN/DEXTROSE 5 /,,690500,0.129,True,rxnorm_approximate,0,False,False
HUMALOG,HUMALOG,Humalog,135805,1.0,True,rxnorm_exact,1,False,False
HUMALOG MIX 75-25,HUMALOG MIX 75-25,"insulin lispro 25 UNT/ML / insulin lispro protamine, human 75 UNT/ML Injectable Suspension [Humalog Mix]",752388,1.0,True,rxnorm_exact,2,False,False
HUMULIN R,HUMULIN R,Humulin R,92881,1.0,True,rxnorm_exact,1,False,False
hydrALAZINE,hydrALAZINE,hydralazine,5470,1.0,True,rxnorm_exact,1,False,False
hydrALAZINE 20 MG/1 ML 1 ML INJ,hydrALAZINE /,hydralazine,5470,1.0,True,rxnorm_exact,1,False,False
HYDRALAZINE 20 MG/ML INJ SOLN,HYDRALAZINE /ML,hydralazine,5470,0.121,True,rxnorm_approximate,1,False,False
HYDRALAZINE HCL,HYDRALAZINE HCL,hydralazine,5470,1.0,True,rxnorm_exact,1,False,False
HYDRALAZINE HCL 20 MG/ML IJ SOLN,HYDRALAZINE HCL /ML IJ,hydralazine hydrochloride,82027,0.133,True,rxnorm_approximate,1,True,False
HYDRALAZINE HCL 20 MG/ML INJ SOLN (RANGE) PRN,HYDRALAZINE HCL /ML RANGE PRN,hydralazine hydrochloride,82027,0.133,True,rxnorm_approximate,1,True,False
HYDRALAZINE HCL 25 MG PO TABS,HYDRALAZINE HCL TABS,hydralazine hydrochloride Oral Tablet,2649164,1.0,True,rxnorm_exact,1,False,False
HYDRALAZINE HCL 50 MG PO TABS,HYDRALAZINE HCL TABS,hydralazine hydrochloride Oral Tablet,2649164,1.0,True,rxnorm_exact,1,False,False
hydrALAZINE INJ,hydrALAZINE,hydralazine,5470,1.0,True,rxnorm_exact,1,False,False
HYDROCHLOROTHIAZIDE,HYDROCHLOROTHIAZIDE,hydrochlorothiazide,5487,1.0,True,rxnorm_exact,1,False,False
HYDROCHLOROTHIAZIDE 25 MG PO TABS,HYDROCHLOROTHIAZIDE TABS,hydrochlorothiazide Oral Tablet,370635,1.0,True,rxnorm_exact,1,False,False
HYDROCODONE 5 MG-ACETAMINOPHEN 325 MG TABLET,HYDROCODONE -ACETAMINOPHEN,acetaminophen / hydrocodone,214182,1.0,True,rxnorm_exact,2,True,False
HYDROCODONE BIT/ACETAMINOPHEN,HYDROCODONE BIT/ACETAMINOPHEN,acetaminophen / hydrocodone,214182,1.0,True,rxnorm_exact,2,True,False
HYDROCODONE BITARTRATE,HYDROCODONE BITARTRATE,hydrocodone bitartrate,142439,1.0,True,rxnorm_exact,1,False,False
HYDROCODONE BITARTRATE/ACETAMINOPHEN,HYDROCODONE BITARTRATE/ACETAMINOPHEN,acetaminophen / hydrocodone,214182,1.0,True,rxnorm_exact,2,True,False
HYDROcodone-acetaminophen,HYDROcodone-acetaminophen,acetaminophen / hydrocodone,214182,1.0,True,rxnorm_exact,2,True,False
HYDROCODONE-ACETAMINOPHEN 10-325 MG PO TABS,HYDROCODONE-ACETAMINOPHEN 10- TABS,,856967,0.165,True,rxnorm_approximate,0,False,False
HYDROCODONE-ACETAMINOPHEN 5-325 MG PO TABS,HYDROCODONE-ACETAMINOPHEN 5- TABS,acetaminophen 300 MG / hydrocodone bitartrate 5 MG Oral Tablet,856987,0.158,True,rxnorm_approximate,2,False,False
HYDROCODONE-HOMATROPINE MBR,HYDROCODONE-HOMATROPINE MBR,,237259,0.195,True,rxnorm_approximate,0,False,False
HYDROCODONE/APAP 5MG/325MG,HYDROCODONE/APAP /,acetaminophen / hydrocodone,214182,1.0,True,rxnorm_exact,2,True,False
HYDROCORTISONE,HYDROCORTISONE,hydrocortisone / lactate,1007334,1.0,True,rxnorm_exact,2,False,False
hydroCORTisone  (PF) 100 MG INJ,hydroCORTisone PF,,1892924,0.106,True,rxnorm_approximate,0,False,False
HYDROCORTISONE NA SUCCINATE PF 100 MG IJ SOLR,HYDROCORTISONE NA SUCCINATE PF IJ SOLR,hydrocortisone sodium succinate,235483,0.151,True,rxnorm_approximate,1,False,False
HYDROCORTISONE SOD SUCCINATE,HYDROCORTISONE SOD SUCCINATE,hydrocortisone sodium phosphate,235482,1.0,True,rxnorm_exact,1,False,False
HYDROCORTISONE SOD SUCCINATE 100 MG IJ SOLR,HYDROCORTISONE SOD SUCCINATE IJ SOLR,hydrocortisone sodium succinate,235483,0.176,True,rxnorm_approximate,1,False,False
HYDROmorphone,HYDROmorphone,hydromorphone hydrochloride,203177,1.0,True,rxnorm_exact,1,True,True
HYDROmorphone (DILAUDID) 1 MG/ML inj 0.5 mg,HYDROmorphone DILAUDID /ML,,1724273,0.161,True,rxnorm_approximate,0,False,False
HYDROMORPHONE (PF),HYDROMORPHONE PF,hydromorphone,3423,0.117,True,rxnorm_approximate,1,False,False
HYDROMORPHONE (PF)  1 MG/ML INJ SYRINGE,HYDROMORPHONE PF /ML,hydromorphone,3423,0.117,True,rxnorm_approximate,1,False,False
HYDROmorphone 1 MG/1 ML SYR,HYDROmorphone / SYR,hydromorphone Prefilled Syringe,763042,0.135,True,rxnorm_approximate,1,False,False
HYDROMORPHONE HCL,HYDROMORPHONE HCL,hydromorphone hydrochloride,203177,1.0,True,rxnorm_exact,1,True,True
HYDROMORPHONE HCL PF INJ SOLN (RANGE) PRN,HYDROMORPHONE HCL PF RANGE PRN,hydromorphone hydrochloride,203177,0.128,True,rxnorm_approximate,1,True,True
HYDROMORPHONE INJ,HYDROMORPHONE,hydromorphone hydrochloride,203177,1.0,True,rxnorm_exact,1,True,True
Hydromorphone IVF Infused (ml/hr),Hydromorphone IVF Infused ml/hr,hydromorphone,3423,0.117,True,rxnorm_approximate,1,False,False
HYDROXYCHLOROQUINE SULFATE,HYDROXYCHLOROQUINE SULFATE,hydroxychloroquine sulfate,153972,1.0,True,rxnorm_exact,1,False,False
HYDROXYZINE HCL,HYDROXYZINE HCL,hydroxyzine hydrochloride,154987,1.0,True,rxnorm_exact,1,False,False
HYDROXYZINE PAMOATE,HYDROXYZINE PAMOATE,hydroxyzine hydrochloride,154987,1.0,True,rxnorm_exact,1,False,False
HYOSCYAMINE SULFATE,HYOSCYAMINE SULFATE,atropine,1223,1.0,True,rxnorm_exact,1,True,False
HYZAAR,HYZAAR,Hyzaar,217681,1.0,True,rxnorm_exact,2,False,False
IBANDRONATE SODIUM,IBANDRONATE SODIUM,ibandronate sodium,236916,1.0,True,rxnorm_exact,1,False,False
IBUPROFEN,IBUPROFEN,ibuprofen,5640,1.0,True,rxnorm_exact,1,False,False
IL (ml/hr),IL ml/hr,,2169459,0.081,True,rxnorm_approximate,0,False,False
IMDUR,IMDUR,,151162,0.094,True,rxnorm_approximate,0,False,False
IMIPRAMINE HCL,IMIPRAMINE HCL,imipramine hydrochloride,150816,1.0,True,rxnorm_exact,1,False,False
IMODIUM A-D,IMODIUM A-D,,217716,0.174,True,rxnorm_approximate,0,False,False
INDAPAMIDE,INDAPAMIDE,indapamide,5764,1.0,True,rxnorm_exact,1,False,False
INDOCIN,INDOCIN,Indocin,203365,1.0,True,rxnorm_exact,1,False,False
INDOMETHACIN,INDOMETHACIN,indomethacin,5781,1.0,True,rxnorm_exact,1,False,False
INSPRA,INSPRA,Inspra,342280,1.0,True,rxnorm_exact,1,False,False
Insulin,Insulin,"insulin, regular, human",253182,1.0,True,rxnorm_exact,1,True,False
Insulin (),Insulin,"insulin, regular, human",253182,1.0,True,rxnorm_exact,1,True,False
Insulin (ml/hr),Insulin ml/hr,,485538,0.113,True,rxnorm_approximate,0,False,False
INSULIN (REGULAR) 100 UNITS in 1,INSULIN REGULAR in 1,,5856,0.127,True,rxnorm_approximate,0,False,False
Insulin (units/hr),Insulin units/hr,,644768,0.127,True,rxnorm_approximate,0,False,False
Insulin (units/kg/hr),Insulin units/kg/hr,,644768,0.127,True,rxnorm_approximate,0,False,False
Insulin 250 Units Sodium Chloride 0.9% 250 ml (units/hr),Insulin Sodium Chloride 0 9 units/hr,sodium chloride 0.154 MEQ/ML,615106,0.127,True,rxnorm_approximate,1,True,False
INSULIN ADMIN. SUPPLIES,INSULIN ADMIN SUPPLIES,,439894,0.157,True,rxnorm_approximate,0,False,False
INSULIN ASPART,INSULIN ASPART,"insulin aspart, human",51428,1.0,True,rxnorm_exact,1,True,False
insulin aspart (NovoLOG) inj,insulin aspart NovoLOG,"insulin aspart, human Cartridge [NovoLog]",1653197,0.18,True,rxnorm_approximate,1,False,False
INSULIN ASPART 100 UNIT/ML SC SOLN,INSULIN ASPART /ML SC,"insulin aspart, human",51428,0.148,True,rxnorm_approximate,1,True,False
insulin aspart Corrective dosing,insulin aspart Corrective dosing,"insulin aspart, human",51428,0.148,True,rxnorm_approximate,1,True,False
INSULIN ASPART PROTAMINE HUMAN/INSULIN ASPART,INSULIN ASPART PROTAMINE HUMAN/INSULIN ASPART,"insulin aspart protamine, human",352385,0.278,True,rxnorm_approximate,1,False,False
INSULIN DETEMIR,INSULIN DETEMIR,insulin detemir,139825,1.0,True,rxnorm_exact,1,False,False
INSULIN DETEMIR 100 UNIT/ML SUB-Q 10 ML VIAL,INSULIN DETEMIR /ML SUB-Q,,1247713,0.222,True,rxnorm_approximate,0,False,False
insulin glargine,insulin glargine,insulin glargine,274783,1.0,True,rxnorm_exact,1,True,False
INSULIN GLARGINE SYRINGE,INSULIN GLARGINE,insulin glargine,274783,1.0,True,rxnorm_exact,1,True,False
"INSULIN GLARGINE, HUMAN RECOMBINANT ANALOG",INSULIN GLARGINE HUMAN RECOMBINANT ANALOG,insulin glargine,274783,1.0,True,rxnorm_exact,1,True,False
INSULIN HUM-REG (PER UNIT),INSULIN HUM-REG PER UNIT,"insulin isophane, human 50 UNT/ML / insulin, regular, human 50 UNT/ML Injectable Suspension",245265,0.203,True,rxnorm_approximate,2,False,False
INSULIN HUMALOG (PER UNIT),INSULIN HUMALOG PER UNIT,insulin lispro Cartridge [Humalog],1652645,0.15,True,rxnorm_approximate,1,False,False
INSULIN HUMAN REGULAR,INSULIN HUMAN REGULAR,"insulin, regular, human",253182,1.0,True,rxnorm_exact,1,True,False
INSULIN LANTUS (PER UNIT),INSULIN LANTUS PER UNIT,insulin glargine Injectable Solution [Lantus],362585,0.153,True,rxnorm_approximate,1,False,False
INSULIN LISPRO,INSULIN LISPRO,insulin lispro,86009,1.0,True,rxnorm_exact,1,False,False
insulin lispro (HumaLOG) injection 0-20 Units,insulin lispro HumaLOG 0-,insulin lispro Cartridge [Humalog],1652645,0.175,True,rxnorm_approximate,1,False,False
INSULIN LISPRO (HUMAN) 100 UNIT/ML SC SOLN,INSULIN LISPRO HUMAN /ML SC,"insulin lispro protamine, human",314684,0.169,True,rxnorm_approximate,1,True,False
INSULIN LISPRO (HUMAN) 100 UNIT/ML SUBCU SOLN EXTEMP INJ,INSULIN LISPRO HUMAN /ML SUBCU EXTEMP,"insulin lispro protamine, human",314684,0.17,True,rxnorm_approximate,1,True,False
INSULIN LISPRO 100 UNITS/ML SUBQ SOLN,INSULIN LISPRO /ML SUBQ,insulin lispro,86009,0.157,True,rxnorm_approximate,1,False,False
INSULIN LISPRO PROTAMINE AND INSULIN LISPRO,INSULIN LISPRO PROTAMINE AND INSULIN LISPRO,"insulin lispro protamine, human",314684,0.282,True,rxnorm_approximate,1,True,False
"INSULIN LISPRO, RECOMBINANT",INSULIN LISPRO RECOMBINANT,insulin lispro,86009,1.0,True,rxnorm_exact,1,False,False
"INSULIN LISPRO,HUMAN REC.ANLOG",INSULIN LISPRO HUMAN REC ANLOG,"insulin lispro protamine, human",314684,0.17,True,rxnorm_approximate,1,True,False
INSULIN REG 100 UNITS/100 ML,INSULIN REG /,"insulin, regular, pork",221109,0.142,True,rxnorm_approximate,1,False,False
insulin regular,insulin regular,"insulin, regular, human",253182,1.0,True,rxnorm_exact,1,True,False
INSULIN REGULAR HUMAN 100 UNIT/ML IJ SOLN,INSULIN REGULAR HUMAN /ML IJ,"insulin, regular, human",253182,0.171,True,rxnorm_approximate,1,True,False
INSULIN REGULAR HUMAN 100 UNIT/ML INJ SOLN,INSULIN REGULAR HUMAN /ML,"insulin, regular, human",253182,0.171,True,rxnorm_approximate,1,True,False
"INSULIN REGULAR, HUMAN",INSULIN REGULAR HUMAN,"insulin, regular, human",253182,1.0,True,rxnorm_exact,1,True,False
INSULIN SYRINGE,INSULIN,"insulin, regular, human",253182,1.0,True,rxnorm_exact,1,True,False
INSULIN-GLARGINE *UNIT* INJ,INSULIN-GLARGINE UNIT,insulin glargine,274783,0.252,True,rxnorm_approximate,1,True,False
INSULIN-LISPRO (rDNA) *UNIT* INJ,INSULIN-LISPRO rDNA UNIT,"insulin lispro protamine, human",314684,0.267,True,rxnorm_approximate,1,True,False
INSULIN-REGULAR (HUMAN) *UNIT* INJ,INSULIN-REGULAR HUMAN UNIT,"insulin, regular, human",253182,0.244,True,rxnorm_approximate,1,True,False
INVEGA,INVEGA,Invega,686438,1.0,True,rxnorm_exact,1,False,False
IOHEXOL 350 MG IODINE/ML IV SOLN,IOHEXOL IODINE/ML,iohexol,5956,0.131,True,rxnorm_approximate,1,False,False
IOPAMIDOL,IOPAMIDOL,iopamidol,5966,1.0,True,rxnorm_exact,1,False,False
ipratropium,ipratropium,ipratropium bromide monohydrate,1309404,1.0,True,rxnorm_exact,1,False,False
IPRATROPIUM 0.02%,IPRATROPIUM 0 02,ipratropium bromide 0.2 MG/ML Inhalation Solution,836358,0.117,True,rxnorm_approximate,1,True,False
IPRAtropium 0.5 MG/2.5ML UD INH SOLN,IPRAtropium / UD INH,ipratropium Inhalation Solution,2108449,0.134,True,rxnorm_approximate,1,False,False
IPRATROPIUM BROMIDE,IPRATROPIUM BROMIDE,ipratropium bromide monohydrate,1309404,1.0,True,rxnorm_exact,1,False,False
IPRATROPIUM BROMIDE 0.02 % IN SOLN,IPRATROPIUM BROMIDE 0 02 IN,ipratropium bromide 0.2 MG/ML Inhalation Solution,836358,0.162,True,rxnorm_approximate,1,True,False
IPRATROPIUM BROMIDE/ALBUTEROL SULFATE,IPRATROPIUM BROMIDE/ALBUTEROL SULFATE,albuterol / ipratropium,214199,1.0,True,rxnorm_exact,2,True,False
ipratropium-albuterol,ipratropium-albuterol,albuterol / ipratropium,214199,1.0,True,rxnorm_exact,2,True,False
IPRATROPIUM-ALBUTEROL 0.5 MG-3 MG(2.5 MG BASE)/3 ML INHL NEB SOLN,IPRATROPIUM-ALBUTEROL - BASE / INHL NEB,albuterol 0.833 MG/ML / ipratropium bromide 0.167 MG/ML Inhalation Solution,1437702,0.176,True,rxnorm_approximate,2,False,False
IPRATROPIUM-ALBUTEROL 0.5 MG-3 MG(2.5 MG BASE)/3 ML NEB SOLUTION 3 ML VIAL,IPRATROPIUM-ALBUTEROL - BASE / NEB,albuterol 0.833 MG/ML / ipratropium bromide 0.167 MG/ML Inhalation Solution,1437702,0.175,True,rxnorm_approximate,2,False,False
IPRATROPIUM-ALBUTEROL 0.5-2.5 (3) MG/3ML IN SOLN,IPRATROPIUM-ALBUTEROL 0 5-2 5 3 MG/ IN,albuterol 1 MG/ML / ipratropium bromide 0.2 MG/ML Inhalation Solution,1362214,0.189,True,rxnorm_approximate,2,True,False
IRBESARTAN,IRBESARTAN,irbesartan,83818,1.0,True,rxnorm_exact,1,False,False
IRON,IRON,iron,90176,1.0,True,rxnorm_exact,1,False,False
ISONIAZID,ISONIAZID,isoniazid,6038,1.0,True,rxnorm_exact,1,False,False
Isoproterenol (),Isoproterenol,isoproterenol,6054,1.0,True,rxnorm_exact,1,False,False
ISORDIL,ISORDIL,Isordil,151187,1.0,True,rxnorm_exact,1,False,False
ISOSORBIDE,ISOSORBIDE,isosorbide mononitrate,28004,1.0,True,rxnorm_exact,1,False,False
ISOSORBIDE MONONITRATE,ISOSORBIDE MONONITRATE,isosorbide mononitrate,28004,1.0,True,rxnorm_exact,1,False,False
ISOSORBIDE MONONITRATE ER 30 MG PO TB24,ISOSORBIDE MONONITRATE TB24,isosorbide mononitrate,28004,0.142,True,rxnorm_approximate,1,False,False
iv  (ml/hr),ml/hr,,646336,0.034,True,rxnorm_approximate,0,False,False
IV (ml/hr),ml/hr,,646336,0.034,True,rxnorm_approximate,0,False,False
IV + Bicarb  (ml/hr),Bicarb ml/hr,,1527,0.113,True,rxnorm_approximate,0,True,False
ivf (ml/hr),ivf ml/hr,,,0.0,False,rxnorm_approximate,0,False,False
IVF BOLUS (ml/hr),IVF BOLUS ml/hr,,490444,0.072,True,rxnorm_approximate,0,False,False
IVF Plain (ml/hr),IVF Plain ml/hr,,217755,0.12,True,rxnorm_approximate,0,False,False
IVF without additives (ml/hr),IVF without additives ml/hr,,408262,0.088,True,rxnorm_approximate,0,False,False
IVF without vasoactives (ml/hr),IVF without vasoactives ml/hr,vasoactive intestinal peptide,1942960,0.13,True,rxnorm_approximate,1,False,False
IVM (ml/hr),IVM ml/hr,,,0.0,False,rxnorm_approximate,0,False,False
ivpb (ml/hr),ivpb ml/hr,,,0.0,False,rxnorm_approximate,0,False,False
JALYN,JALYN,Jalyn,996098,1.0,True,rxnorm_exact,2,False,False
JANUMET XR,JANUMET,Janumet,1372738,1.0,True,rxnorm_exact,2,False,False
JANUVIA,JANUVIA,Januvia,638596,1.0,True,rxnorm_exact,1,False,False
K PHOS MONO-SOD PHOS DI & MONO 155-852-130 MG PO TABS,K PHOS MONO-SOD PHOS DI MONO 155-852- TABS,"potassium phosphate 155 MG / sodium phosphate, dibasic 852 MG / sodium phosphate, monobasic 130 MG Oral Tablet",200251,0.26,True,rxnorm_approximate,3,False,False
K-DUR,K-DUR,,93017,0.263,True,rxnorm_approximate,0,False,False
K-Dur 20,K-Dur 20,,217841,0.249,True,rxnorm_approximate,0,False,False
KAYCIEL,KAYCIEL,,,0.0,False,rxnorm_approximate,0,False,False
KAYEXALATE,KAYEXALATE,,51670,0.1,True,rxnorm_approximate,0,False,False
KCL 10 MEQ/100 ML,KCL /,potassium chloride,8591,1.0,True,rxnorm_exact,1,True,False
KCL 10%,KCL 10,potassium chloride 10 MEQ,316543,0.065,True,rxnorm_approximate,1,True,False
KCL 20 MEQ/100ML STERILE WATER BAG,KCL / STERILE WATER,sterile water,107129,0.152,True,rxnorm_approximate,1,True,False
KCL 20 MEQ/50 ML,KCL /,potassium chloride,8591,1.0,True,rxnorm_exact,1,True,False
KCL 40 MEQ/100ML STERILE WATER BAG,KCL / STERILE WATER,sterile water,107129,0.152,True,rxnorm_approximate,1,True,False
KCL IN DEXTROSE-NACL 20-5-0.45 MEQ/L-%-% IV SOLN,KCL IN DEXTROSE-NACL 20-5- /L- -,,1863986,0.18,True,rxnorm_approximate,0,False,False
KEFLEX,KEFLEX,Keflex,203167,1.0,True,rxnorm_exact,1,False,False
KENALOG,KENALOG,Kenalog,202877,1.0,True,rxnorm_exact,1,False,False
KEPPRA,KEPPRA,Keppra,261547,1.0,True,rxnorm_exact,1,False,False
KETOCONAZOLE,KETOCONAZOLE,ketoconazole,6135,1.0,True,rxnorm_exact,1,False,False
KETOROLAC,KETOROLAC,ketorolac,35827,1.0,True,rxnorm_exact,1,False,False
KETOROLAC 30 MG/ML 1ML SDV INJ,KETOROLAC /ML SDV,ketorolac,35827,0.122,True,rxnorm_approximate,1,False,False
KETOROLAC INJ,KETOROLAC,ketorolac,35827,1.0,True,rxnorm_exact,1,False,False
KETOROLAC TROMETHAMINE,KETOROLAC TROMETHAMINE,ketorolac tromethamine,28200,1.0,True,rxnorm_exact,1,False,False
KLONOPIN,KLONOPIN,Klonopin,202585,1.0,True,rxnorm_exact,1,False,False
KLOR-CON,KLOR-CON,Klor-Con,217905,1.0,True,rxnorm_exact,1,False,False
KLOR-CON M20,KLOR-CON M20,,352736,0.333,True,rxnorm_approximate,0,False,False
"KLOR-CON,K-TAB",KLOR-CON K-TAB,Klor-Con,217905,0.3,True,rxnorm_approximate,1,False,False
KRILL OIL,KRILL OIL,krill oil,880350,1.0,True,rxnorm_exact,1,False,False
KRILL OIL/OMEGA-3/DHA/EPA/OMEGA-6/PHOSPHOLIPIDS/ASTAXANTHIN,KRILL OIL/OMEGA-3/DHA/EPA/OMEGA-6/PHOSPHOLIPIDS/ASTAXANTHIN,,880471,0.271,True,rxnorm_approximate,0,False,False
KVO (ml/hr),KVO ml/hr,,,0.0,False,rxnorm_approximate,0,False,False
L-LYSINE,L-LYSINE,lysine monohydrate,1314248,1.0,True,rxnorm_exact,1,False,False
labetalol,labetalol,labetalol hydrochloride,202693,1.0,True,rxnorm_exact,1,True,False
Labetalol (ml/hr),Labetalol ml/hr,labetalol,6185,0.124,True,rxnorm_approximate,1,False,False
LABETALOL 5 MG/1ML 20ML MDV INJ,LABETALOL / MDV,labetalol,6185,0.124,True,rxnorm_approximate,1,False,False
LABETALOL 5 MG/ML IV 20 ML VIAL,LABETALOL /ML,labetalol,6185,0.124,True,rxnorm_approximate,1,False,False
LABETALOL 5 MG/ML IV SOLN,LABETALOL /ML,labetalol,6185,0.124,True,rxnorm_approximate,1,False,False
LABETALOL HCL,LABETALOL HCL,labetalol hydrochloride,202693,1.0,True,rxnorm_exact,1,True,False
LABETALOL HCL 5 MG/ML IV SOLN,LABETALOL HCL /ML,labetalol hydrochloride,202693,0.135,True,rxnorm_approximate,1,True,False
LABETALOL HCL 5 MG/ML IV SOLN (RANGE) PRN,LABETALOL HCL /ML RANGE PRN,labetalol hydrochloride,202693,0.135,True,rxnorm_approximate,1,True,False
"LACTATED RINGER'S 1,000 ML BAG",LACTATED RINGER S 1,,35629,0.167,True,rxnorm_approximate,0,False,False
"LACTATED RINGER'S 1,000 ML BAG.",LACTATED RINGER S 1,,35629,0.167,True,rxnorm_approximate,0,False,False
LACTATED RINGERS,LACTATED RINGERS,,35629,0.165,True,rxnorm_approximate,0,False,False
LACTATED RINGERS 1000 ML LVP,LACTATED RINGERS LVP,calcium chloride 0.2 MG/ML / potassium chloride 0.3 MG/ML / sodium chloride 6 MG/ML / sodium lactate 3.1 MG/ML Injectable Solution,847630,0.168,True,rxnorm_approximate,4,False,False
Lactated Ringers Injection,Lactated Ringers,,35629,0.165,True,rxnorm_approximate,0,False,False
"Lactated Ringers Injection 1,000 mL",Lactated Ringers 1,,35629,0.145,True,rxnorm_approximate,0,False,False
LACTATED RINGERS IV : 1000 ML BAG,LACTATED RINGERS,,35629,0.165,True,rxnorm_approximate,0,False,False
LACTATED RINGERS IV SOLN,LACTATED RINGERS,,35629,0.165,True,rxnorm_approximate,0,False,False
LACTATED RINGERS IV SOLN BOLUS,LACTATED RINGERS BOLUS,,35629,0.165,True,rxnorm_approximate,0,False,False
LACTATED RINGERS IV SOLP,LACTATED RINGERS SOLP,,35629,0.165,True,rxnorm_approximate,0,False,False
LACTOBACILLUS ACIDOPH/BIFIDOBACT ANIM/GLOBULIN PROTEIN CONC,LACTOBACILLUS ACIDOPH/BIFIDOBACT ANIM/GLOBULIN PROTEIN CONC,,1249503,0.209,True,rxnorm_approximate,0,False,False
LACTOBACILLUS ACIDOPHILUS,LACTOBACILLUS ACIDOPHILUS,Lactobacillus acidophilus,6205,1.0,True,rxnorm_exact,1,True,False
lactulose,lactulose,lactulose,6218,1.0,True,rxnorm_exact,1,False,False
LACTULOSE 20 GRAM/30 ML UD LIQ,LACTULOSE 20 GRAM/ UD LIQ,lactulose 20000 MG Powder for Oral Solution,1251194,0.121,True,rxnorm_approximate,1,False,False
LAMICTAL,LAMICTAL,Lamictal,196502,1.0,True,rxnorm_exact,1,False,False
LAMICTAL (GREEN),LAMICTAL GREEN,"{14 (lamotrigine 100 MG Oral Tablet [Lamictal]) / 84 (lamotrigine 25 MG Oral Tablet [Lamictal]) } Pack [Lamictal Green (For Patients Taking Carbamazepine, Phenytoin, Phenobarbital, Primidone, or Rifampin and Not Taking Valproate)]",795778,0.145,True,rxnorm_approximate,1,False,False
LAMISIL,LAMISIL,Lamisil,217956,1.0,True,rxnorm_exact,1,False,False
LAMOTRIGINE,LAMOTRIGINE,lamotrigine,28439,1.0,True,rxnorm_exact,1,False,False
LANOXIN,LANOXIN,Lanoxin,202988,1.0,True,rxnorm_exact,1,False,False
LANSOPRAZOLE,LANSOPRAZOLE,lansoprazole,17128,1.0,True,rxnorm_exact,1,False,False
LANTUS,LANTUS,Lantus,261551,1.0,True,rxnorm_exact,1,False,False
LANTUS SOLOSTAR,LANTUS SOLOSTAR,,835226,0.192,True,rxnorm_approximate,0,False,False
Lasix,Lasix,Lasix,202991,1.0,True,rxnorm_exact,1,False,False
LECITHIN,LECITHIN,lecithin,8214,1.0,True,rxnorm_exact,1,False,False
LEENA,LEENA,,605604,0.09,True,rxnorm_approximate,0,False,False
LESCOL XL,LESCOL XL,,284764,0.186,True,rxnorm_approximate,0,False,False
LETAIRIS,LETAIRIS,Letairis,722117,1.0,True,rxnorm_exact,1,False,False
LETROZOLE,LETROZOLE,letrozole,72965,1.0,True,rxnorm_exact,1,False,False
Levaquin,Levaquin,Levaquin,217992,1.0,True,rxnorm_exact,1,False,False
LEVEMIR,LEVEMIR,Levemir,400560,1.0,True,rxnorm_exact,1,False,False
levETIRAcetam,levETIRAcetam,levetiracetam,114477,1.0,True,rxnorm_exact,1,True,False
LEVETIRACETAM 500 MG PO TABS,LEVETIRACETAM TABS,levetiracetam Oral Tablet,374617,1.0,True,rxnorm_exact,1,False,False
LEVETIRACETAM 500 MG/5ML IV SOLN,LEVETIRACETAM /,levetiracetam,114477,1.0,True,rxnorm_exact,1,True,False
LEVITRA,LEVITRA,Levitra,356884,1.0,True,rxnorm_exact,1,False,False
LEVOFLOXACIN,LEVOFLOXACIN,levofloxacin,82122,1.0,True,rxnorm_exact,1,True,True
LEVOFLOXACIN 500 MG PO TABS,LEVOFLOXACIN TABS,levofloxacin Oral Tablet,372588,1.0,True,rxnorm_exact,1,False,False
LEVOFLOXACIN 500mg in D5W 100mL RT,LEVOFLOXACIN in D5W RT,levofloxacin,82122,0.105,True,rxnorm_approximate,1,True,True
LEVOFLOXACIN 750 mg in D5W 150mL,LEVOFLOXACIN in D5W,levofloxacin,82122,0.105,True,rxnorm_approximate,1,True,True
LEVOFLOXACIN 750 MG PO TABS,LEVOFLOXACIN TABS,levofloxacin Oral Tablet,372588,1.0,True,rxnorm_exact,1,False,False
LEVOFLOXACIN IN D5W 500 MG/100ML IV SOLN,LEVOFLOXACIN IN D5W /,levofloxacin,82122,0.105,True,rxnorm_approximate,1,True,True
LEVOFLOXACIN IN D5W 750 MG/150ML IV SOLN,LEVOFLOXACIN IN D5W /,levofloxacin,82122,0.105,True,rxnorm_approximate,1,True,True
LEVOTHROID,LEVOTHROID,,218001,0.086,True,rxnorm_approximate,0,False,False
levothyroxine,levothyroxine,levothyroxine,10582,1.0,True,rxnorm_exact,1,False,False
levothyroxine (mcg/kg/hr),levothyroxine mcg/kg/hr,levothyroxine,10582,0.108,True,rxnorm_approximate,1,False,False
LEVOTHYROXINE SODIUM,LEVOTHYROXINE SODIUM,levothyroxine sodium,40144,1.0,True,rxnorm_exact,1,False,False
LEVOTHYROXINE SODIUM 100 MCG PO TABS,LEVOTHYROXINE SODIUM TABS,levothyroxine sodium Oral Tablet,2649207,1.0,True,rxnorm_exact,1,False,False
LEVOTHYROXINE SODIUM 25 MCG PO TABS,LEVOTHYROXINE SODIUM TABS,levothyroxine sodium Oral Tablet,2649207,1.0,True,rxnorm_exact,1,False,False
LEVOTHYROXINE SODIUM 50 MCG PO TABS,LEVOTHYROXINE SODIUM TABS,levothyroxine sodium Oral Tablet,2649207,1.0,True,rxnorm_exact,1,False,False
LEVOTHYROXINE SODIUM 75 MCG PO TABS,LEVOTHYROXINE SODIUM TABS,levothyroxine sodium Oral Tablet,2649207,1.0,True,rxnorm_exact,1,False,False
LEVOXYL,LEVOXYL,Levoxyl,218002,1.0,True,rxnorm_exact,1,False,False
LEXAPRO,LEXAPRO,Lexapro,352741,1.0,True,rxnorm_exact,1,False,False
lidocaine,lidocaine,lidocaine hydrochloride,142440,1.0,True,rxnorm_exact,1,False,False
Lidocaine (mg/min),Lidocaine mg/min,lidocaine,6387,0.102,True,rxnorm_approximate,1,False,False
Lidocaine (ml/hr),Lidocaine ml/hr,lidocaine,6387,0.102,True,rxnorm_approximate,1,False,False
LIDOCAINE 1%,LIDOCAINE 1,,439728,0.089,True,rxnorm_approximate,0,False,False
LIDOCAINE 1% 10MG/ML 20ML MDV INJ,LIDOCAINE 1 /ML MDV,,439728,0.089,True,rxnorm_approximate,0,False,False
LIDOCAINE 1% PF,LIDOCAINE 1 PF,,1737564,0.108,True,rxnorm_approximate,0,False,False
LIDOCAINE 10 MG/ML (1 %) INJECTION 20 ML VIAL,LIDOCAINE /ML 1,,439728,0.089,True,rxnorm_approximate,0,False,False
LIDOCAINE 5 % EX PTCH,LIDOCAINE 5 EX PTCH,,2203558,0.096,True,rxnorm_approximate,0,False,False
LIDOCAINE 5 % TOP PTMD,LIDOCAINE 5 TOP PTMD,,2045339,0.098,True,rxnorm_approximate,0,False,False
LIDOCAINE HCL 1 % INJ SOLN,LIDOCAINE HCL 1,lidocaine hydrochloride 10 MG/ML Injectable Solution,1010033,0.1,True,rxnorm_approximate,1,False,False
LIDOCAINE HCL 1%,LIDOCAINE HCL 1,lidocaine hydrochloride 10 MG/ML Injectable Solution,1010033,0.1,True,rxnorm_approximate,1,False,False
LIDOCAINE HCL 2%,LIDOCAINE HCL 2,lidocaine hydrochloride 0.02 MG/MG Topical Gel,1011852,0.104,True,rxnorm_approximate,1,False,False
LIDOCAINE HCL VISCOUS,LIDOCAINE HCL VISCOUS,,654505,0.164,True,rxnorm_approximate,0,False,False
LIDOCAINE-TRANSPARENT DRESSING 4 % EXTERNAL KIT,LIDOCAINE-TRANSPARENT DRESSING 4 EXTERNAL KIT,lidocaine 40 MG/ML Topical Cream,1421893,0.245,True,rxnorm_approximate,1,False,False
LIDOCREAM,LIDOCREAM,Lidocream,753297,1.0,True,rxnorm_exact,1,False,False
LIDODERM,LIDODERM,Lidoderm,261555,1.0,True,rxnorm_exact,1,False,False
LIDOPATCH,LIDOPATCH,Lidopatch,1249759,1.0,True,rxnorm_exact,2,False,False
LINACLOTIDE,LINACLOTIDE,linaclotide,1307404,1.0,True,rxnorm_exact,1,False,False
Lipids (ml/hr),Lipids ml/hr,,6411,0.131,True,rxnorm_approximate,0,False,False
Lipitor,Lipitor,Lipitor,153165,1.0,True,rxnorm_exact,1,False,False
lisinopril,lisinopril,lisinopril,29046,1.0,True,rxnorm_exact,1,True,True
LISINOPRIL 10 MG PO TABS,LISINOPRIL TABS,lisinopril Oral Tablet,372614,1.0,True,rxnorm_exact,1,False,False
LISINOPRIL 10 MG TAB,LISINOPRIL TAB,lisinopril Oral Tablet,372614,1.0,True,rxnorm_exact,1,False,False
LISINOPRIL 2.5 MG PO TABS,LISINOPRIL TABS,lisinopril Oral Tablet,372614,1.0,True,rxnorm_exact,1,False,False
LISINOPRIL 20 MG PO TABS,LISINOPRIL TABS,lisinopril Oral Tablet,372614,1.0,True,rxnorm_exact,1,False,False
LISINOPRIL 20 MG TAB,LISINOPRIL TAB,lisinopril Oral Tablet,372614,1.0,True,rxnorm_exact,1,False,False
LISINOPRIL 5 MG PO TABS,LISINOPRIL TABS,lisinopril Oral Tablet,372614,1.0,True,rxnorm_exact,1,False,False
LISINOPRIL 5 MG TAB,LISINOPRIL TAB,lisinopril Oral Tablet,372614,1.0,True,rxnorm_exact,1,False,False
LISINOPRIL-HYDROCHLOROTHIAZIDE,LISINOPRIL-HYDROCHLOROTHIAZIDE,hydrochlorothiazide / lisinopril,214618,1.0,True,rxnorm_exact,2,False,False
LISINOPRIL/HYDROCHLOROTHIAZIDE,LISINOPRIL/HYDROCHLOROTHIAZIDE,hydrochlorothiazide / lisinopril,214618,1.0,True,rxnorm_exact,2,False,False
LITHIUM,LITHIUM,lithium,6448,1.0,True,rxnorm_exact,1,False,False
LOMOTIL,LOMOTIL,Lomotil,28874,1.0,True,rxnorm_exact,2,False,False
LOPERAMIDE,LOPERAMIDE,loperamide,6468,1.0,True,rxnorm_exact,1,False,False
LOPID,LOPID,Lopid,202999,1.0,True,rxnorm_exact,1,False,False
LOPRESSOR,LOPRESSOR,Lopressor,203344,1.0,True,rxnorm_exact,1,False,False
LORATADINE,LORATADINE,loratadine,28889,1.0,True,rxnorm_exact,1,False,False
LORATADINE 10 MG PO TABS,LORATADINE TABS,loratadine Oral Tablet,372643,1.0,True,rxnorm_exact,1,False,False
LORATADINE ALLERGY,LORATADINE ALLERGY,,1658054,0.14,True,rxnorm_approximate,0,False,False
LORazepam,LORazepam,lorazepam,6470,1.0,True,rxnorm_exact,1,True,True
Lorazepam (),Lorazepam,lorazepam,6470,1.0,True,rxnorm_exact,1,True,True
LORazepam (ATIVAN) inj 1 mg,LORazepam ATIVAN,lorazepam Injection [Ativan],1665189,0.172,True,rxnorm_approximate,1,False,False
Lorazepam (mg/hr),Lorazepam mg/hr,lorazepam,6470,0.123,True,rxnorm_approximate,1,True,True
Lorazepam (ml/hr),Lorazepam ml/hr,lorazepam,6470,0.123,True,rxnorm_approximate,1,True,True
LORAZEPAM 0.5 MG PO TABS,LORAZEPAM TABS,lorazepam Oral Tablet,372647,1.0,True,rxnorm_exact,1,False,False
LORazepam 0.5 MG TAB,LORazepam TAB,lorazepam Oral Tablet,372647,1.0,True,rxnorm_exact,1,False,False
LORAZEPAM 1 MG PO TABS,LORAZEPAM TABS,lorazepam Oral Tablet,372647,1.0,True,rxnorm_exact,1,False,False
LORazepam 1 MG TAB,LORazepam TAB,lorazepam Oral Tablet,372647,1.0,True,rxnorm_exact,1,False,False
LORazepam 2 MG/1 ML 1 ML INJ,LORazepam /,lorazepam,6470,1.0,True,rxnorm_exact,1,True,True
LORazepam 2 MG/1 ML 1 ML SYR,LORazepam / SYR,,763026,0.141,True,rxnorm_approximate,0,False,False
LORAZEPAM 2 MG/ML IJ SOLN,LORAZEPAM /ML IJ,lorazepam,6470,0.123,True,rxnorm_approximate,1,True,True
LORAZEPAM 2 MG/ML INJ SOLN,LORAZEPAM /ML,lorazepam,6470,0.123,True,rxnorm_approximate,1,True,True
LORAZEPAM 2 MG/ML INJECTION SOLUTION,LORAZEPAM /ML,lorazepam,6470,0.123,True,rxnorm_approximate,1,True,True
LORAZEPAM INJ,LORAZEPAM,lorazepam,6470,1.0,True,rxnorm_exact,1,True,True
LORAZEPAM INTENSOL,LORAZEPAM INTENSOL,,2534917,0.182,True,rxnorm_approximate,0,False,False
LORTAB,LORTAB,,144254,0.084,True,rxnorm_approximate,0,False,False
LOSARTAN POTASSIUM,LOSARTAN POTASSIUM,losartan potassium,203160,1.0,True,rxnorm_exact,1,False,False
LOSARTAN POTASSIUM 50 MG PO TABS,LOSARTAN POTASSIUM TABS,losartan potassium Oral Tablet,2645428,1.0,True,rxnorm_exact,1,False,False
LOTENSIN,LOTENSIN,Lotensin,218088,1.0,True,rxnorm_exact,1,False,False
LOTREL,LOTREL,Lotrel,218090,1.0,True,rxnorm_exact,2,False,False
LOVASTATIN,LOVASTATIN,lovastatin,6472,1.0,True,rxnorm_exact,1,False,False
LOVAZA,LOVAZA,Lovaza,278346,1.0,True,rxnorm_exact,1,False,False
Lovenox,Lovenox,Lovenox,225036,1.0,True,rxnorm_exact,1,False,False
LOXAPINE,LOXAPINE,loxapine,6475,1.0,True,rxnorm_exact,1,False,False
LR,LR,,847629,0.051,True,rxnorm_approximate,0,False,False
LR (ml/hr),LR ml/hr,,847629,0.051,True,rxnorm_approximate,0,False,False
"LR 1,000 mL",LR 1,,847629,0.051,True,rxnorm_approximate,0,False,False
LYRICA,LYRICA,Lyrica,593441,1.0,True,rxnorm_exact,1,False,False
LYSINE,LYSINE,lysine monohydrate,1314248,1.0,True,rxnorm_exact,1,False,False
Maalox,Maalox,,29115,0.13,True,rxnorm_approximate,0,False,False
MAALOX ADVANCED,MAALOX ADVANCED,,881130,0.167,True,rxnorm_approximate,0,False,False
MACROBID,MACROBID,Macrobid,152001,1.0,True,rxnorm_exact,1,False,False
MAG-OXIDE,MAG-OXIDE,magnesium oxide,6582,1.0,True,rxnorm_exact,1,False,False
MAG/ALUM HYDROXIDE W/SIMETH,MAG/ALUM HYDROXIDE W/SIMETH,magnesium hydroxide / simethicone,1009006,0.168,True,rxnorm_approximate,2,True,False
MAGNESIUM,MAGNESIUM,magnesium,6574,1.0,True,rxnorm_exact,1,False,False
magnesium chloride,magnesium chloride,magnesium chloride,6579,1.0,True,rxnorm_exact,1,False,False
MAGNESIUM GLUCONATE,MAGNESIUM GLUCONATE,magnesium gluconate,52358,1.0,True,rxnorm_exact,1,False,False
MAGNESIUM HYDROXIDE,MAGNESIUM HYDROXIDE,magnesium hydroxide,6581,1.0,True,rxnorm_exact,1,False,False
MAGNESIUM HYDROXIDE 400 MG/5 ML ORAL SUSPENSION,MAGNESIUM HYDROXIDE / SUSPENSION,magnesium hydroxide Oral Suspension,243353,0.148,True,rxnorm_approximate,1,True,False
MAGNESIUM HYDROXIDE 400 MG/5ML PO SUSP,MAGNESIUM HYDROXIDE / SUSP,magnesium hydroxide Oral Suspension,243353,0.148,True,rxnorm_approximate,1,True,False
MAGNESIUM OXIDE,MAGNESIUM OXIDE,magnesium oxide,6582,1.0,True,rxnorm_exact,1,False,False
MAGNESIUM OXIDE 400 (241.3 MG) MG PO TABS,MAGNESIUM OXIDE 400 MG TABS,magnesium oxide 400 MG Oral Tablet,198741,1.0,True,rxnorm_exact,1,False,False
MAGNESIUM OXIDE 400 MG TAB,MAGNESIUM OXIDE TAB,magnesium oxide Oral Tablet,372692,1.0,True,rxnorm_exact,1,False,False
MAGNESIUM SULF 2 G IN D5W 50ML PREMIX,MAGNESIUM SULF IN D5W,100 ML magnesium sulfate 10 MG/ML Injection,829757,0.16,True,rxnorm_approximate,1,False,False
MAGNESIUM SULF 2 G/50 ML NS,MAGNESIUM SULF / NS,,1866877,0.161,True,rxnorm_approximate,0,True,False
MAGNESIUM SULF 2 GM/SW 50 ML BAG,MAGNESIUM SULF 2 GM/SW,50 ML magnesium sulfate 40 MG/ML Injection,1658259,0.116,True,rxnorm_approximate,1,False,False
MAGNESIUM SULFATE,MAGNESIUM SULFATE,magnesium sulfate,6585,1.0,True,rxnorm_exact,1,True,False
magnesium sulfate 1 g in d5w 100mL **LOCKED DOSE,magnesium sulfate in d5w LOCKED DOSE,100 ML magnesium sulfate 10 MG/ML Injection,829757,0.162,True,rxnorm_approximate,1,False,False
MAGNESIUM SULFATE 2 G IN NS PREMIX,MAGNESIUM SULFATE IN NS,,1866877,0.161,True,rxnorm_approximate,0,True,False
MAGNESIUM SULFATE 2 GM/50 ML IVPB,MAGNESIUM SULFATE 2 GM/ IVPB,50 ML magnesium sulfate 40 MG/ML Injection,1658259,0.116,True,rxnorm_approximate,1,False,False
MAGNESIUM SULFATE 2 GRAM/50 ML IV PIGGY BACK 50 ML FLEX CONT,MAGNESIUM SULFATE 2 GRAM/ PIGGY BACK FLEX CONT,,667764,0.141,True,rxnorm_approximate,0,False,False
MAGNESIUM SULFATE 2 GRAM/50 ML IV PIGGY BACK : 50 ML FLEX CONT,MAGNESIUM SULFATE 2 GRAM/ PIGGY BACK FLEX CONT,,667764,0.141,True,rxnorm_approximate,0,False,False
Magnesium Sulfate 2g/50mL SSO,Magnesium Sulfate / SSO,magnesium sulfate,6585,0.126,True,rxnorm_approximate,1,True,False
MAGNESIUM SULFATE 2G/SODIUM CHLORIDE 0.9% 100ML STOCK BAG,MAGNESIUM SULFATE /SODIUM CHLORIDE 0 9 STOCK,,1658447,0.139,True,rxnorm_approximate,0,False,False
MAGNESIUM SULFATE 2GM/50ML,MAGNESIUM SULFATE 2GM/,50 ML magnesium sulfate 40 MG/ML Injection,1658259,0.126,True,rxnorm_approximate,1,False,False
MAGNESIUM SULFATE 4 GRAM/100 ML IV PIGGY BACK : 100 ML FLEX CONT,MAGNESIUM SULFATE 4 GRAM/ PIGGY BACK FLEX CONT,,667764,0.141,True,rxnorm_approximate,0,False,False
MAGNESIUM SULFATE 4 MEQ/ML (50 %) INJ SOLN,MAGNESIUM SULFATE /ML 50,,899158,0.112,True,rxnorm_approximate,0,False,False
MAGNESIUM SULFATE 50 % (4 MEQ/ML) INJ,MAGNESIUM SULFATE 50 /ML,,899158,0.112,True,rxnorm_approximate,0,False,False
MAGNESIUM SULFATE 50 % IJ SOLN,MAGNESIUM SULFATE 50 IJ,,1737584,0.113,True,rxnorm_approximate,0,False,False
MAGNESIUM SULFATE 50 % IJ SOLN 2ML,MAGNESIUM SULFATE 50 IJ,,1737584,0.113,True,rxnorm_approximate,0,False,False
magnesium sulfate in D5W,magnesium sulfate in D5W,100 ML magnesium sulfate 10 MG/ML Injection,829757,0.16,True,rxnorm_approximate,1,False,False
MAGNESIUM SULFATE IN D5W 1 GRAM/100 ML IV PIGGY BACK : 100 ML,MAGNESIUM SULFATE IN D5W 1 GRAM/ PIGGY BACK,100 ML magnesium sulfate 10 MG/ML Injection,829757,0.174,True,rxnorm_approximate,1,False,False
Magnesium Sulfate IVF Infused (ml/hr),Magnesium Sulfate IVF Infused ml/hr,magnesium sulfate,6585,0.126,True,rxnorm_approximate,1,True,False
Magnesium Sulfate ivpb,Magnesium Sulfate ivpb,magnesium sulfate,6585,0.126,True,rxnorm_approximate,1,True,False
magnesium sulfate IVPB D5W 1 g 100 mL,magnesium sulfate IVPB D5W,100 ML magnesium sulfate 10 MG/ML Injection,829757,0.16,True,rxnorm_approximate,1,False,False
magnesium sulfate ivpb.,magnesium sulfate ivpb,magnesium sulfate,6585,0.126,True,rxnorm_approximate,1,True,False
MAGOX 400,MAGOX 400,magnesium oxide 400 MG Oral Tablet [Mag-Ox 400],210958,0.106,True,rxnorm_approximate,1,False,False
MAIN (ml/hr),MAIN ml/hr,,707608,0.07,True,rxnorm_approximate,0,False,False
MAVIK,MAVIK,,218245,0.095,True,rxnorm_approximate,0,False,False
MAXZIDE,MAXZIDE,Maxzide,52440,1.0,True,rxnorm_exact,2,False,False
MECLIZINE HCL,MECLIZINE HCL,meclizine,6676,1.0,True,rxnorm_exact,1,False,False
MEDROL,MEDROL,Medrol,202702,1.0,True,rxnorm_exact,1,False,False
MEGACE,MEGACE,,203000,0.093,True,rxnorm_approximate,0,False,False
MEGESTROL ACETATE,MEGESTROL ACETATE,megestrol acetate,29451,1.0,True,rxnorm_exact,1,False,False
MELOXICAM,MELOXICAM,meloxicam,41493,1.0,True,rxnorm_exact,1,False,False
MEMANTINE HCL,MEMANTINE HCL,memantine hydrochloride,236685,1.0,True,rxnorm_exact,1,False,False
MENTHOL,MENTHOL,racementhol,1430390,1.0,True,rxnorm_exact,1,False,False
MEPERIDINE (PF)  25 MG/ML INJ SYRINGE,MEPERIDINE PF /ML,meperidine,6754,0.124,True,rxnorm_approximate,1,False,False
MEPERIDINE 25 MG/1 ML 1 ML SYR,MEPERIDINE / SYR,meperidine Prefilled Syringe,727616,0.142,True,rxnorm_approximate,1,False,False
MEPERIDINE HCL,MEPERIDINE HCL,meperidine hydrochloride,103755,1.0,True,rxnorm_exact,1,False,False
MEPERIDINE RANGE INJ,MEPERIDINE RANGE,meperidine,6754,0.124,True,rxnorm_approximate,1,False,False
meropenem,meropenem,meropenem,29561,1.0,True,rxnorm_exact,1,False,False
MEROPENEM 1 G IV SOLR,MEROPENEM SOLR,meropenem,29561,0.132,True,rxnorm_approximate,1,False,False
MEROPENEM 500 MG IV SOLR,MEROPENEM SOLR,meropenem,29561,0.132,True,rxnorm_approximate,1,False,False
MERREM,MERREM,,83175,0.096,True,rxnorm_approximate,0,False,False
MESALAMINE,MESALAMINE,mesalamine,52582,1.0,True,rxnorm_exact,1,False,False
METANX,METANX,,583248,0.098,True,rxnorm_approximate,0,False,False
METFORMIN HCL,METFORMIN HCL,metformin hydrochloride,235743,1.0,True,rxnorm_exact,1,False,False
METFORMIN HCL 500 MG PO TABS,METFORMIN HCL TABS,metformin hydrochloride Oral Tablet,2646570,1.0,True,rxnorm_exact,1,False,False
METHADONE HCL,METHADONE HCL,methadone hydrochloride,218337,1.0,True,rxnorm_exact,1,False,False
METHADOSE,METHADOSE,Methadose,152751,1.0,True,rxnorm_exact,1,False,False
METHIMAZOLE,METHIMAZOLE,methimazole,6835,1.0,True,rxnorm_exact,1,False,False
METHOTREXATE,METHOTREXATE,methotrexate,6851,1.0,True,rxnorm_exact,1,False,False
methylPREDNISolone,methylPREDNISolone,methylprednisolone acetate,155323,1.0,True,rxnorm_exact,1,False,False
methylPREDNISolone 125 MG INJ,methylPREDNISolone,methylprednisolone acetate,155323,1.0,True,rxnorm_exact,1,False,False
methylPREDNISolone 40 MG INJ,methylPREDNISolone,methylprednisolone acetate,155323,1.0,True,rxnorm_exact,1,False,False
methylPREDNISolone sod suc(PF),methylPREDNISolone sod suc PF,methylprednisolone sodium phosphate,29917,0.151,True,rxnorm_approximate,1,False,False
METHYLPREDNISOLONE SOD SUCC,METHYLPREDNISOLONE SOD SUCC,methylprednisolone sodium phosphate,29917,1.0,True,rxnorm_exact,1,False,False
METHYLPREDNISOLONE SODIUM SUCC 125 MG IJ SOLR,METHYLPREDNISOLONE SODIUM SUCC IJ SOLR,methylprednisolone sodium succinate,203189,0.164,True,rxnorm_approximate,1,False,False
METHYLPREDNISOLONE SODIUM SUCC 40 MG IJ SOLR,METHYLPREDNISOLONE SODIUM SUCC IJ SOLR,methylprednisolone sodium succinate,203189,0.164,True,rxnorm_approximate,1,False,False
metoclopramide,metoclopramide,metoclopramide dihydrochloride,267035,1.0,True,rxnorm_exact,1,False,False
metoCLOPRAMIDE 5 MG/1ML 2ML SDV INJ,metoCLOPRAMIDE / SDV,metoclopramide,6915,0.124,True,rxnorm_approximate,1,False,False
METOCLOPRAMIDE HCL,METOCLOPRAMIDE HCL,metoclopramide dihydrochloride,267035,1.0,True,rxnorm_exact,1,False,False
METOCLOPRAMIDE HCL  5 MG/ML INJ SOLN,METOCLOPRAMIDE HCL /ML,metoclopramide hydrochloride,267036,0.135,True,rxnorm_approximate,1,True,True
METOCLOPRAMIDE HCL 10 MG PO TABS,METOCLOPRAMIDE HCL TABS,metoclopramide Oral Tablet,372886,1.0,True,rxnorm_exact,1,False,False
METOCLOPRAMIDE HCL 5 MG/ML IJ SOLN,METOCLOPRAMIDE HCL /ML IJ,metoclopramide hydrochloride,267036,0.135,True,rxnorm_approximate,1,True,True
METOLAZONE,METOLAZONE,metolazone,6916,1.0,True,rxnorm_exact,1,False,False
metoPROLOL,metoPROLOL,metoprolol succinate,221124,1.0,True,rxnorm_exact,1,False,False
metoprolol (LOPRESSOR) tab 12.5 mg,metoprolol LOPRESSOR tab,metoprolol Oral Tablet [Lopressor],368757,0.171,True,rxnorm_approximate,1,False,False
metoprolol (LOPRESSOR) tab 25 mg,metoprolol LOPRESSOR tab,metoprolol Oral Tablet [Lopressor],368757,0.171,True,rxnorm_approximate,1,False,False
METOPROLOL 1 MG/ML 5ML SDV INJ,METOPROLOL /ML SDV,metoprolol,6918,0.118,True,rxnorm_approximate,1,False,False
METOPROLOL INJ,METOPROLOL,metoprolol succinate,221124,1.0,True,rxnorm_exact,1,False,False
METOPROLOL SUCCINATE,METOPROLOL SUCCINATE,metoprolol succinate,221124,1.0,True,rxnorm_exact,1,False,False
METOPROLOL SUCCINATE ER 25 MG PO TB24,METOPROLOL SUCCINATE TB24,metoprolol succinate,221124,0.131,True,rxnorm_approximate,1,False,False
METOPROLOL SUCCINATE ER 50 MG PO TB24,METOPROLOL SUCCINATE TB24,metoprolol succinate,221124,0.131,True,rxnorm_approximate,1,False,False
METOPROLOL TARTRATE,METOPROLOL TARTRATE,metoprolol tartrate,203191,1.0,True,rxnorm_exact,1,True,False
METOPROLOL TARTRATE  25 MG ORAL TAB,METOPROLOL TARTRATE TAB,metoprolol tartrate Oral Tablet,2646152,1.0,True,rxnorm_exact,1,True,False
metoprolol tartrate (LOPRESSOR) inj 5 mg,metoprolol tartrate LOPRESSOR,metoprolol tartrate Injection [Lopressor],2658354,0.195,True,rxnorm_approximate,0,False,False
METOPROLOL TARTRATE 1 MG/ML IV SOLN,METOPROLOL TARTRATE /ML,metoprolol tartrate,203191,0.153,True,rxnorm_approximate,1,True,False
METOPROLOL TARTRATE 12.5 MG HALF TABLET,METOPROLOL TARTRATE HALF,metoprolol tartrate,203191,0.153,True,rxnorm_approximate,1,True,False
METOPROLOL TARTRATE 25 MG PO TABS,METOPROLOL TARTRATE TABS,metoprolol tartrate Oral Tablet,2646152,1.0,True,rxnorm_exact,1,True,False
METOPROLOL TARTRATE 25 MG TAB,METOPROLOL TARTRATE TAB,metoprolol tartrate Oral Tablet,2646152,1.0,True,rxnorm_exact,1,True,False
METOPROLOL TARTRATE 25 MG TABLET,METOPROLOL TARTRATE,metoprolol tartrate,203191,1.0,True,rxnorm_exact,1,True,False
METOPROLOL TARTRATE 5 MG/5 ML IV SOLN,METOPROLOL TARTRATE /,metoprolol tartrate,203191,1.0,True,rxnorm_exact,1,True,False
METOPROLOL TARTRATE 50 MG PO TABS,METOPROLOL TARTRATE TABS,metoprolol tartrate Oral Tablet,2646152,1.0,True,rxnorm_exact,1,True,False
METOPROLOL TARTRATE 50 MG TAB,METOPROLOL TARTRATE TAB,metoprolol tartrate Oral Tablet,2646152,1.0,True,rxnorm_exact,1,True,False
metroNIDAZOLE,metroNIDAZOLE,metronidazole benzoate,103866,1.0,True,rxnorm_exact,1,False,False
metroNIDAZOLE 500 MG in 100ML RTU-PB,metroNIDAZOLE in RTU-PB,100 ML metronidazole 5 MG/ML Injection,311683,0.13,True,rxnorm_approximate,1,True,False
METRONIDAZOLE 500 MG PO TABS,METRONIDAZOLE TABS,metronidazole Oral Tablet,372897,1.0,True,rxnorm_exact,1,False,False
MEXILETINE HCL,MEXILETINE HCL,mexiletine hydrochloride,142138,1.0,True,rxnorm_exact,1,False,False
MICARDIS,MICARDIS,Micardis,218353,1.0,True,rxnorm_exact,1,False,False
MICONAZOLE,MICONAZOLE,miconazole nitrate,42790,1.0,True,rxnorm_exact,1,False,False
MICROZIDE,MICROZIDE,,218369,0.099,True,rxnorm_approximate,0,False,False
midazolam,midazolam,midazolam maleate,142441,1.0,True,rxnorm_exact,1,False,False
Midazolam (mcg/kg/hr),Midazolam mcg/kg/hr,midazolam,6960,0.122,True,rxnorm_approximate,1,False,False
Midazolam (mg/hr),Midazolam mg/hr,midazolam,6960,0.122,True,rxnorm_approximate,1,False,False
Midazolam (ml/hr),Midazolam ml/hr,midazolam,6960,0.122,True,rxnorm_approximate,1,False,False
MIDAZOLAM (PF) 1 MG/1 ML 2 ML INJ,MIDAZOLAM PF /,midazolam,6960,0.122,True,rxnorm_approximate,1,False,False
midazolam (VERSED) 2 MG/2ML inj 1 mg,midazolam VERSED /,,756981,0.169,True,rxnorm_approximate,0,False,False
midazolam (VERSED) 2 MG/2ML inj 2 mg,midazolam VERSED /,,756981,0.169,True,rxnorm_approximate,0,False,False
MIDAZOLAM 1 MG/1 ML 2ML MDV INJ,MIDAZOLAM / MDV,midazolam,6960,0.122,True,rxnorm_approximate,1,False,False
MIDAZOLAM 1 MG/ML INJ SOLN,MIDAZOLAM /ML,midazolam,6960,0.122,True,rxnorm_approximate,1,False,False
MIDAZOLAM 100 MG in 100 ML NS,MIDAZOLAM in NS,,1866877,0.161,True,rxnorm_approximate,0,True,False
MIDAZOLAM 100 MG/100 ML NS,MIDAZOLAM / NS,,1866877,0.161,True,rxnorm_approximate,0,True,False
MIDAZOLAM HCL,MIDAZOLAM HCL,midazolam maleate,142441,1.0,True,rxnorm_exact,1,False,False
MIDAZOLAM HCL 2 MG/2ML IJ SOLN,MIDAZOLAM HCL / IJ,midazolam hydrochloride,203128,0.133,True,rxnorm_approximate,1,True,True
MIDAZOLAM HCL 2 MG/2ML INJ SOLN (RANGE) PRN,MIDAZOLAM HCL / RANGE PRN,midazolam hydrochloride,203128,0.133,True,rxnorm_approximate,1,True,True
MIDAZOLAM INJ,MIDAZOLAM,midazolam maleate,142441,1.0,True,rxnorm_exact,1,False,False
MIDODRINE HCL,MIDODRINE HCL,midodrine,6963,1.0,True,rxnorm_exact,1,False,False
MIDODRINE HCL 5 MG PO TABS,MIDODRINE HCL TABS,midodrine hydrochloride Oral Tablet,2648657,1.0,True,rxnorm_exact,1,False,False
MILK OF MAGNESIA,MILK OF MAGNESIA,magnesium hydroxide Oral Suspension,243353,1.0,True,rxnorm_exact,1,True,False
MILK OF MAGNESIA UD LIQ 30 ML,MILK OF MAGNESIA UD LIQ,magnesium hydroxide Oral Suspension,243353,0.193,True,rxnorm_approximate,1,True,False
MILNACIPRAN HCL,MILNACIPRAN HCL,milnacipran hydrochloride,30003,1.0,True,rxnorm_exact,1,False,False
Milrinone,Milrinone,milrinone lactate,155120,1.0,True,rxnorm_exact,1,False,False
Milrinone (),Milrinone,milrinone lactate,155120,1.0,True,rxnorm_exact,1,False,False
Milrinone (mcg/kg/min),Milrinone mcg/kg/min,milrinone,52769,0.133,True,rxnorm_approximate,1,False,False
Milrinone (ml/hr),Milrinone ml/hr,milrinone,52769,0.133,True,rxnorm_approximate,1,False,False
MINERAL OIL ENEMA,MINERAL OIL ENEMA,mineral oil Enema,237951,1.0,True,rxnorm_exact,1,False,False
MINERAL OIL RECT ENEM,MINERAL OIL RECT ENEM,mineral oil Rectal Product,1164745,0.155,True,rxnorm_approximate,1,False,False
MINOXIDIL,MINOXIDIL,minoxidil sulfate,1651695,1.0,True,rxnorm_exact,1,False,False
MIRALAX,MIRALAX,Miralax,261575,1.0,True,rxnorm_exact,1,False,False
MIRAPEX,MIRAPEX,Mirapex,218402,1.0,True,rxnorm_exact,1,False,False
MIRTAZAPINE,MIRTAZAPINE,mirtazapine,15996,1.0,True,rxnorm_exact,1,False,False
MIV (ml/hr),MIV ml/hr,,2210092,0.105,True,rxnorm_approximate,0,False,False
MOBIC,MOBIC,Mobic,152699,1.0,True,rxnorm_exact,1,False,False
MONTELUKAST SODIUM,MONTELUKAST SODIUM,montelukast sodium,115713,1.0,True,rxnorm_exact,1,False,False
morphine,morphine,morphine hydrochloride,235751,1.0,True,rxnorm_exact,1,False,False
Morphine (),Morphine,morphine hydrochloride,235751,1.0,True,rxnorm_exact,1,False,False
Morphine (mg/hr),Morphine mg/hr,morphine,7052,0.114,True,rxnorm_approximate,1,True,True
Morphine (ml/hr),Morphine ml/hr,morphine,7052,0.114,True,rxnorm_approximate,1,True,True
MORPHINE 10 MG/1 ML 1 ML SYR,MORPHINE / SYR,morphine Prefilled Syringe,746938,0.133,True,rxnorm_approximate,1,False,False
MORPHINE 10 MG/ML INJECTION : 1 ML INJECTION,MORPHINE /ML,morphine,7052,0.114,True,rxnorm_approximate,1,True,True
MORPHINE 2 MG/1 ML 1 ML SYR,MORPHINE / SYR,morphine Prefilled Syringe,746938,0.133,True,rxnorm_approximate,1,False,False
MORPHINE 2 MG/ML SYRINGE : 1 ML SYRINGE,MORPHINE /ML,morphine,7052,0.114,True,rxnorm_approximate,1,True,True
Morphine 250 mg Sodium Chloride 0.9% 250 ml  Premix (mg/hr),Morphine Sodium Chloride 0 9 mg/hr,sodium chloride 0.154 MEQ/ML,615106,0.127,True,rxnorm_approximate,1,True,False
MORPHINE 2MG/ML,MORPHINE /ML,morphine,7052,0.114,True,rxnorm_approximate,1,True,True
MORPHINE 4 MG/1 ML 1 ML SYR,MORPHINE / SYR,morphine Prefilled Syringe,746938,0.133,True,rxnorm_approximate,1,False,False
MORPHINE 4 MG/ML SYRINGE : 1 ML SYRINGE,MORPHINE /ML,morphine,7052,0.114,True,rxnorm_approximate,1,True,True
MORPHINE 5 MG/ML INJECTION : 1 ML VIAL,MORPHINE /ML,morphine,7052,0.114,True,rxnorm_approximate,1,True,True
MORPHINE INJ,MORPHINE,morphine hydrochloride,235751,1.0,True,rxnorm_exact,1,False,False
MORPHINE INJECTION ORDERABLE,MORPHINE ORDERABLE,morphine,7052,0.114,True,rxnorm_approximate,1,True,True
Morphine PCA (mg/hr),Morphine PCA mg/hr,,2058406,0.123,True,rxnorm_approximate,0,False,False
MORPHINE SULFATE,MORPHINE SULFATE,morphine hydrochloride,235751,1.0,True,rxnorm_exact,1,False,False
MORPHINE SULFATE (PF) 2 MG/ML IV SOLN,MORPHINE SULFATE PF /ML,morphine sulfate,30236,0.137,True,rxnorm_approximate,1,True,True
MORPHINE SULFATE (PF) 4 MG/ML IV SOLN,MORPHINE SULFATE PF /ML,morphine sulfate,30236,0.137,True,rxnorm_approximate,1,True,True
morphine sulfate (pf) inj 2 mg,morphine sulfate pf,morphine sulfate,30236,0.137,True,rxnorm_approximate,1,True,True
MORPHINE SULFATE 2 MG/ML IJ SOLN,MORPHINE SULFATE /ML IJ,morphine sulfate,30236,0.137,True,rxnorm_approximate,1,True,True
morphine sulfate 2 mg/ml ij/iv soln,morphine sulfate /ml ij/,morphine sulfate,30236,0.137,True,rxnorm_approximate,1,True,True
MORPHINE SULFATE ER,MORPHINE SULFATE,morphine hydrochloride,235751,1.0,True,rxnorm_exact,1,False,False
MORPHINE VARIABLE DOSE 2-4MG,MORPHINE VARIABLE DOSE 2-,,335250,0.11,True,rxnorm_approximate,0,False,False
MOTRIN,MOTRIN,Motrin,202488,1.0,True,rxnorm_exact,1,False,False
MOVIPREP,MOVIPREP,MoviPrep,669559,1.0,True,rxnorm_exact,6,False,False
MS CONTIN,MS CONTIN,MS Contin,203354,1.0,True,rxnorm_exact,1,False,False
MUCINEX,MUCINEX,Mucinex,352777,1.0,True,rxnorm_exact,1,False,False
MUCINEX D,MUCINEX D,,2388175,0.148,True,rxnorm_approximate,0,False,False
MUCINEX DM,MUCINEX DM,,2388176,0.145,True,rxnorm_approximate,0,False,False
MULTAQ,MULTAQ,Multaq,677229,1.0,True,rxnorm_exact,1,False,False
MULTI VITAMIN DAILY,MULTI VITAMIN DAILY,,1310326,0.147,True,rxnorm_approximate,0,False,False
MULTI-VITAMIN,MULTI-VITAMIN,,89905,0.199,True,rxnorm_approximate,0,False,False
MULTIPLE VITAMIN,MULTIPLE VITAMIN,,89905,0.14,True,rxnorm_approximate,0,False,False
"MULTIVIT W-CA, MIN/IRON CHELATE/FA/LUTEIN/HERBAL #179",MULTIVIT W-CA MIN/IRON CHELATE/FA/LUTEIN/HERBAL 179,,855035,0.176,True,rxnorm_approximate,0,False,False
MULTIVITAMIN,MULTIVITAMIN,,604365,0.059,True,rxnorm_approximate,0,False,False
MULTIVITAMINS,MULTIVITAMINS,,604365,0.059,True,rxnorm_approximate,0,False,False
MULTIVITAMINS W-CALCIUM-IRON,MULTIVITAMINS W-CALCIUM-IRON,,214715,0.137,True,rxnorm_approximate,0,False,False
MUPIROCIN,MUPIROCIN,mupirocin,42372,1.0,True,rxnorm_exact,1,False,False
MUPIROCIN 2 % OINT 1 G SYRINGE,MUPIROCIN 2 OINT,mupirocin 0.02 MG/MG Topical Ointment,106346,1.0,True,rxnorm_exact,1,False,False
MUPIROCIN 2 % TOP OINT,MUPIROCIN 2 TOP OINT,mupirocin 0.02 MG/MG Topical Ointment,106346,1.0,True,rxnorm_exact,1,False,False
"MVI, ADULT NO.4 WITH VIT K 3300 UNIT-150 MCG/10 ML IV 10 ML VIAL",MVI ADULT NO 4 WITH VIT K - /,,1946715,0.202,True,rxnorm_approximate,0,False,False
MYFORTIC,MYFORTIC,Myfortic,579570,1.0,True,rxnorm_exact,1,False,False
MYRBETRIQ,MYRBETRIQ,Myrbetriq,1300792,1.0,True,rxnorm_exact,1,False,False
MYSOLINE,MYSOLINE,Mysoline,203011,1.0,True,rxnorm_exact,1,False,False
N-ACETYL-L-CYSTEINE,N-ACETYL-L-CYSTEINE,acetylcysteine,197,1.0,True,rxnorm_exact,1,False,False
NABUMETONE,NABUMETONE,nabumetone,31448,1.0,True,rxnorm_exact,1,False,False
NaCl 0.9%,NaCl 0 9,,1795345,0.058,True,rxnorm_approximate,0,False,False
NACL 0.9% (1566),NACL 0 9 1566,,1795345,0.058,True,rxnorm_approximate,0,False,False
NaCl 0.9% ADV,NaCl 0 9 ADV,,2209051,0.068,True,rxnorm_approximate,0,False,False
NaCl 0.9% Bolus,NaCl 0 9 Bolus,kaolin,6102,0.061,True,rxnorm_approximate,1,False,False
NaCl 0.9% MBP,NaCl 0 9 MBP,,3835,0.093,True,rxnorm_approximate,0,False,False
NADOLOL,NADOLOL,nadolol,7226,1.0,True,rxnorm_exact,1,False,False
nalOXone,nalOXone,naloxone hydrochloride,203192,1.0,True,rxnorm_exact,1,True,True
NALOXONE 0.4 MG/1 ML SDV INJ,NALOXONE / SDV,naloxone,7242,0.12,True,rxnorm_approximate,1,False,False
NALOXONE 0.4 MG/ML INJ SOLN,NALOXONE /ML,naloxone,7242,0.12,True,rxnorm_approximate,1,False,False
NALOXONE HCL,NALOXONE HCL,naloxone hydrochloride,203192,1.0,True,rxnorm_exact,1,True,True
NALOXONE HCL 0.4 MG/ML IJ SOLN,NALOXONE HCL /ML IJ,naloxone hydrochloride,203192,0.131,True,rxnorm_approximate,1,True,True
NALTREXONE HCL,NALTREXONE HCL,naltrexone hydrochloride,105069,1.0,True,rxnorm_exact,1,False,False
NAMENDA,NAMENDA,Namenda,405206,1.0,True,rxnorm_exact,1,False,False
NAPROSYN,NAPROSYN,Naprosyn,203012,1.0,True,rxnorm_exact,1,False,False
NAPROXEN,NAPROXEN,naproxen,7258,1.0,True,rxnorm_exact,1,False,False
NARCAN,NARCAN,Narcan,197117,1.0,True,rxnorm_exact,1,False,False
NASONEX,NASONEX,Nasonex,153376,1.0,True,rxnorm_exact,1,False,False
NATEGLINIDE,NATEGLINIDE,nateglinide,274332,1.0,True,rxnorm_exact,1,False,False
NEOSPORIN,NEOSPORIN,,31607,0.082,True,rxnorm_approximate,0,False,False
neostigmine,neostigmine,neostigmine,7315,1.0,True,rxnorm_exact,1,False,False
NEOSTIGMINE METHYLSULFATE,NEOSTIGMINE METHYLSULFATE,neostigmine,7315,1.0,True,rxnorm_exact,1,False,False
NEPHRO-VITE,NEPHRO-VITE,,218693,0.303,True,rxnorm_approximate,0,False,False
NEPHROCAPS,NEPHROCAPS,,1087620,0.088,True,rxnorm_approximate,0,False,False
NEPHRONEX,NEPHRONEX,,607341,0.107,True,rxnorm_approximate,0,False,False
NESINA,NESINA,Nesina,1368007,1.0,True,rxnorm_exact,1,False,False
NEURONTIN,NEURONTIN,Neurontin,196498,1.0,True,rxnorm_exact,1,False,False
NEXIUM,NEXIUM,Nexium,284799,1.0,True,rxnorm_exact,1,False,False
NEXTERONE,NEXTERONE,Nexterone,832067,1.0,True,rxnorm_exact,1,False,False
NIACIN,NIACIN,niacin,7393,1.0,True,rxnorm_exact,1,False,False
NIACOR,NIACOR,Niacor,218728,1.0,True,rxnorm_exact,1,False,False
NIASPAN,NIASPAN,Niaspan,346366,1.0,True,rxnorm_exact,1,False,False
Nicardipine (),Nicardipine,nicardipine hydrochloride,235230,1.0,True,rxnorm_exact,1,True,False
Nicardipine (mg/hr),Nicardipine mg/hr,nicardipine,7396,0.127,True,rxnorm_approximate,1,False,False
Nicardipine (ml/hr),Nicardipine ml/hr,nicardipine,7396,0.127,True,rxnorm_approximate,1,False,False
NiCARDipine (premix) 20 mg Sodium Chloride 0.9% 200 ml (mg/hr),NiCARDipine Sodium Chloride 0 9 mg/hr,,1799627,0.131,True,rxnorm_approximate,0,False,False
niCARdipine 40 MG in 200 mL NS RTU-,niCARdipine in NS RTU-,,2288228,0.189,True,rxnorm_approximate,0,False,False
NICODERM CQ,NICODERM CQ,,203780,0.14,True,rxnorm_approximate,0,False,False
NICOTINE,NICOTINE,nicotine bitartrate,1306107,1.0,True,rxnorm_exact,1,False,False
NICOTINE 21 MG/24HR TD PT24,NICOTINE /24HR TD PT24,24 HR nicotine 0.583 MG/HR Transdermal System,198029,0.112,True,rxnorm_approximate,1,False,False
NIFEDIPINE,NIFEDIPINE,nifedipine,7417,1.0,True,rxnorm_exact,1,False,False
NIFEDIPINE ER,NIFEDIPINE,nifedipine,7417,1.0,True,rxnorm_exact,1,False,False
nimbex (mcg/kg/min),nimbex mcg/kg/min,Nimbex,136560,0.142,True,rxnorm_approximate,1,False,False
Nimbex (ml/hr),Nimbex ml/hr,Nimbex,136560,0.142,True,rxnorm_approximate,1,False,False
NITRO-BID,NITRO-BID,Nitro-Bid,202516,1.0,True,rxnorm_exact,1,False,False
NITROFURANTOIN,NITROFURANTOIN,"nitrofurantoin, monohydrate",221129,1.0,True,rxnorm_exact,1,False,False
nitroglycerin,nitroglycerin,nitroglycerin,4917,1.0,True,rxnorm_exact,1,False,False
Nitroglycerin (),Nitroglycerin,nitroglycerin,4917,1.0,True,rxnorm_exact,1,False,False
Nitroglycerin (mcg/min),Nitroglycerin mcg/min,nitroglycerin,4917,0.118,True,rxnorm_approximate,1,False,False
Nitroglycerin (ml/hr),Nitroglycerin ml/hr,nitroglycerin,4917,0.118,True,rxnorm_approximate,1,False,False
nitroglycerin (NITROSTAT) sl tab 0.4 mg,nitroglycerin NITROSTAT sl tab,nitroglycerin Sublingual Tablet [Nitrostat],370344,0.173,True,rxnorm_approximate,1,False,False
nitroglycerin (NITROSTAT) SL tablet 0.4 mg,nitroglycerin NITROSTAT SL,nitroglycerin Sublingual Tablet [Nitrostat],370344,0.164,True,rxnorm_approximate,1,False,False
Nitroglycerin (Unknown),Nitroglycerin Unknown,nitroglycerin,4917,0.118,True,rxnorm_approximate,1,False,False
NITROGLYCERIN 0.4 MG SL SUBL,NITROGLYCERIN SL SUBL,nitroglycerin Sublingual Tablet,373106,0.148,True,rxnorm_approximate,1,False,False
NITROGLYCERIN 0.4 MG SUBLINGUAL TABLET,NITROGLYCERIN SUBLINGUAL,nitroglycerin Sublingual Tablet,373106,0.148,True,rxnorm_approximate,1,False,False
NITROGLYCERIN 0.4 MG(1/150) SL TAB,NITROGLYCERIN 1/150 SL TAB,,312000,0.108,True,rxnorm_approximate,0,False,False
NITROGLYCERIN 50 mg in D5W 250 mL R,NITROGLYCERIN in D5W R,250 ML nitroglycerin 0.1 MG/ML Injection,1868562,0.167,True,rxnorm_approximate,1,False,False
NITROGLYCERIN 50MG/D5W 250ML BTL,NITROGLYCERIN /D5W BTL,250 ML nitroglycerin 0.2 MG/ML Injection,312004,0.189,True,rxnorm_approximate,1,False,False
NITROGLYCERIN IN D5W 200-5 MCG/ML-% IV SOLN,NITROGLYCERIN IN D5W 200- /ML-,250 ML nitroglycerin 0.1 MG/ML Injection,1868562,0.18,True,rxnorm_approximate,1,False,False
NitroGLYCERIN IVF Infused (ml/hr),NitroGLYCERIN IVF Infused ml/hr,nitroglycerin,4917,0.118,True,rxnorm_approximate,1,False,False
NITROGLYCERIN SL,NITROGLYCERIN SL,nitroglycerin,4917,0.118,True,rxnorm_approximate,1,False,False
Nitroglycerin(25mg/250ml) 25 mg Dextrose 5% 250 ml  Premix (glass bottle) (mcg/min),Nitroglycerin / Dextrose 5 glass bottle mcg/min,,1868563,0.128,True,rxnorm_approximate,0,False,False
NITROLINGUAL,NITROLINGUAL,Nitrolingual,151177,1.0,True,rxnorm_exact,1,False,False
Nitroprusside (mcg/kg/min),Nitroprusside mcg/kg/min,nitroprusside,7476,0.133,True,rxnorm_approximate,1,False,False
Nitroprusside (ml/hr),Nitroprusside ml/hr,nitroprusside,7476,0.133,True,rxnorm_approximate,1,False,False
Nitrostat,Nitrostat,Nitrostat,202525,1.0,True,rxnorm_exact,1,False,False
NITROSTAT 1/150,NITROSTAT 1/150,Nitrostat,202525,0.121,True,rxnorm_approximate,1,False,False
NIZORAL,NIZORAL,Nizoral,202692,1.0,True,rxnorm_exact,1,False,False
NORCO,NORCO,Norco,218772,1.0,True,rxnorm_exact,2,False,False
Norco 5 mg-325 mg,Norco -,Norco,218772,1.0,True,rxnorm_exact,2,False,False
NORCO 5/325 TAB,NORCO 5/325 TAB,acetaminophen 325 MG / hydrocodone bitartrate 5 MG Oral Tablet [Norco],857004,0.141,True,rxnorm_approximate,2,False,False
Norepinephrine,Norepinephrine,norepinephrine bitartrate,7508,1.0,True,rxnorm_exact,1,True,False
Norepinephrine (),Norepinephrine,norepinephrine bitartrate,7508,1.0,True,rxnorm_exact,1,True,False
Norepinephrine (mcg/kg/min),Norepinephrine mcg/kg/min,norepinephrine,7512,0.128,True,rxnorm_approximate,1,False,False
Norepinephrine (mcg/min),Norepinephrine mcg/min,norepinephrine,7512,0.128,True,rxnorm_approximate,1,False,False
Norepinephrine (ml/hr),Norepinephrine ml/hr,norepinephrine,7512,0.128,True,rxnorm_approximate,1,False,False
NOREPINEPHRINE 4 MG/250 ML NS,NOREPINEPHRINE / NS,,1866877,0.161,True,rxnorm_approximate,0,True,False
NOREPINEPHRINE 4 MG/250 ML NS INFUSION (STD CON'C) (REPACKAGE),NOREPINEPHRINE / NS STD CON C REPACKAGE,,1866877,0.161,True,rxnorm_approximate,0,True,False
NOREPINEPHRINE 8 MG in 250mL NS,NOREPINEPHRINE in NS,,1866877,0.161,True,rxnorm_approximate,0,True,False
NOREPINEPHRINE BITARTRATE 1 MG/ML AMP,NOREPINEPHRINE BITARTRATE /ML AMP,norepinephrine bitartrate,7508,0.156,True,rxnorm_approximate,1,True,False
NOREPINEPHRINE BITARTRATE 1 MG/ML IJ SOLN,NOREPINEPHRINE BITARTRATE /ML IJ,norepinephrine bitartrate,7508,0.156,True,rxnorm_approximate,1,True,False
NOREPINEPHRINE BITARTRATE 1 MG/ML IV : 4 ML,NOREPINEPHRINE BITARTRATE /ML,norepinephrine bitartrate,7508,0.156,True,rxnorm_approximate,1,True,False
NOREPINEPHRINE BITARTRATE 1 MG/ML IV SOLN,NOREPINEPHRINE BITARTRATE /ML,norepinephrine bitartrate,7508,0.156,True,rxnorm_approximate,1,True,False
Norepinephrine MAX 32 mg Dextrose 5% 250 ml (mcg/min),Norepinephrine MAX Dextrose 5 mcg/min,,1861609,0.123,True,rxnorm_approximate,0,False,False
Norepinephrine STD 4 mg Dextrose 5% 250 ml (mcg/min),Norepinephrine STD Dextrose 5 mcg/min,,1861609,0.123,True,rxnorm_approximate,0,False,False
Normal Saline  (ml/hr),Normal Saline ml/hr,,1866877,0.158,True,rxnorm_approximate,0,True,False
Normal Saline (ml/hr),Normal Saline ml/hr,,1866877,0.158,True,rxnorm_approximate,0,True,False
NORMAL SALINE 0.9%,NORMAL SALINE 0 9,,2268653,0.142,True,rxnorm_approximate,0,False,False
NORMAL SALINE FLUSH,NORMAL SALINE FLUSH,,352807,0.211,True,rxnorm_approximate,0,False,False
Normal Saline with Sodium Bicarb (ml/hr),Normal Saline with Sodium Bicarb ml/hr,,1866877,0.158,True,rxnorm_approximate,0,True,False
NORMODYNE;TRANDATE,NORMODYNE TRANDATE,Trandate,152440,0.142,True,rxnorm_approximate,1,False,False
NORTRIPTYLINE HCL,NORTRIPTYLINE HCL,nortriptyline hydrochloride,203130,1.0,True,rxnorm_exact,1,False,False
NORVASC,NORVASC,Norvasc,58927,1.0,True,rxnorm_exact,1,False,False
NOVOLIN 70-30,NOVOLIN 70-30,,1451803,0.207,True,rxnorm_approximate,0,False,False
NOVOLIN N,NOVOLIN N,Novolin N,93558,1.0,True,rxnorm_exact,1,False,False
NOVOLIN R,NOVOLIN R,Novolin R,93560,1.0,True,rxnorm_exact,1,False,False
NovoLOG,NovoLOG,NovoLog,284810,1.0,True,rxnorm_exact,1,False,False
NOVOLOG FLEXPEN,NOVOLOG FLEXPEN,,834992,0.193,True,rxnorm_approximate,0,False,False
NS (ml/hr),NS ml/hr,,1866877,0.161,True,rxnorm_approximate,0,True,False
NS 0.9%,NS 0 9,,2540154,0.141,True,rxnorm_approximate,0,True,False
"NS 1,000 mL",NS 1,,2540154,0.141,True,rxnorm_approximate,0,True,False
NS BOLUS (ml/hr),NS BOLUS ml/hr,,1866877,0.161,True,rxnorm_approximate,0,True,False
NS for Blood Administration (ml/hr),NS for Blood Administration ml/hr,,1866877,0.161,True,rxnorm_approximate,0,True,False
NS WITH 20K (ml/hr),NS WITH 20K ml/hr,,2540154,0.141,True,rxnorm_approximate,0,True,False
NS with 20meq  KCL (ml/hr),NS with KCL ml/hr,,1866877,0.161,True,rxnorm_approximate,0,True,False
NSS (ml/hr),NSS ml/hr,,,0.0,False,rxnorm_approximate,0,False,False
"NSS 0.9% 1,000 mL bolus infusion",NSS 0 9 1 bolus,kaolin,6102,0.061,True,rxnorm_approximate,1,False,False
NSS 0.9% 500 mL bolus infusion,NSS 0 9 bolus,kaolin,6102,0.061,True,rxnorm_approximate,1,False,False
NSS infusion,NSS,,,0.0,False,rxnorm_approximate,0,False,False
NYSTATIN,NYSTATIN,nystatin,7597,1.0,True,rxnorm_exact,1,False,False
OCELLA,OCELLA,,802656,0.088,True,rxnorm_approximate,0,False,False
Octreotide (),Octreotide,octreotide acetate,221130,1.0,True,rxnorm_exact,1,False,False
Octreotide (mcg/hr),Octreotide mcg/hr,octreotide,7617,0.125,True,rxnorm_approximate,1,False,False
Octreotide (ml/hr),Octreotide ml/hr,octreotide,7617,0.125,True,rxnorm_approximate,1,False,False
OCUVITE,OCUVITE,Ocuvite,218860,1.0,True,rxnorm_exact,7,False,False
OLANZAPINE,OLANZAPINE,olanzapine pamoate,1294588,1.0,True,rxnorm_exact,1,False,False
OMEGA 3,OMEGA 3,omega-3 fatty acids,4301,1.0,True,rxnorm_exact,1,False,False
OMEGA 3-6-9 FATTY ACIDS,OMEGA 3-6-9 FATTY ACIDS,,1718292,0.185,True,rxnorm_approximate,0,False,False
OMEGA-3 ACID ETHYL ESTERS,OMEGA-3 ACID ETHYL ESTERS,omega-3 acid ethyl esters (USP),484348,1.0,True,rxnorm_exact,1,False,False
OMEPRAZOLE,OMEPRAZOLE,esomeprazole,283742,1.0,True,rxnorm_exact,1,True,False
omeprazole (PriLOSEC) cap 20 mg,omeprazole PriLOSEC cap,omeprazole Delayed Release Oral Capsule [Prilosec],366804,0.165,True,rxnorm_approximate,1,False,False
OMEPRAZOLE 20 MG PO CAP-DEL-REL,OMEPRAZOLE CAP-DEL-REL,omeprazole Delayed Release Oral Capsule,378236,0.121,True,rxnorm_approximate,1,False,False
ondansetron,ondansetron,ondansetron hydrochloride,203148,1.0,True,rxnorm_exact,1,True,False
ONDANSETRON (PF),ONDANSETRON PF,ondansetron,26225,0.122,True,rxnorm_approximate,1,False,False
ondansetron (PF) (ZOFRAN) injection 4 mg,ondansetron PF ZOFRAN,,368221,0.166,True,rxnorm_approximate,0,False,False
ondansetron (ZOFRAN) inj 4 mg,ondansetron ZOFRAN,,368221,0.166,True,rxnorm_approximate,0,False,False
ondansetron (ZOFRAN) injection 4 mg,ondansetron ZOFRAN,,368221,0.166,True,rxnorm_approximate,0,False,False
ONDANSETRON 2 MG/1 ML 2ML SDV INJ,ONDANSETRON / SDV,ondansetron,26225,0.122,True,rxnorm_approximate,1,False,False
Ondansetron 2mg/ml  SSO,Ondansetron /ml SSO,ondansetron,26225,0.122,True,rxnorm_approximate,1,False,False
ONDANSETRON 4 MG PO TAB-DISPERSE,ONDANSETRON TAB-DISPERSE,ondansetron Oral Tablet,373148,0.124,True,rxnorm_approximate,1,False,False
ONDANSETRON 4 MG PO TBDP,ONDANSETRON TBDP,ondansetron,26225,0.122,True,rxnorm_approximate,1,False,False
ONDANSETRON 4mg/2ml INJ,ONDANSETRON /,ondansetron hydrochloride,203148,1.0,True,rxnorm_exact,1,True,False
ONDANSETRON HCL,ONDANSETRON HCL,ondansetron hydrochloride,203148,1.0,True,rxnorm_exact,1,True,False
ondansetron HCl (PF) (ZOFRAN) injection 4 mg,ondansetron HCl PF ZOFRAN,,368221,0.166,True,rxnorm_approximate,0,False,False
ONDANSETRON HCL (PF) 4 MG/2 ML INJ SOLN,ONDANSETRON HCL PF /,ondansetron hydrochloride,203148,0.133,True,rxnorm_approximate,1,True,False
ONDANSETRON HCL (PF) 4 MG/2 ML INJECTION 2 ML VIAL,ONDANSETRON HCL PF /,ondansetron hydrochloride,203148,0.133,True,rxnorm_approximate,1,True,False
ONDANSETRON HCL 2 MG/ML INJ SOLN,ONDANSETRON HCL /ML,ondansetron hydrochloride,203148,0.133,True,rxnorm_approximate,1,True,False
ONDANSETRON HCL 4 MG PO TABS,ONDANSETRON HCL TABS,ondansetron Oral Tablet,373148,1.0,True,rxnorm_exact,1,False,False
ONDANSETRON HCL 4 MG TABLET,ONDANSETRON HCL,ondansetron hydrochloride,203148,1.0,True,rxnorm_exact,1,True,False
ONDANSETRON HCL 4 MG/2ML IJ SOLN,ONDANSETRON HCL / IJ,ondansetron hydrochloride,203148,0.133,True,rxnorm_approximate,1,True,False
ONDANSETRON HCL INJ,ONDANSETRON HCL,ondansetron hydrochloride,203148,1.0,True,rxnorm_exact,1,True,False
ONDANSETRON INJ,ONDANSETRON,ondansetron hydrochloride,203148,1.0,True,rxnorm_exact,1,True,False
OPTIRAY 320,OPTIRAY 320,,67896,0.116,True,rxnorm_approximate,0,False,False
ORPHENADRINE CITRATE,ORPHENADRINE CITRATE,orphenadrine hydrochloride,202723,1.0,True,rxnorm_exact,1,False,False
OXAZEPAM,OXAZEPAM,oxazepam,7781,1.0,True,rxnorm_exact,1,False,False
OXYBUTYNIN,OXYBUTYNIN,oxybutynin,32675,1.0,True,rxnorm_exact,1,False,False
oxyCODONE,oxyCODONE,oxycodone,7804,1.0,True,rxnorm_exact,1,False,False
OXYCODONE   5 MG ORAL TAB,OXYCODONE TAB,oxycodone hydrochloride Oral Tablet,2645384,1.0,True,rxnorm_exact,1,False,False
oxyCODONE (OXY IR) cap-tab 10 mg,oxyCODONE OXY IR cap-tab,oxycodone hydrochloride 5 MG Oral Capsule,1049696,0.161,True,rxnorm_approximate,1,False,False
oxyCODONE (OXY IR) cap-tab 5 mg,oxyCODONE OXY IR cap-tab,oxycodone hydrochloride 5 MG Oral Capsule,1049696,0.161,True,rxnorm_approximate,1,False,False
oxyCODONE 5 MG TAB,oxyCODONE TAB,oxycodone hydrochloride Oral Tablet,2645384,1.0,True,rxnorm_exact,1,False,False
OXYCODONE CONCENTRATE,OXYCODONE CONCENTRATE,oxycodone,7804,0.113,True,rxnorm_approximate,1,False,False
OXYCODONE HCL,OXYCODONE HCL,oxycodone,7804,1.0,True,rxnorm_exact,1,False,False
OXYCODONE HCL 5 MG PO TABS,OXYCODONE HCL TABS,oxycodone hydrochloride Oral Tablet,2645384,1.0,True,rxnorm_exact,1,False,False
OXYCODONE HCL 5 MG PO TABS (RANGE) PRN,OXYCODONE HCL TABS RANGE PRN,oxycodone hydrochloride Oral Tablet,2645384,0.126,True,rxnorm_approximate,1,False,False
OXYCODONE HCL-ACETAMINOPHEN,OXYCODONE HCL-ACETAMINOPHEN,acetaminophen / oxycodone,214183,1.0,True,rxnorm_exact,2,True,False
OXYCODONE IR,OXYCODONE IR,oxycodone,7804,0.113,True,rxnorm_approximate,1,False,False
OXYCODONE-ACETAMIN 5-325 MG,OXYCODONE-ACETAMIN 5-,,1049709,0.119,True,rxnorm_approximate,0,False,False
oxyCODONE-acetaminophen,oxyCODONE-acetaminophen,acetaminophen / oxycodone,214183,1.0,True,rxnorm_exact,2,True,False
oxycodone-acetaminophen 5-325 mg po tabs,oxycodone-acetaminophen 5- tabs,,1049709,0.127,True,rxnorm_approximate,0,False,False
OXYCODONE/APAP 5MG/325MG,OXYCODONE/APAP /,acetaminophen / oxycodone,214183,1.0,True,rxnorm_exact,2,True,False
OXYCONTIN,OXYCONTIN,Oxycontin,218986,1.0,True,rxnorm_exact,1,False,False
OXYMORPHONE HCL,OXYMORPHONE HCL,oxymorphone,7814,1.0,True,rxnorm_exact,1,False,False
OYST-CAL-500,OYST-CAL-500,,218995,0.315,True,rxnorm_approximate,0,False,False
OYSTER SHELL + D,OYSTER SHELL D,,219005,0.203,True,rxnorm_approximate,0,False,False
PACERONE,PACERONE,Pacerone,219038,1.0,True,rxnorm_exact,1,False,False
pantoprazole,pantoprazole,pantoprazole,40790,1.0,True,rxnorm_exact,1,False,False
Pantoprazole (),Pantoprazole,pantoprazole,40790,1.0,True,rxnorm_exact,1,False,False
Pantoprazole (mg/hr),Pantoprazole mg/hr,pantoprazole,40790,0.126,True,rxnorm_approximate,1,False,False
Pantoprazole (mg/hr) (mg/hr),Pantoprazole mg/hr mg/hr,pantoprazole,40790,0.126,True,rxnorm_approximate,1,False,False
Pantoprazole (ml/hr),Pantoprazole ml/hr,pantoprazole,40790,0.126,True,rxnorm_approximate,1,False,False
pantoprazole (PROTONIX) injection 40 mg,pantoprazole PROTONIX,pantoprazole Injection [Protonix],1737589,0.177,True,rxnorm_approximate,1,False,False
pantoprazole (PROTONIX) tablet 40 mg,pantoprazole PROTONIX,pantoprazole Injection [Protonix],1737589,0.177,True,rxnorm_approximate,1,False,False
PANTOPRAZOLE 40 MG EC TAB,PANTOPRAZOLE EC TAB,pantoprazole 40 MG Delayed Release Oral Tablet,314200,0.134,True,rxnorm_approximate,1,False,False
PANTOPRAZOLE 40 MG in 100 mL NS,PANTOPRAZOLE in NS,,1866877,0.161,True,rxnorm_approximate,0,True,False
PANTOPRAZOLE 40 MG INJ,PANTOPRAZOLE,pantoprazole,40790,1.0,True,rxnorm_exact,1,False,False
PANTOPRAZOLE 40 MG INTRAVENOUS SOLUTION,PANTOPRAZOLE INTRAVENOUS,pantoprazole,40790,0.126,True,rxnorm_approximate,1,False,False
PANTOPRAZOLE 40 MG IV RECON SOLN,PANTOPRAZOLE RECON,pantoprazole,40790,0.126,True,rxnorm_approximate,1,False,False
PANTOPRAZOLE 40 MG ORAL ENT COAT TAB,PANTOPRAZOLE ENT COAT TAB,pantoprazole,40790,0.126,True,rxnorm_approximate,1,False,False
"PANTOPRAZOLE 40 MG TABLET,DELAYED RELEASE",PANTOPRAZOLE DELAYED RELEASE,pantoprazole Delayed Release Oral Tablet,373222,0.153,True,rxnorm_approximate,1,False,False
PANTOPRAZOLE DR,PANTOPRAZOLE DR,pantoprazole,40790,0.126,True,rxnorm_approximate,1,False,False
PANTOPRAZOLE SOD,PANTOPRAZOLE SOD,pantoprazole,40790,0.126,True,rxnorm_approximate,1,False,False
PANTOPRAZOLE SODIUM,PANTOPRAZOLE SODIUM,pantoprazole sodium,253191,1.0,True,rxnorm_exact,1,False,False
pantoprazole sodium 40 mg iv solr,pantoprazole sodium solr,pantoprazole sodium,253191,0.142,True,rxnorm_approximate,1,False,False
PANTOPRAZOLE SODIUM 40 MG PO TBEC,PANTOPRAZOLE SODIUM TBEC,pantoprazole sodium,253191,0.142,True,rxnorm_approximate,1,False,False
PAROXETINE HCL,PAROXETINE HCL,paroxetine hydrochloride,235830,1.0,True,rxnorm_exact,1,False,False
PAXIL,PAXIL,Paxil,114228,1.0,True,rxnorm_exact,1,False,False
Pepcid,Pepcid,Pepcid,196458,1.0,True,rxnorm_exact,1,False,False
PERCOCET,PERCOCET,Percocet,42844,1.0,True,rxnorm_exact,2,False,False
PERCOCET 5/325 TAB,PERCOCET 5/325 TAB,Percocet,42844,0.148,True,rxnorm_approximate,2,False,False
PERCOCET 5MG/325MG,PERCOCET /,Percocet,42844,1.0,True,rxnorm_exact,2,False,False
PERIDEX,PERIDEX,Peridex,224891,1.0,True,rxnorm_exact,1,False,False
PERPHENAZINE-AMITRIPTYLINE,PERPHENAZINE-AMITRIPTYLINE,amitriptyline / perphenazine,1012360,1.0,True,rxnorm_exact,2,False,False
PERPHENAZINE/AMITRIPTYLINE HCL,PERPHENAZINE/AMITRIPTYLINE HCL,amitriptyline / perphenazine,1012360,1.0,True,rxnorm_exact,2,False,False
PERSANTINE,PERSANTINE,,203015,0.093,True,rxnorm_approximate,0,False,False
PHENAZOPYRIDINE HCL,PHENAZOPYRIDINE HCL,phenazopyridine hydrochloride,203197,1.0,True,rxnorm_exact,1,False,False
PHENERGAN,PHENERGAN,Phenergan,152218,1.0,True,rxnorm_exact,1,False,False
Phenylephrine,Phenylephrine,phenylephrine tannate,221139,1.0,True,rxnorm_exact,1,False,False
Phenylephrine (),Phenylephrine,phenylephrine tannate,221139,1.0,True,rxnorm_exact,1,False,False
Phenylephrine (mcg/kg/min),Phenylephrine mcg/kg/min,,405159,0.138,True,rxnorm_approximate,0,False,False
Phenylephrine (mcg/min),Phenylephrine mcg/min,phenylephrine,8163,0.1,True,rxnorm_approximate,1,False,False
Phenylephrine (ml/hr),Phenylephrine ml/hr,phenylephrine,8163,0.1,True,rxnorm_approximate,1,False,False
PHENYLEPHRINE 10 MG/250 ML NS,PHENYLEPHRINE / NS,,1866877,0.161,True,rxnorm_approximate,0,True,False
PHENYLEPHRINE 40 MG in 250 mL NS,PHENYLEPHRINE in NS,,1866877,0.161,True,rxnorm_approximate,0,True,False
PHENYLEPHRINE HCL,PHENYLEPHRINE HCL,phenylephrine tannate,221139,1.0,True,rxnorm_exact,1,False,False
PHENYLEPHRINE HCL 10 MG/ML IJ SOLN,PHENYLEPHRINE HCL /ML IJ,phenylephrine hydrochloride,8164,0.112,True,rxnorm_approximate,1,False,False
PHENYLEPHRINE HCL/ACETAMINOPHEN/CHLORPHENIRAMINE,PHENYLEPHRINE HCL/ACETAMINOPHEN/CHLORPHENIRAMINE,acetaminophen / chlorpheniramine / phenylephrine,689583,1.0,True,rxnorm_exact,3,False,False
PHENYTOIN,PHENYTOIN,phenytoin,8183,1.0,True,rxnorm_exact,1,False,False
PHOSLO,PHOSLO,Phoslo,219236,1.0,True,rxnorm_exact,1,False,False
PHYTONADIONE,PHYTONADIONE,vitamin K1,8308,1.0,True,rxnorm_exact,1,False,False
PILOCARPINE HCL,PILOCARPINE HCL,pilocarpine nitrate,103244,1.0,True,rxnorm_exact,1,False,False
PIOGLITAZONE HCL,PIOGLITAZONE HCL,pioglitazone hydrochloride,259319,1.0,True,rxnorm_exact,1,False,False
PIPERACILLIN SOD-TAZOBACTAM SO 3-0.375 G IV SOLR,PIPERACILLIN SOD-TAZOBACTAM SO 3- SOLR,piperacillin 3000 MG / tazobactam 375 MG Injection,1659137,0.162,True,rxnorm_approximate,2,False,False
piperacillin-tazobactam,piperacillin-tazobactam,piperacillin / tazobactam,74169,1.0,True,rxnorm_exact,2,False,False
PIPERACILLIN-TAZOBACTAM 3.375 G IVPB,PIPERACILLIN-TAZOBACTAM IVPB,piperacillin / tazobactam,74169,0.282,True,rxnorm_approximate,2,False,False
PIPERACILLIN-TAZOBACTAM 3.375 G MINI-BAG PLUS,PIPERACILLIN-TAZOBACTAM MINI- PLUS,piperacillin / tazobactam,74169,0.282,True,rxnorm_approximate,2,False,False
PIPERACILLIN/TAZOBACTAM,PIPERACILLIN/TAZOBACTAM,piperacillin / tazobactam,74169,1.0,True,rxnorm_exact,2,False,False
PIPERACILLIN/TAZOBACTAM SOD 3.375 GM  VIAL,PIPERACILLIN/TAZOBACTAM SOD 3 375 GM,piperacillin 3000 MG / tazobactam 375 MG Injection,1659137,0.198,True,rxnorm_approximate,2,False,False
PLAQUENIL,PLAQUENIL,Plaquenil,202462,1.0,True,rxnorm_exact,1,False,False
plasma-LYte 148 infusion,plasma-LYte 148,Plasma-lyte 148,33829,1.0,True,rxnorm_exact,5,False,False
Plavix,Plavix,Plavix,174742,1.0,True,rxnorm_exact,1,False,False
PLETAL,PLETAL,,219267,0.098,True,rxnorm_approximate,0,False,False
PNEUMOCOCCAL 23-VALPS VACCINE 25 MCG/0.5 ML INJ INJ,PNEUMOCOCCAL 23-VALPS VACCINE /,0.5 ML Streptococcus pneumoniae type 1 capsular polysaccharide antigen 0.05 MG/ML / Streptococcus pneumoniae type 10A capsular polysaccharide antigen 0.05 MG/ML / Streptococcus pneumoniae type 11A capsular polysaccharide antigen 0.05 MG/ML / Streptococcus pneumoniae type 12F capsular polysaccharide antigen 0.05 MG/ML / Streptococcus pneumoniae type 14 capsular polysaccharide antigen 0.05 MG/ML / Streptococcus pneumoniae type 15B capsular polysaccharide antigen 0.05 MG/ML / Streptococcus pneumoniae type 17F capsular polysaccharide antigen 0.05 MG/ML / Streptococcus pneumoniae type 18C capsular polysaccharide antigen 0.05 MG/ML / Streptococcus pneumoniae type 19A capsular polysaccharide antigen 0.05 MG/ML / Streptococcus pneumoniae type 19F capsular polysaccharide antigen 0.05 MG/ML / Streptococcus pneumoniae type 2 capsular polysaccharide antigen 0.05 MG/ML / Streptococcus pneumoniae type 20 capsular polysaccharide antigen 0.05 MG/ML / Streptococcus pneumoniae type 22F capsular polysaccharide antigen 0.05 MG/ML / Streptococcus pneumoniae type 23F capsular polysaccharide antigen 0.05 MG/ML / Streptococcus pneumoniae type 3 capsular polysaccharide antigen 0.05 MG/ML / Streptococcus pneumoniae type 33F capsular polysaccharide antigen 0.05 MG/ML / Streptococcus pneumoniae type 4 capsular polysaccharide antigen 0.05 MG/ML / Streptococcus pneumoniae type 5 capsular polysaccharide antigen 0.05 MG/ML / Streptococcus pneumoniae type 6B capsular polysaccharide antigen 0.05 MG/ML / Streptococcus pneumoniae type 7F capsular polysaccharide antigen 0.05 MG/ML / Streptococcus pneumoniae type 8 capsular polysaccharide antigen 0.05 MG/ML / Streptococcus pneumoniae type 9N capsular polysaccharide antigen 0.05 MG/ML / Streptococcus pneumoniae type 9V capsular polysaccharide antigen 0.05 MG/ML Prefilled Syringe,1547580,0.292,True,rxnorm_approximate,23,False,False
PNEUMOCOCCAL POLYSACCHARIDES,PNEUMOCOCCAL POLYSACCHARIDES,,221144,0.159,True,rxnorm_approximate,0,False,False
PNEUMOCOCCAL VAC POLYVALENT 25 MCG/0.5ML IJ INJ,PNEUMOCOCCAL VAC POLYVALENT / IJ,,298583,0.149,True,rxnorm_approximate,0,False,False
PNU-IMMUNE-23  25 MCG/0.5 ML INJ,PNU-IMMUNE-23 /,,2476254,0.02,True,rxnorm_approximate,0,False,False
polyethylene glycol,polyethylene glycol,polyethylene glycols,8516,1.0,True,rxnorm_exact,1,False,False
polyethylene glycol 3350 (MIRALAX) oral powder 17 g,polyethylene glycol 3350 MIRALAX powder,polyethylene glycol 3350 17000 MG [Miralax],1870384,0.196,True,rxnorm_approximate,1,False,False
POLYETHYLENE GLYCOL 3350 17 GRAM ORAL POWDER PACKET,POLYETHYLENE GLYCOL 3350 17 GRAM POWDER PACKET,polyethylene glycol 3350 17000 MG Powder for Oral Solution,876193,0.2,True,rxnorm_approximate,1,False,False
POLYETHYLENE GLYCOL 3350 17 GRAM ORAL PWPK,POLYETHYLENE GLYCOL 3350 17 GRAM PWPK,polyethylene glycol 3350 17000 MG Powder for Oral Solution,876193,0.174,True,rxnorm_approximate,1,False,False
POLYETHYLENE GLYCOL 3350 PO PACK,POLYETHYLENE GLYCOL 3350 PACK,polyethylene glycol 3350,221147,0.163,True,rxnorm_approximate,1,False,False
POLYETHYLENE GLYCOL 3350 PO POWD,POLYETHYLENE GLYCOL 3350 POWD,polyethylene glycol 3350,221147,0.163,True,rxnorm_approximate,1,False,False
POLYETHYLENE GLYCOL 3350 UDPWD,POLYETHYLENE GLYCOL 3350 UDPWD,polyethylene glycol 3350,221147,0.163,True,rxnorm_approximate,1,False,False
POLYVINYL ALCOHOL,POLYVINYL ALCOHOL,polyvinyl alcohol,8570,1.0,True,rxnorm_exact,1,False,False
POTASSIUM,POTASSIUM,potassium,8588,1.0,True,rxnorm_exact,1,False,False
POTASSIUM & SODIUM PHOSPHATES 280-160-250 MG PO PACK,POTASSIUM SODIUM PHOSPHATES 280-160- PACK,,1861954,0.154,True,rxnorm_approximate,0,False,False
POTASSIUM AND SODIUM PHOSPHATE,POTASSIUM AND SODIUM PHOSPHATE,,214794,0.144,True,rxnorm_approximate,0,False,False
potassium chloride,potassium chloride,potassium chloride,8591,1.0,True,rxnorm_exact,1,True,False
POTASSIUM CHLORIDE  20 MEQ ORAL PACK,POTASSIUM CHLORIDE PACK,potassium chloride,8591,0.125,True,rxnorm_approximate,1,True,False
POTASSIUM CHLORIDE  20 MEQ ORAL SR PART/TAB,POTASSIUM CHLORIDE PART/TAB,potassium chloride Oral Tablet,373523,0.127,True,rxnorm_approximate,1,False,False
potassium CHLORIDE 10 mEq i,potassium CHLORIDE i,potassium chloride,8591,0.125,True,rxnorm_approximate,1,True,False
potassium chloride 10 mEq in 100 mL ivpb **LOCKED DOSE,potassium chloride in ivpb LOCKED DOSE,potassium chloride,8591,0.125,True,rxnorm_approximate,1,True,False
POTASSIUM CHLORIDE 10 MEQ/100ML IV SOLN,POTASSIUM CHLORIDE /,potassium chloride,8591,1.0,True,rxnorm_exact,1,True,False
POTASSIUM CHLORIDE 10 MEQ/50ML IV SOLN,POTASSIUM CHLORIDE /,potassium chloride,8591,1.0,True,rxnorm_exact,1,True,False
POTASSIUM CHLORIDE 2 MEQ/ML IV SOLN,POTASSIUM CHLORIDE /ML,potassium chloride,8591,0.125,True,rxnorm_approximate,1,True,False
POTASSIUM CHLORIDE 2 MEQ/ML IV SOLN : 20 ML VIAL,POTASSIUM CHLORIDE /ML,potassium chloride,8591,0.125,True,rxnorm_approximate,1,True,False
POTASSIUM CHLORIDE 2 MEQ/ML IV SOLP,POTASSIUM CHLORIDE /ML SOLP,potassium chloride,8591,0.125,True,rxnorm_approximate,1,True,False
potassium CHLORIDE 20 mEq in,potassium CHLORIDE in,potassium chloride,8591,0.125,True,rxnorm_approximate,1,True,False
potassium chloride 20 mEq in 50 mL IVPB (central line),potassium chloride in IVPB central line,,708639,0.137,True,rxnorm_approximate,0,False,False
potassium chloride 20 mEq in 50 mL ivpb **LOCKED DOSE,potassium chloride in ivpb LOCKED DOSE,potassium chloride,8591,0.125,True,rxnorm_approximate,1,True,False
POTASSIUM CHLORIDE 20 MEQ PO PACK,POTASSIUM CHLORIDE PACK,potassium chloride,8591,0.125,True,rxnorm_approximate,1,True,False
potassium CHLORIDE 20 MEQ TR TAB,potassium CHLORIDE TR TAB,potassium chloride Oral Tablet,373523,0.127,True,rxnorm_approximate,1,False,False
potassium CHLORIDE 20 MEQ UD LIQ,potassium CHLORIDE UD LIQ,potassium chloride,8591,0.125,True,rxnorm_approximate,1,True,False
POTASSIUM CHLORIDE 20 MEQ/100 ML IV PIGGY BACK : 100 ML BAG,POTASSIUM CHLORIDE / PIGGY BACK,,667764,0.136,True,rxnorm_approximate,0,False,False
POTASSIUM CHLORIDE 20 MEQ/100ML IV SOLN,POTASSIUM CHLORIDE /,potassium chloride,8591,1.0,True,rxnorm_exact,1,True,False
POTASSIUM CHLORIDE 20 MEQ/50 ML IV PIGGY BACK 50 ML BAG,POTASSIUM CHLORIDE / PIGGY BACK,,667764,0.136,True,rxnorm_approximate,0,False,False
POTASSIUM CHLORIDE 20 MEQ/50ML IV SOLN,POTASSIUM CHLORIDE /,potassium chloride,8591,1.0,True,rxnorm_exact,1,True,False
Potassium Chloride 20mEq/100ml SSO,Potassium Chloride / SSO,potassium chloride,8591,0.125,True,rxnorm_approximate,1,True,False
potassium CHLORIDE 40 MEQ INJ,potassium CHLORIDE,potassium chloride,8591,1.0,True,rxnorm_exact,1,True,False
POTASSIUM CHLORIDE 40 MEQ/100 ML IV PIGGY BACK 100 ML BAG,POTASSIUM CHLORIDE / PIGGY BACK,,667764,0.136,True,rxnorm_approximate,0,False,False
POTASSIUM CHLORIDE 40 MEQ/100 ML IV PIGGY BACK : 100 ML BAG,POTASSIUM CHLORIDE / PIGGY BACK,,667764,0.136,True,rxnorm_approximate,0,False,False
POTASSIUM CHLORIDE 40 MEQ/100 ML IV PIGGYBACK,POTASSIUM CHLORIDE / PIGGYBACK,potassium chloride,8591,0.125,True,rxnorm_approximate,1,True,False
POTASSIUM CHLORIDE 40 MEQ/100ML IV SOLN,POTASSIUM CHLORIDE /,potassium chloride,8591,1.0,True,rxnorm_exact,1,True,False
potassium chloride crys er 20 meq po tbcr,potassium chloride crys tbcr,potassium chloride,8591,0.125,True,rxnorm_approximate,1,True,False
POTASSIUM CHLORIDE ER,POTASSIUM CHLORIDE,potassium chloride,8591,1.0,True,rxnorm_exact,1,True,False
POTASSIUM CHLORIDE ER 10 MEQ PO TAB-CONT-REL,POTASSIUM CHLORIDE TAB-CONT-REL,potassium chloride Oral Tablet,373523,0.127,True,rxnorm_approximate,1,False,False
"POTASSIUM CHLORIDE ER 10 MEQ TABLET,EXTENDED RELEASE",POTASSIUM CHLORIDE EXTENDED RELEASE,,1540281,0.154,True,rxnorm_approximate,0,False,False
"POTASSIUM CHLORIDE ER 20 MEQ TABLET,EXTENDED RELEASE(PART/CRYST)",POTASSIUM CHLORIDE EXTENDED RELEASE PART/CRYST,,1540281,0.154,True,rxnorm_approximate,0,False,False
potassium chloride ER tab 20 mEq,potassium chloride tab,potassium chloride Oral Tablet,373523,0.127,True,rxnorm_approximate,1,False,False
potassium chloride ER tab 40 mEq,potassium chloride tab,potassium chloride Oral Tablet,373523,0.127,True,rxnorm_approximate,1,False,False
POTASSIUM CHLORIDE IN NACL 20-0.9 MEQ/L-% IV SOLN,POTASSIUM CHLORIDE IN NACL 20- /L-,1000 ML potassium chloride 0.02 MEQ/ML / sodium chloride 4.5 MG/ML Injection,403890,0.176,True,rxnorm_approximate,2,True,False
POTASSIUM CHLORIDE IN NACL 40 MEQ IN 250 ML (PREMIX),POTASSIUM CHLORIDE IN NACL IN,potassium chloride,8591,0.125,True,rxnorm_approximate,1,True,False
POTASSIUM CHLORIDE INJ,POTASSIUM CHLORIDE,potassium chloride,8591,1.0,True,rxnorm_exact,1,True,False
Potassium Chloride Inj 2 MEQ/ML VIAL,Potassium Chloride /ML,potassium chloride,8591,0.125,True,rxnorm_approximate,1,True,False
potassium chloride ivpb,potassium chloride ivpb,potassium chloride,8591,0.125,True,rxnorm_approximate,1,True,False
potassium chloride ivpb in SW,potassium chloride ivpb in SW,potassium chloride,8591,0.125,True,rxnorm_approximate,1,True,False
potassium CHLORide liquid 20 mEq,potassium CHLORide liquid,potassium chloride Oral Liquid Product,1160488,0.131,True,rxnorm_approximate,1,False,False
potassium CHLORide liquid 40 mEq,potassium CHLORide liquid,potassium chloride Oral Liquid Product,1160488,0.131,True,rxnorm_approximate,1,False,False
potassium chloride SA,potassium chloride SA,potassium chloride 10 MEQ Extended Release Oral Capsule,312504,0.142,True,rxnorm_approximate,1,False,False
POTASSIUM CHLORIDE TAB,POTASSIUM CHLORIDE TAB,potassium chloride Oral Tablet,373523,0.127,True,rxnorm_approximate,1,False,False
POTASSIUM CHLORIDE TAB CR,POTASSIUM CHLORIDE TAB CR,chromic chloride Cr-51,1536069,0.133,True,rxnorm_approximate,1,False,False
POTASSIUM CITRATE,POTASSIUM CITRATE,potassium citrate,54993,1.0,True,rxnorm_exact,1,False,False
POTASSIUM CL IN WATER 20MEQ/50,POTASSIUM CL IN WATER /50,,2603208,0.118,True,rxnorm_approximate,0,False,False
POTASSIUM GLUCONATE,POTASSIUM GLUCONATE,potassium gluconate,89903,1.0,True,rxnorm_exact,1,False,False
Potassium Phos (ml/hr),Potassium Phos ml/hr,potassium phosphate,34322,0.129,True,rxnorm_approximate,1,False,False
"POTASSIUM PHOS,M-BASIC-D-BASIC",POTASSIUM PHOS M-BASIC-D-BASIC,,434901,0.295,True,rxnorm_approximate,0,False,False
POTASSIUM PHOSPHATE,POTASSIUM PHOSPHATE,potassium phosphate,34322,1.0,True,rxnorm_exact,1,False,False
potassium phosphate 3 mmol/mL15 mL Inj,potassium phosphate 3 mmol/mL15 mL,,393571,0.149,True,rxnorm_approximate,0,False,False
POTASSIUM PHOSPHATE DIBASIC 3 MMOLE/ML IV : 15 ML VIAL,POTASSIUM PHOSPHATE DIBASIC 3 MMOLE/ML,,335518,0.186,True,rxnorm_approximate,0,False,False
POTASSIUM SODIUM PHOSPHATE PWDPKT,POTASSIUM SODIUM PHOSPHATE PWDPKT,,214794,0.144,True,rxnorm_approximate,0,False,False
PRADAXA,PRADAXA,Pradaxa,1037046,1.0,True,rxnorm_exact,1,False,False
PRAMIPEXOLE DI-HCL,PRAMIPEXOLE DI-HCL,pramipexole dihydrochloride,236747,1.0,True,rxnorm_exact,1,False,False
PRASUGREL HCL,PRASUGREL HCL,prasugrel,613391,1.0,True,rxnorm_exact,1,False,False
PRAVACHOL,PRAVACHOL,Pravachol,203333,1.0,True,rxnorm_exact,1,False,False
PRAVASTATIN SODIUM,PRAVASTATIN SODIUM,pravastatin sodium,203144,1.0,True,rxnorm_exact,1,False,False
PRAVASTATIN SODIUM 40 MG PO TABS,PRAVASTATIN SODIUM TABS,pravastatin sodium Oral Tablet,2646629,1.0,True,rxnorm_exact,1,False,False
PRAZOSIN HCL,PRAZOSIN HCL,prazosin hydrochloride,203210,1.0,True,rxnorm_exact,1,False,False
PRBC (ml/hr),PRBC ml/hr,,834201,0.049,True,rxnorm_approximate,0,True,False
PRECEDEX,PRECEDEX,Precedex,262138,1.0,True,rxnorm_exact,1,False,False
Precedex (mg/kg/hr),Precedex mg/kg/hr,Precedex,262138,0.137,True,rxnorm_approximate,1,False,False
PREDNISOLONE,PREDNISOLONE,prednisolone acetate,34372,1.0,True,rxnorm_exact,1,False,False
predniSONE,predniSONE,prednisone,8640,1.0,True,rxnorm_exact,1,False,False
PREDNISONE 10 MG PO TABS,PREDNISONE TABS,prednisone Oral Tablet,373585,1.0,True,rxnorm_exact,1,False,False
PREDNISONE 20 MG PO TABS,PREDNISONE TABS,prednisone Oral Tablet,373585,1.0,True,rxnorm_exact,1,False,False
predniSONE 20 MG TAB,predniSONE TAB,prednisone Oral Tablet,373585,1.0,True,rxnorm_exact,1,False,False
PREDNISONE 20 MG TABLET,PREDNISONE,prednisone,8640,1.0,True,rxnorm_exact,1,False,False
PREDNISONE 5 MG PO TABS,PREDNISONE TABS,prednisone Oral Tablet,373585,1.0,True,rxnorm_exact,1,False,False
PREDNISONE 50 MG PO TABS,PREDNISONE TABS,prednisone Oral Tablet,373585,1.0,True,rxnorm_exact,1,False,False
PREGABALIN,PREGABALIN,pregabalin,187832,1.0,True,rxnorm_exact,1,False,False
PREMARIN,PREMARIN,Premarin,202896,1.0,True,rxnorm_exact,1,False,False
PRENATAL,PRENATAL,,219363,0.064,True,rxnorm_approximate,0,False,False
PRESERVISION AREDS,PRESERVISION AREDS,,2562254,0.192,True,rxnorm_approximate,0,False,False
PRESERVISION LUTEIN,PRESERVISION LUTEIN,,2562255,0.162,True,rxnorm_approximate,0,False,False
PREVACID,PREVACID,Prevacid,83156,1.0,True,rxnorm_exact,1,False,False
PRILOSEC,PRILOSEC,Prilosec,203345,1.0,True,rxnorm_exact,1,False,False
PRIMAXIN,PRIMAXIN,Primaxin,227475,1.0,True,rxnorm_exact,2,False,False
PRIMIDONE,PRIMIDONE,primidone,8691,1.0,True,rxnorm_exact,1,False,False
PRINIVIL,PRINIVIL,Prinivil,203644,1.0,True,rxnorm_exact,1,False,False
PRISTIQ ER,PRISTIQ,Pristiq,711372,1.0,True,rxnorm_exact,1,False,False
PRMX dexmedetomidine 400mcg/100ml NS Drip,PRMX dexmedetomidine / NS,,1866877,0.161,True,rxnorm_approximate,0,True,False
PRMX NOREPInephrine 4 mg/250 mL NS Drip,PRMX NOREPInephrine / NS,,1866877,0.161,True,rxnorm_approximate,0,True,False
PRO-RED AC,PRO-RED AC,,998168,0.252,True,rxnorm_approximate,0,False,False
PROAIR HFA,PROAIR HFA,ProAir,647295,1.0,True,rxnorm_exact,1,False,False
PROBENECID,PROBENECID,probenecid,8698,1.0,True,rxnorm_exact,1,False,False
PROBIOTIC,PROBIOTIC,,813233,0.071,True,rxnorm_approximate,0,False,False
PROBIOTIC & ACIDOPHILUS,PROBIOTIC ACIDOPHILUS,,2563443,0.161,True,rxnorm_approximate,0,False,False
PROCARDIA,PROCARDIA,Procardia,203423,1.0,True,rxnorm_exact,1,False,False
PROCARDIA XL,PROCARDIA XL,,134409,0.182,True,rxnorm_approximate,0,False,False
PROCHLORPERAZINE EDISYLATE,PROCHLORPERAZINE EDISYLATE,prochlorperazine edisylate,8705,1.0,True,rxnorm_exact,1,True,False
PROCHLORPERAZINE EDISYLATE 5 MG/ML INJ SOLN,PROCHLORPERAZINE EDISYLATE /ML,prochlorperazine edisylate,8705,0.179,True,rxnorm_approximate,1,True,False
PROCHLORPERAZINE MALEATE,PROCHLORPERAZINE MALEATE,prochlorperazine mesylate,235739,1.0,True,rxnorm_exact,1,False,False
PROCHLORPERAZINE MALEATE 10 MG PO TABS,PROCHLORPERAZINE MALEATE TABS,prochlorperazine maleate,8706,0.15,True,rxnorm_approximate,1,False,False
PROCHLORPERAZINE MALEATE 5 MG PO TABS,PROCHLORPERAZINE MALEATE TABS,prochlorperazine maleate,8706,0.15,True,rxnorm_approximate,1,False,False
PROCRIT,PROCRIT,Procrit,227303,1.0,True,rxnorm_exact,1,False,False
PROGRAF,PROGRAF,Prograf,196463,1.0,True,rxnorm_exact,1,False,False
PROMETHAZINE 25 MG/1 ML 1ML SDV INJ,PROMETHAZINE / SDV,promethazine,8745,0.119,True,rxnorm_approximate,1,True,True
PROMETHAZINE HCL,PROMETHAZINE HCL,promethazine hydrochloride,142445,1.0,True,rxnorm_exact,1,False,False
PROMETHAZINE HCL 25 MG/ML IJ SOLN,PROMETHAZINE HCL /ML IJ,promethazine hydrochloride,142445,0.13,True,rxnorm_approximate,1,False,False
PROMOD,PROMOD,,693503,0.103,True,rxnorm_approximate,0,False,False
propofol,propofol,propofol,8782,1.0,True,rxnorm_exact,1,True,False
Propofol (),Propofol,propofol,8782,1.0,True,rxnorm_exact,1,True,False
Propofol (Diprivan) 1000 mg  100 ml  Premix (mcg/kg/min),Propofol Diprivan mcg/kg/min,propofol Injection [Diprivan],1808218,0.18,True,rxnorm_approximate,1,False,False
Propofol (mcg/kg/min),Propofol mcg/kg/min,propofol,8782,0.13,True,rxnorm_approximate,1,True,False
Propofol (mg/kg/min),Propofol mg/kg/min,propofol,8782,0.13,True,rxnorm_approximate,1,True,False
Propofol (ml/hr),Propofol ml/hr,propofol,8782,0.13,True,rxnorm_approximate,1,True,False
Propofol (Unknown),Propofol Unknown,propofol,8782,0.13,True,rxnorm_approximate,1,True,False
propofol 1% inj,propofol 1,propofol,8782,0.11,True,rxnorm_approximate,1,True,False
PROPOFOL 10 MG/1 ML 100ML SDV INJ,PROPOFOL / SDV,propofol,8782,0.13,True,rxnorm_approximate,1,True,False
PROPOFOL 10 MG/ML,PROPOFOL /ML,propofol,8782,0.13,True,rxnorm_approximate,1,True,False
Propofol 10 MG/ML Inj 10 MG/ML VIAL,Propofol /ML /ML,propofol,8782,0.13,True,rxnorm_approximate,1,True,False
PROPOFOL 10 MG/ML IV EMUL,PROPOFOL /ML EMUL,propofol,8782,0.13,True,rxnorm_approximate,1,True,False
PROPOFOL 1000 MG/100 ML,PROPOFOL /,propofol,8782,1.0,True,rxnorm_exact,1,True,False
PROPOFOL 1000 MG/100 ML (PMX),PROPOFOL / PMX,propofol,8782,0.13,True,rxnorm_approximate,1,True,False
PROPOFOL INFUSION 10 MG/ML,PROPOFOL /ML,propofol,8782,0.13,True,rxnorm_approximate,1,True,False
PROPOFOL IV EMULSION,PROPOFOL EMULSION,propofol lipid emulsion,2559907,0.151,True,rxnorm_approximate,1,False,False
"PROPOFOL IV EMULSION 1,000 MG/100 ML VIAL",PROPOFOL EMULSION 1 /,,2537184,0.139,True,rxnorm_approximate,0,False,False
PROPOFOL IV EMULSION 10 MG/ML VIAL,PROPOFOL EMULSION /ML,propofol lipid emulsion,2559907,0.151,True,rxnorm_approximate,1,False,False
PROPRANOLOL HCL,PROPRANOLOL HCL,propranolol hydrochloride,82084,1.0,True,rxnorm_exact,1,False,False
PROPYLENE GLYCOL,PROPYLENE GLYCOL,propylene glycol monostearate,1314411,1.0,True,rxnorm_exact,1,False,False
PROSCAR,PROSCAR,Proscar,196476,1.0,True,rxnorm_exact,1,False,False
PROTAMINE SULFATE,PROTAMINE SULFATE,protamine hydrochloride,236471,1.0,True,rxnorm_exact,1,False,False
Protonix,Protonix,Protonix,261624,1.0,True,rxnorm_exact,1,False,False
PROVENTIL HFA,PROVENTIL HFA,,219483,0.186,True,rxnorm_approximate,0,False,False
"PROVENTIL,VENTOLIN",PROVENTIL VENTOLIN,Proventil,202908,0.139,True,rxnorm_approximate,1,False,False
PROZAC,PROZAC,Prozac,58827,1.0,True,rxnorm_exact,1,False,False
PULMICORT,PULMICORT,Pulmicort,196487,1.0,True,rxnorm_exact,1,False,False
PULMICORT RESPULE,PULMICORT RESPULE,,2608815,0.204,True,rxnorm_approximate,0,False,False
PYRAZINAMIDE,PYRAZINAMIDE,pyrazinamide,8987,1.0,True,rxnorm_exact,1,False,False
QUEtiapine,QUEtiapine,quetiapine,51272,1.0,True,rxnorm_exact,1,False,False
QUETIAPINE FUMARATE,QUETIAPINE FUMARATE,quetiapine fumarate,221153,1.0,True,rxnorm_exact,1,False,False
QUETIAPINE FUMARATE 25 MG PO TABS,QUETIAPINE FUMARATE TABS,quetiapine fumarate,221153,0.153,True,rxnorm_approximate,1,False,False
QUINIDINE GLUCONATE,QUINIDINE GLUCONATE,quinidine gluconate,35220,1.0,True,rxnorm_exact,1,False,False
QUINIDINE SULFATE,QUINIDINE SULFATE,quinidine gluconate,35220,1.0,True,rxnorm_exact,1,False,False
QUININE HCL,QUININE HCL,quinine dihydrochloride,388472,1.0,True,rxnorm_exact,1,False,False
QVAR,QVAR,Qvar,226084,1.0,True,rxnorm_exact,1,False,False
RAMIPRIL,RAMIPRIL,ramipril,35296,1.0,True,rxnorm_exact,1,False,False
RANEXA,RANEXA,Ranexa,356778,1.0,True,rxnorm_exact,1,False,False
RANITIDINE HCL,RANITIDINE HCL,ranitidine hydrochloride,203136,1.0,True,rxnorm_exact,1,False,False
RANOLAZINE,RANOLAZINE,ranolazine,35829,1.0,True,rxnorm_exact,1,False,False
rbc (ml/hr),rbc ml/hr,,2198436,0.066,True,rxnorm_approximate,0,False,False
Reglan,Reglan,Reglan,9230,1.0,True,rxnorm_exact,1,False,False
REGULAR insulin,REGULAR insulin,"insulin, regular, human",253182,1.0,True,rxnorm_exact,1,True,False
REMERON,REMERON,Remeron,134774,1.0,True,rxnorm_exact,1,False,False
RENAGEL,RENAGEL,RenaGel,135118,1.0,True,rxnorm_exact,1,False,False
RENAL CAPS,RENAL CAPS,,352948,0.184,True,rxnorm_approximate,0,False,False
RENVELA,RENVELA,Renvela,749207,1.0,True,rxnorm_exact,1,False,False
REQUIP,REQUIP,,152951,0.084,True,rxnorm_approximate,0,False,False
RESTORIL,RESTORIL,Restoril,219641,1.0,True,rxnorm_exact,1,False,False
REVATIO,REVATIO,Revatio,581642,1.0,True,rxnorm_exact,1,False,False
RHEUMATREX,RHEUMATREX,,491604,0.094,True,rxnorm_approximate,0,False,False
RIFAMPIN,RIFAMPIN,rifampin,9384,1.0,True,rxnorm_exact,1,False,False
"RINGERS SOLUTION,LACTATED",RINGERS LACTATED,,35629,0.165,True,rxnorm_approximate,0,False,False
RISPERDAL,RISPERDAL,Risperdal,152318,1.0,True,rxnorm_exact,1,False,False
RISPERIDONE,RISPERIDONE,risperidone,35636,1.0,True,rxnorm_exact,1,False,False
RITALIN,RITALIN,Ritalin,224917,1.0,True,rxnorm_exact,1,False,False
RIVASTIGMINE,RIVASTIGMINE,rivastigmine,183379,1.0,True,rxnorm_exact,1,False,False
RIZATRIPTAN,RIZATRIPTAN,rizatriptan benzoate,237082,1.0,True,rxnorm_exact,1,False,False
ROBAXIN,ROBAXIN,Robaxin,202955,1.0,True,rxnorm_exact,1,False,False
ROBINUL,ROBINUL,Robinul,152322,1.0,True,rxnorm_exact,1,False,False
ROCEPHIN,ROCEPHIN,,9449,0.092,True,rxnorm_approximate,0,False,False
rocuronium,rocuronium,rocuronium bromide,32521,1.0,True,rxnorm_exact,1,False,False
ROCURONIUM BROMIDE,ROCURONIUM BROMIDE,rocuronium bromide,32521,1.0,True,rxnorm_exact,1,False,False
ROGAINE,ROGAINE,Rogaine,225702,1.0,True,rxnorm_exact,1,False,False
ROPINIROLE HCL,ROPINIROLE HCL,ropinirole hydrochloride,236553,1.0,True,rxnorm_exact,1,False,False
ROSUVASTATIN CALCIUM,ROSUVASTATIN CALCIUM,rosuvastatin calcium,323828,1.0,True,rxnorm_exact,1,False,False
ROXICET,ROXICET,,219739,0.091,True,rxnorm_approximate,0,False,False
ROXICODONE,ROXICODONE,Roxicodone,219740,1.0,True,rxnorm_exact,1,False,False
SALINE FLUSH,SALINE FLUSH,,352807,0.156,True,rxnorm_approximate,0,False,False
saline lock 0.9 % flush 10 mL,saline lock 0 9 flush,,2268653,0.149,True,rxnorm_approximate,0,False,False
SALMETEROL XINAFOATE,SALMETEROL XINAFOATE,salmeterol xinafoate,72616,1.0,True,rxnorm_exact,1,False,False
SANDOSTATIN,SANDOSTATIN,Sandostatin,196457,1.0,True,rxnorm_exact,1,False,False
SANTYL,SANTYL,Santyl,219803,1.0,True,rxnorm_exact,1,False,False
SAPHRIS,SAPHRIS,Saphris,859976,1.0,True,rxnorm_exact,1,False,False
SAW PALMETTO,SAW PALMETTO,saw palmetto extract,236344,1.0,True,rxnorm_exact,1,False,False
SAXAGLIPTIN HCL,SAXAGLIPTIN HCL,saxagliptin hydrochloride,1043560,1.0,True,rxnorm_exact,1,False,False
senna,senna,"sennosides, USP",36387,1.0,True,rxnorm_exact,1,False,False
senna (SENOKOT) 1 Tab,senna SENOKOT 1 Tab,,753462,0.141,True,rxnorm_approximate,0,False,False
senna-docusate,senna-docusate,"docusate / sennosides, USP",1008340,1.0,True,rxnorm_exact,2,False,False
SENNA/DOCUSATE SODIUM,SENNA/DOCUSATE SODIUM,"docusate / sennosides, USP",1008340,0.15,True,rxnorm_approximate,2,False,False
SENNOSIDES,SENNOSIDES,"sennosides, USP",36387,1.0,True,rxnorm_exact,1,False,False
SENNOSIDES  8.6 MG ORAL TAB,SENNOSIDES TAB,"sennosides, USP Oral Tablet",373859,1.0,True,rxnorm_exact,1,False,False
sennosides (SENOKOT) oral syrup 10 mL,sennosides SENOKOT syrup,"sennosides, USP Oral Tablet [Senokot]",705972,0.153,True,rxnorm_approximate,1,False,False
"SENNOSIDES A&B,CALCIUM",SENNOSIDES A B CALCIUM,"sennoside A&B, calcium salt",267741,0.167,True,rxnorm_approximate,1,False,False
SENNOSIDES-DOCUSATE SODIUM 8.6-50 MG ORAL TAB,SENNOSIDES-DOCUSATE SODIUM 8 6- TAB,"docusate sodium 50 MG / sennosides, USP 8.6 MG Oral Tablet",998740,0.218,True,rxnorm_approximate,2,False,False
SENNOSIDES-DOCUSATE SODIUM 8.6-50 MG PO TABS,SENNOSIDES-DOCUSATE SODIUM 8 6- TABS,"docusate sodium 50 MG / sennosides, USP 8.6 MG Oral Tablet",998740,0.218,True,rxnorm_approximate,2,False,False
SENOKOT,SENOKOT,Senokot,202961,1.0,True,rxnorm_exact,1,False,False
SENOKOT-S TAB,SENOKOT-S TAB,SENOKOT-S,219866,0.258,True,rxnorm_approximate,2,False,False
SENSIPAR,SENSIPAR,Sensipar,460392,1.0,True,rxnorm_exact,1,False,False
SEREVENT DISKUS,SEREVENT DISKUS,,219880,0.195,True,rxnorm_approximate,0,False,False
SEROQUEL,SEROQUEL,Seroquel,83553,1.0,True,rxnorm_exact,1,False,False
SERTRALINE HCL,SERTRALINE HCL,sertraline hydrochloride,155137,1.0,True,rxnorm_exact,1,False,False
SERTRALINE HCL 50 MG PO TABS,SERTRALINE HCL TABS,sertraline hydrochloride,155137,0.136,True,rxnorm_approximate,1,False,False
SEVELAMER CARBONATE,SEVELAMER CARBONATE,sevelamer carbonate,660890,1.0,True,rxnorm_exact,1,False,False
SILDENAFIL,SILDENAFIL,sildenafil,136411,1.0,True,rxnorm_exact,1,False,False
SILVADENE,SILVADENE,Silvadene,224926,1.0,True,rxnorm_exact,1,False,False
SIMETHICONE,SIMETHICONE,simethicone,9796,1.0,True,rxnorm_exact,1,False,False
SIMETHICONE  80 MG ORAL CHEW TAB,SIMETHICONE CHEW TAB,simethicone Chewable Tablet,373881,1.0,True,rxnorm_exact,1,False,False
SIMVASTATIN,SIMVASTATIN,simvastatin,36567,1.0,True,rxnorm_exact,1,False,False
SIMVASTATIN 20 MG PO TABS,SIMVASTATIN TABS,simvastatin Oral Tablet,373888,1.0,True,rxnorm_exact,1,False,False
SIMVASTATIN 40 MG PO TABS,SIMVASTATIN TABS,simvastatin Oral Tablet,373888,1.0,True,rxnorm_exact,1,False,False
SINEMET 25-100,SINEMET 25-100,carbidopa 25 MG / levodopa 100 MG Oral Tablet [Sinemet],724598,0.163,True,rxnorm_approximate,2,False,False
SINGULAIR,SINGULAIR,Singulair,153889,1.0,True,rxnorm_exact,1,False,False
SITAGLIPTIN PHOSPHATE,SITAGLIPTIN PHOSPHATE,sitagliptin hydrochloride,2716481,1.0,True,rxnorm_exact,1,False,False
Sod Bicarb (ml/hr),Sod Bicarb ml/hr,,1527,0.113,True,rxnorm_approximate,0,True,False
sodium bicarb 150 meq in 1 L D5W (ml/hr),sodium bicarb in 1 L D5W ml/hr,sodium bicarbonate 0.15 MEQ/ML Injectable Solution,413424,0.202,True,rxnorm_approximate,1,True,False
Sodium Bicarb IVF Infused (ml/hr),Sodium Bicarb IVF Infused ml/hr,sodium bicarbonate,36676,0.13,True,rxnorm_approximate,1,False,False
sodium bicarbonate,sodium bicarbonate,sodium bicarbonate,36676,1.0,True,rxnorm_exact,1,False,False
SODIUM BICARBONATE 8.4 % (1 MEQ/ML) IV SYRINGE : 50 ML SYRINGE,SODIUM BICARBONATE 8 4 /ML,,1094029,0.142,True,rxnorm_approximate,0,True,False
SODIUM BICARBONATE 8.4 % IV SOLN,SODIUM BICARBONATE 8 4,,1094029,0.142,True,rxnorm_approximate,0,True,False
SODIUM BICARBONATE 8.4%,SODIUM BICARBONATE 8 4,,1094029,0.142,True,rxnorm_approximate,0,True,False
SODIUM BICARBONATE 8.4% (ADULT) SYR,SODIUM BICARBONATE 8 4 ADULT SYR,,1094029,0.142,True,rxnorm_approximate,0,True,False
SODIUM BICARBONATE 8.4% 50 ML INJ,SODIUM BICARBONATE 8 4,,1094029,0.142,True,rxnorm_approximate,0,True,False
SODIUM CHL 0.9% FLUSHSYRG(10ML),SODIUM CHL 0 9 FLUSHSYRG,sodium chloride 0.154 MEQ/ML,615106,0.127,True,rxnorm_approximate,1,True,False
sodium chloride,sodium chloride,sodium chloride,9863,1.0,True,rxnorm_exact,1,True,False
SODIUM CHLORIDE 0.45%,SODIUM CHLORIDE 0 45,sodium chloride 0.0769 MEQ/ML,615096,1.0,True,rxnorm_exact,1,True,False
SODIUM CHLORIDE 0.45% 1000 ML LVP,SODIUM CHLORIDE 0 45 LVP,,1807547,0.161,True,rxnorm_approximate,0,False,False
sodium chloride 0.9 %,sodium chloride 0 9,sodium chloride 0.154 MEQ/ML,615106,1.0,True,rxnorm_exact,1,True,False
sodium chloride 0.9 % flush 10 mL,sodium chloride 0 9 flush,,2171123,0.168,True,rxnorm_approximate,0,False,False
sodium chloride 0.9 % flush peripheral lok 3 mL,sodium chloride 0 9 flush peripheral lok,,2171123,0.168,True,rxnorm_approximate,0,False,False
SODIUM CHLORIDE 0.9 % IJ SOLN,SODIUM CHLORIDE 0 9 IJ,sodium chloride 0.154 MEQ/ML,615106,0.127,True,rxnorm_approximate,1,True,False
SODIUM CHLORIDE 0.9 % INJ SYRINGE,SODIUM CHLORIDE 0 9,sodium chloride 0.154 MEQ/ML,615106,1.0,True,rxnorm_exact,1,True,False
SODIUM CHLORIDE 0.9 % IV 1000 ML BAG,SODIUM CHLORIDE 0 9,sodium chloride 0.154 MEQ/ML,615106,1.0,True,rxnorm_exact,1,True,False
SODIUM CHLORIDE 0.9 % IV 250 ML BAG,SODIUM CHLORIDE 0 9,sodium chloride 0.154 MEQ/ML,615106,1.0,True,rxnorm_exact,1,True,False
SODIUM CHLORIDE 0.9 % IV : 1000 ML,SODIUM CHLORIDE 0 9,sodium chloride 0.154 MEQ/ML,615106,1.0,True,rxnorm_exact,1,True,False
SODIUM CHLORIDE 0.9 % IV : 250 ML,SODIUM CHLORIDE 0 9,sodium chloride 0.154 MEQ/ML,615106,1.0,True,rxnorm_exact,1,True,False
SODIUM CHLORIDE 0.9 % IV : 500 ML,SODIUM CHLORIDE 0 9,sodium chloride 0.154 MEQ/ML,615106,1.0,True,rxnorm_exact,1,True,False
SODIUM CHLORIDE 0.9 % IV BOLUS,SODIUM CHLORIDE 0 9 BOLUS,sodium chloride 0.154 MEQ/ML,615106,0.127,True,rxnorm_approximate,1,True,False
SODIUM CHLORIDE 0.9 % IV SOLN,SODIUM CHLORIDE 0 9,sodium chloride 0.154 MEQ/ML,615106,1.0,True,rxnorm_exact,1,True,False
SODIUM CHLORIDE 0.9 % IV SOLN BOLUS,SODIUM CHLORIDE 0 9 BOLUS,sodium chloride 0.154 MEQ/ML,615106,0.127,True,rxnorm_approximate,1,True,False
SODIUM CHLORIDE 0.9 % IV SOLP,SODIUM CHLORIDE 0 9 SOLP,sodium chloride 0.154 MEQ/ML,615106,0.127,True,rxnorm_approximate,1,True,False
SODIUM CHLORIDE 0.9 % SYRINGE 10 ML SYRINGE,SODIUM CHLORIDE 0 9,sodium chloride 0.154 MEQ/ML,615106,1.0,True,rxnorm_exact,1,True,False
SODIUM CHLORIDE 0.9 % SYRINGE : 10 ML SYRINGE,SODIUM CHLORIDE 0 9,sodium chloride 0.154 MEQ/ML,615106,1.0,True,rxnorm_exact,1,True,False
sodium chloride 0.9%,sodium chloride 0 9,sodium chloride 0.154 MEQ/ML,615106,1.0,True,rxnorm_exact,1,True,False
Sodium Chloride 0.9%  SSO,Sodium Chloride 0 9 SSO,sodium chloride 0.154 MEQ/ML,615106,0.127,True,rxnorm_approximate,1,True,False
"sodium chloride 0.9% (NS) bolus 1,000 mL",sodium chloride 0 9 NS bolus 1,,2268653,0.149,True,rxnorm_approximate,0,False,False
sodium chloride 0.9% (NS) infusion,sodium chloride 0 9 NS,,2268653,0.148,True,rxnorm_approximate,0,False,False
"Sodium Chloride 0.9% 1,000 mL",Sodium Chloride 0 9 1,sodium chloride 0.154 MEQ/ML,615106,0.127,True,rxnorm_approximate,1,True,False
"Sodium Chloride 0.9% 1,000 ML BAG",Sodium Chloride 0 9 1,sodium chloride 0.154 MEQ/ML,615106,0.127,True,rxnorm_approximate,1,True,False
SODIUM CHLORIDE 0.9% 100 ML PB,SODIUM CHLORIDE 0 9 PB,sodium chloride 0.154 MEQ/ML,615106,0.127,True,rxnorm_approximate,1,True,False
SODIUM CHLORIDE 0.9% 1000 ML,SODIUM CHLORIDE 0 9,sodium chloride 0.154 MEQ/ML,615106,1.0,True,rxnorm_exact,1,True,False
SODIUM CHLORIDE 0.9% 1000 ML LVP,SODIUM CHLORIDE 0 9 LVP,,1807628,0.158,True,rxnorm_approximate,0,False,False
SODIUM CHLORIDE 0.9% 1000 ML PB,SODIUM CHLORIDE 0 9 PB,sodium chloride 0.154 MEQ/ML,615106,0.127,True,rxnorm_approximate,1,True,False
SODIUM CHLORIDE 0.9% 250 ML LVP,SODIUM CHLORIDE 0 9 LVP,,1807628,0.158,True,rxnorm_approximate,0,False,False
SODIUM CHLORIDE 0.9% 250 ML PB,SODIUM CHLORIDE 0 9 PB,sodium chloride 0.154 MEQ/ML,615106,0.127,True,rxnorm_approximate,1,True,False
SODIUM CHLORIDE 0.9% 50 ML PB,SODIUM CHLORIDE 0 9 PB,sodium chloride 0.154 MEQ/ML,615106,0.127,True,rxnorm_approximate,1,True,False
Sodium Chloride 0.9% 500 ML BAG,Sodium Chloride 0 9,sodium chloride 0.154 MEQ/ML,615106,1.0,True,rxnorm_exact,1,True,False
SODIUM CHLORIDE 0.9% 500 ML LVP,SODIUM CHLORIDE 0 9 LVP,,1807628,0.158,True,rxnorm_approximate,0,False,False
SODIUM CHLORIDE 0.9% 500 ML PB,SODIUM CHLORIDE 0 9 PB,sodium chloride 0.154 MEQ/ML,615106,0.127,True,rxnorm_approximate,1,True,False
Sodium Chloride 0.9% FLUSH,Sodium Chloride 0 9 FLUSH,,2171123,0.168,True,rxnorm_approximate,0,False,False
sodium chloride 0.9% flush 10 mL,sodium chloride 0 9 flush,,2171123,0.168,True,rxnorm_approximate,0,False,False
SODIUM CHLORIDE 0.9% P.F.,SODIUM CHLORIDE 0 9 P F,sodium chloride 0.154 MEQ/ML,615106,0.127,True,rxnorm_approximate,1,True,False
Sodium Chloride 0.9% Syringe SSO,Sodium Chloride 0 9 SSO,sodium chloride 0.154 MEQ/ML,615106,0.127,True,rxnorm_approximate,1,True,False
SODIUM CHLORIDE 0.9%SOLP (1000 ML),SODIUM CHLORIDE SOLP,sodium chloride,9863,0.116,True,rxnorm_approximate,1,True,False
SODIUM CHLORIDE BACTERIOSTATIC 0.9 % INJ SOLN,SODIUM CHLORIDE BACTERIOSTATIC 0 9,sodium chloride 9 MG/ML Injectable Solution,313002,0.158,True,rxnorm_approximate,1,False,False
SODIUM CHLORIDE FLUSH,SODIUM CHLORIDE FLUSH,,2171123,0.153,True,rxnorm_approximate,0,False,False
SODIUM CHLORIDE FLUSH 0.9 % IV SOLN 10 ML PREFILL SYRINGE,SODIUM CHLORIDE FLUSH 0 9 PREFILL,,2171123,0.168,True,rxnorm_approximate,0,False,False
sodium chloride infusion 0.9%,sodium chloride 0 9,sodium chloride 0.154 MEQ/ML,615106,1.0,True,rxnorm_exact,1,True,False
sodium cl 0.9% FLUSH 1ea/10ml,sodium cl 0 9 FLUSH 1ea/,,2171123,0.168,True,rxnorm_approximate,0,False,False
SODIUM PHOSPHATE,SODIUM PHOSPHATE,sodium phosphate,36709,1.0,True,rxnorm_exact,1,False,False
SODium PHOSphate 15 MMOL/100ML NS,SODium PHOSphate 15 MMOL/ NS,,2540154,0.141,True,rxnorm_approximate,0,True,False
sodium phosphate 3 mmol/mL 15 mL Inj,sodium phosphate 3 mmol/mL,"50 ML sodium phosphate, dibasic 142 MG/ML / sodium phosphate, monobasic 276 MG/ML Injection",1872447,0.146,True,rxnorm_approximate,2,True,False
SODIUM PHOSPHATE 3 MMOLE/ML IV : 15 ML VIAL,SODIUM PHOSPHATE 3 MMOLE/ML,"50 ML sodium phosphate, dibasic 142 MG/ML / sodium phosphate, monobasic 276 MG/ML Injection",1872447,0.148,True,rxnorm_approximate,2,True,False
SODium PHOSphate 30 MMOL/250ML NS,SODium PHOSphate 30 MMOL/ NS,,2540154,0.141,True,rxnorm_approximate,0,True,False
SODIUM POLYSTYRENE SULFONATE,SODIUM POLYSTYRENE SULFONATE,sodium polystyrene sulfonate,56512,1.0,True,rxnorm_exact,1,False,False
SOLIFENACIN SUCCINATE,SOLIFENACIN SUCCINATE,solifenacin,322167,1.0,True,rxnorm_exact,1,False,False
SOLU-MEDROL,SOLU-MEDROL,Solu-Medrol,203856,1.0,True,rxnorm_exact,1,False,False
Solu-MEDROL (PF),Solu-MEDROL PF,Solu-Medrol,203856,0.287,True,rxnorm_approximate,1,False,False
SoluMedrol,SoluMedrol,,,0.0,False,rxnorm_approximate,0,False,False
SOMA,SOMA,Soma,204362,1.0,True,rxnorm_exact,1,False,False
SONATA,SONATA,,261654,0.097,True,rxnorm_approximate,0,False,False
SOTALOL,SOTALOL,sotalol hydrochloride,7008,1.0,True,rxnorm_exact,1,False,False
SPIRIVA,SPIRIVA,Spiriva,274535,1.0,True,rxnorm_exact,1,False,False
SPIRONOLACTONE,SPIRONOLACTONE,spironolactone,9997,1.0,True,rxnorm_exact,1,False,False
SPIRONOLACTONE 25 MG PO TABS,SPIRONOLACTONE TABS,spironolactone Oral Tablet,373946,1.0,True,rxnorm_exact,1,False,False
SUBLIMAZE,SUBLIMAZE,,4336,0.094,True,rxnorm_approximate,0,False,False
SUBOXONE,SUBOXONE,Suboxone,352990,1.0,True,rxnorm_exact,2,False,False
succinylcholine,succinylcholine,succinylcholine,10154,1.0,True,rxnorm_exact,1,False,False
SUCRALFATE,SUCRALFATE,sucralfate,10156,1.0,True,rxnorm_exact,1,False,False
SULFAMETHOXAZOLE-TRIMETHOPRIM,SULFAMETHOXAZOLE-TRIMETHOPRIM,sulfamethoxazole / trimethoprim,10831,1.0,True,rxnorm_exact,2,False,False
SYMBICORT,SYMBICORT,Symbicort,327148,1.0,True,rxnorm_exact,2,False,False
SYNTHROID,SYNTHROID,Synthroid,224920,1.0,True,rxnorm_exact,1,False,False
TACROLIMUS,TACROLIMUS,tacrolimus,42316,1.0,True,rxnorm_exact,1,False,False
TACROLIMUS 1 MG PO CAPS,TACROLIMUS CAPS,tacrolimus,42316,0.125,True,rxnorm_approximate,1,False,False
TADALAFIL,TADALAFIL,tadalafil,358263,1.0,True,rxnorm_exact,1,False,False
TAGAMET HB,TAGAMET HB,,220170,0.161,True,rxnorm_approximate,0,False,False
TAMOXIFEN CITRATE,TAMOXIFEN CITRATE,tamoxifen,10324,1.0,True,rxnorm_exact,1,False,False
TAMSULOSIN,TAMSULOSIN,tamsulosin hydrochloride,236495,1.0,True,rxnorm_exact,1,False,False
TAMSULOSIN 0.4 MG CAP,TAMSULOSIN CAP,tamsulosin hydrochloride Oral Capsule,2648003,1.0,True,rxnorm_exact,1,False,False
TAMSULOSIN HCL,TAMSULOSIN HCL,tamsulosin hydrochloride,236495,1.0,True,rxnorm_exact,1,False,False
TAMSULOSIN HCL 0.4 MG PO CAPS,TAMSULOSIN HCL CAPS,tamsulosin hydrochloride,236495,0.141,True,rxnorm_approximate,1,False,False
TAPAZOLE,TAPAZOLE,,224936,0.096,True,rxnorm_approximate,0,False,False
TAZTIA XT,TAZTIA XT,,605849,0.186,True,rxnorm_approximate,0,False,False
TEKTURNA,TEKTURNA,Tekturna,700402,1.0,True,rxnorm_exact,1,False,False
TELMISARTAN,TELMISARTAN,telmisartan,73494,1.0,True,rxnorm_exact,1,False,False
TELMISARTAN/HYDROCHLOROTHIAZIDE,TELMISARTAN/HYDROCHLOROTHIAZIDE,hydrochlorothiazide / telmisartan,284636,1.0,True,rxnorm_exact,2,False,False
TEMAZEPAM,TEMAZEPAM,temazepam,10355,1.0,True,rxnorm_exact,1,False,False
TEMOVATE,TEMOVATE,Temovate,114398,1.0,True,rxnorm_exact,1,False,False
TENORETIC 100,TENORETIC 100,,1423024,0.134,True,rxnorm_approximate,0,False,False
TENORMIN,TENORMIN,Tenormin,152413,1.0,True,rxnorm_exact,1,False,False
TERAZOSIN HCL,TERAZOSIN HCL,terazosin hydrochloride,235224,1.0,True,rxnorm_exact,1,False,False
TESSALON PERLE,TESSALON PERLE,Tessalon Perles,220224,1.0,True,rxnorm_exact,1,False,False
TESTOSTERONE,TESTOSTERONE,testosterone,10379,1.0,True,rxnorm_exact,1,False,False
TF (ml/hr),TF ml/hr,,2686558,0.083,True,rxnorm_approximate,0,False,False
THEO-24,THEO-24,Theo-24,203388,1.0,True,rxnorm_exact,1,False,False
THEOPHYLLINE,THEOPHYLLINE,theophylline,10438,1.0,True,rxnorm_exact,1,False,False
THERA M PLUS,THERA M PLUS,,220259,0.163,True,rxnorm_approximate,0,False,False
THERAGRAN-M PREMIER 50 PLUS,THERAGRAN-M PREMIER 50 PLUS,,170746,0.274,True,rxnorm_approximate,0,False,False
THIAMINE,THIAMINE,thiamine,10454,1.0,True,rxnorm_exact,1,False,False
THIAMINE 100 MG TAB,THIAMINE TAB,thiamine Oral Tablet,374093,0.112,True,rxnorm_approximate,1,False,False
THIAMINE HCL,THIAMINE HCL,thiamine,10454,1.0,True,rxnorm_exact,1,False,False
THIAMINE HCL 100 MG PO TABS,THIAMINE HCL TABS,thiamine hydrochloride,235355,0.121,True,rxnorm_approximate,1,False,False
TICAGRELOR,TICAGRELOR,ticagrelor,1116632,1.0,True,rxnorm_exact,1,False,False
TICAGRELOR 90 MG PO TABS,TICAGRELOR TABS,ticagrelor Oral Tablet,1116634,1.0,True,rxnorm_exact,1,False,False
TIMOLOL,TIMOLOL,timolol,10600,1.0,True,rxnorm_exact,1,False,False
TIMOPTIC,TIMOPTIC,Timoptic,10601,1.0,True,rxnorm_exact,1,False,False
TIOTROPIUM BROMIDE,TIOTROPIUM BROMIDE,tiotropium bromide monohydrate,1298831,1.0,True,rxnorm_exact,1,False,False
TIOTROPIUM BROMIDE MONOHYDRATE 18 MCG IN CAPS,TIOTROPIUM BROMIDE MONOHYDRATE IN CAPS,tiotropium bromide monohydrate,1298831,0.2,True,rxnorm_approximate,1,False,False
TIZANIDINE HCL,TIZANIDINE HCL,tizanidine hydrochloride,236460,1.0,True,rxnorm_exact,1,False,False
TL 4.25% BPO MX,TL 4 25 BPO MX,benzoyl peroxide 42.5 MG/ML Medicated Liquid Soap,895055,0.16,True,rxnorm_approximate,1,False,False
TOPAMAX,TOPAMAX,Topamax,220343,1.0,True,rxnorm_exact,1,False,False
TOPIRAMATE,TOPIRAMATE,topiramate,38404,1.0,True,rxnorm_exact,1,False,False
TOPROL XL,TOPROL XL,,220348,0.181,True,rxnorm_approximate,0,False,False
TORADOL,TORADOL,,57309,0.093,True,rxnorm_approximate,0,False,False
TOREMIFENE CITRATE,TOREMIFENE CITRATE,toremifene,38409,1.0,True,rxnorm_exact,1,False,False
TORSEMIDE,TORSEMIDE,torsemide,38413,1.0,True,rxnorm_exact,1,False,False
TOVIAZ,TOVIAZ,Toviaz,810072,1.0,True,rxnorm_exact,1,False,False
TPA flush (NSS) (ml/hr),TPA flush NSS ml/hr,,352807,0.114,True,rxnorm_approximate,0,False,False
TPN (ml/hr),TPN ml/hr,,1746380,0.074,True,rxnorm_approximate,0,False,False
TRADJENTA,TRADJENTA,Tradjenta,1100703,1.0,True,rxnorm_exact,1,False,False
traMADol,traMADol,tramadol,10689,1.0,True,rxnorm_exact,1,False,False
traMADol 50 MG TAB,traMADol TAB,tramadol hydrochloride Oral Tablet,2649526,1.0,True,rxnorm_exact,1,False,False
TRAMADOL HCL,TRAMADOL HCL,tramadol,10689,1.0,True,rxnorm_exact,1,False,False
TRAMADOL HCL 50 MG PO TABS,TRAMADOL HCL TABS,tramadol hydrochloride Oral Tablet,2649526,1.0,True,rxnorm_exact,1,False,False
TRANDATE,TRANDATE,Trandate,152440,1.0,True,rxnorm_exact,1,False,False
TRANSDERM-SCOP,TRANSDERM-SCOP,Transderm Scop,220372,1.0,True,rxnorm_exact,1,False,False
TRAVATAN Z,TRAVATAN Z,,669680,0.19,True,rxnorm_approximate,0,False,False
TRAVOPROST (BENZALKONIUM),TRAVOPROST BENZALKONIUM,travoprost,283809,0.136,True,rxnorm_approximate,1,False,False
traZODone,traZODone,trazodone,10737,1.0,True,rxnorm_exact,1,False,False
TRAZODONE  50 MG ORAL TAB,TRAZODONE TAB,trazodone hydrochloride Oral Tablet,2647660,1.0,True,rxnorm_exact,1,False,False
TRAZODONE HCL,TRAZODONE HCL,trazodone,10737,1.0,True,rxnorm_exact,1,False,False
TRAZODONE HCL 50 MG PO TABS,TRAZODONE HCL TABS,trazodone hydrochloride Oral Tablet,2647660,1.0,True,rxnorm_exact,1,False,False
TRIAMCINOLONE,TRIAMCINOLONE,triamcinolone,10759,1.0,True,rxnorm_exact,1,False,False
TRIAMTERENE,TRIAMTERENE,triamterene,10763,1.0,True,rxnorm_exact,1,False,False
TRIAMTERENE-HCTZ,TRIAMTERENE-HCTZ,hydrochlorothiazide / triamterene,258337,1.0,True,rxnorm_exact,2,False,False
TRIAZOLAM,TRIAZOLAM,triazolam,10767,1.0,True,rxnorm_exact,1,False,False
TRICOR,TRICOR,Tricor,220456,1.0,True,rxnorm_exact,1,False,False
TRIGLIDE,TRIGLIDE,,583093,0.098,True,rxnorm_approximate,0,False,False
TRILEPTAL,TRILEPTAL,Trileptal,261680,1.0,True,rxnorm_exact,1,False,False
TRIMETHOPRIM,TRIMETHOPRIM,trimethoprim,10829,1.0,True,rxnorm_exact,1,False,False
TRIMETHOPRIM-POLYMYXIN B SULF,TRIMETHOPRIM-POLYMYXIN B SULF,polymyxin B / trimethoprim,219314,1.0,True,rxnorm_exact,2,False,False
TRUSOPT,TRUSOPT,,152463,0.101,True,rxnorm_approximate,0,False,False
TUDORZA PRESSAIR,TUDORZA PRESSAIR,,1310351,0.207,True,rxnorm_approximate,0,False,False
TUMS,TUMS,Tums,220508,1.0,True,rxnorm_exact,1,False,False
Tylenol,Tylenol,Tylenol,202433,1.0,True,rxnorm_exact,1,False,False
TYLENOL EXTRA STRENGTH,TYLENOL EXTRA STRENGTH,,220573,0.171,True,rxnorm_approximate,0,False,False
TYLENOL-CODEINE NO.3,TYLENOL-CODEINE NO 3,acetaminophen 300 MG / codeine phosphate 30 MG Oral Tablet [Tylenol with Codeine],993837,0.149,True,rxnorm_approximate,2,False,False
TYVASO,TYVASO,Tyvaso,857796,1.0,True,rxnorm_exact,1,False,False
UBIDECARENONE,UBIDECARENONE,ubidecarenone,21406,1.0,True,rxnorm_exact,1,True,False
ULORIC,ULORIC,Uloric,834236,1.0,True,rxnorm_exact,1,False,False
ULTRAM,ULTRAM,Ultram,220606,1.0,True,rxnorm_exact,1,False,False
UMECLIDINIUM BROMIDE/VILANTEROL TRIFENATATE,UMECLIDINIUM BROMIDE/VILANTEROL TRIFENATATE,,1486451,0.215,True,rxnorm_approximate,0,False,False
URSODIOL,URSODIOL,ursodiol,11065,1.0,True,rxnorm_exact,1,False,False
VALCYTE,VALCYTE,Valcyte,304959,1.0,True,rxnorm_exact,1,False,False
VALGANCICLOVIR HCL,VALGANCICLOVIR HCL,valganciclovir,275891,1.0,True,rxnorm_exact,1,False,False
VALIUM,VALIUM,Valium,202472,1.0,True,rxnorm_exact,1,False,False
VALPROATE SODIUM,VALPROATE SODIUM,sodium valproate,9919,1.0,True,rxnorm_exact,1,False,False
VALPROIC ACID,VALPROIC ACID,valproic acid,11118,1.0,True,rxnorm_exact,1,False,False
VALSARTAN,VALSARTAN,valsartan,69749,1.0,True,rxnorm_exact,1,False,False
VALTREX,VALTREX,Valtrex,152490,1.0,True,rxnorm_exact,1,False,False
VANCOCIN,VANCOCIN,Vancocin,202368,1.0,True,rxnorm_exact,1,False,False
vancomycin,vancomycin,vancomycin,11124,1.0,True,rxnorm_exact,1,False,False
VANCOMYCIN 1 G MINI-BAG PLUS (VIAL MATE),VANCOMYCIN MINI- PLUS MATE,,1598415,0.156,True,rxnorm_approximate,0,False,False
VANCOMYCIN 1 G/200 ML D5W,VANCOMYCIN / D5W,300 ML vancomycin 5 MG/ML Injection,2118448,0.151,True,rxnorm_approximate,1,False,False
VANCOmycin 1 GM in NS 250 mL IVPB,VANCOmycin 1 GM in NS IVPB,,2540154,0.141,True,rxnorm_approximate,0,True,False
"VANCOMYCIN 1,000 MG IV SOLUTION : 1 EACH VIAL",VANCOMYCIN 1 1 EACH,vancomycin 1000 MG Injection,1807513,0.112,True,rxnorm_approximate,1,False,False
VANCOMYCIN 1.25 G/250 ML NS,VANCOMYCIN / NS,,1866877,0.161,True,rxnorm_approximate,0,True,False
VANCOMYCIN 1.25 GM IN NS 250 ML IVPB (REPACKAGE),VANCOMYCIN 1 25 GM IN NS IVPB REPACKAGE,,2540154,0.141,True,rxnorm_approximate,0,True,False
VANCOmycin 1.25 GM in NS 500ML IVPB,VANCOmycin 1 25 GM in NS IVPB,,2540154,0.141,True,rxnorm_approximate,0,True,False
VANCOMYCIN 1.5 G/500 ML NS,VANCOMYCIN / NS,,1866877,0.161,True,rxnorm_approximate,0,True,False
VANCOMYCIN 1.5 GM IN NS 250 ML IVPB (REPACKAGE),VANCOMYCIN 1 5 GM IN NS IVPB REPACKAGE,,1807525,0.148,True,rxnorm_approximate,0,False,False
VANCOmycin 1.5 GM in NS 500ML IVPB,VANCOmycin 1 5 GM in NS IVPB,,1807525,0.147,True,rxnorm_approximate,0,False,False
VANCOmycin 750 MG in NS 250 mL IVPB,VANCOmycin in NS IVPB,,1866877,0.161,True,rxnorm_approximate,0,True,False
VANCOMYCIN CONSULT TO PHARMACY,VANCOMYCIN CONSULT TO PHARMACY,vancomycin,11124,0.12,True,rxnorm_approximate,1,False,False
VANCOMYCIN HCL,VANCOMYCIN HCL,vancomycin,11124,1.0,True,rxnorm_exact,1,False,False
VANCOMYCIN HCL 1 GM VIAL,VANCOMYCIN HCL 1 GM,vancomycin 1000 MG Injection,1807513,0.122,True,rxnorm_approximate,1,False,False
VANCOMYCIN HCL 10 G IV SOLR,VANCOMYCIN HCL SOLR,vancomycin hydrochloride,66955,0.132,True,rxnorm_approximate,1,False,False
vancomycin hcl 1000 mg iv solr,vancomycin hcl solr,vancomycin hydrochloride,66955,0.132,True,rxnorm_approximate,1,False,False
VANCOMYCIN HCL IN DEXTROSE 1 GM/200ML IV SOLN,VANCOMYCIN HCL IN DEXTROSE 1 GM/,,1807522,0.141,True,rxnorm_approximate,0,False,False
vancomycin in D5W (VANCOCIN) ivpb 1 g,vancomycin in D5W VANCOCIN ivpb,300 ML vancomycin 5 MG/ML Injection,2118448,0.163,True,rxnorm_approximate,1,False,False
"VANCOMYCIN INJ 1,000 MG VIAL.",VANCOMYCIN 1,vancomycin 1000 MG Injection,1807513,0.101,True,rxnorm_approximate,1,False,False
Vasopressin,Vasopressin,vasopressin (USP),11149,1.0,True,rxnorm_exact,1,False,False
Vasopressin (),Vasopressin,vasopressin (USP),11149,1.0,True,rxnorm_exact,1,False,False
Vasopressin (ml/hr),Vasopressin ml/hr,vasopressin (USP),11149,0.129,True,rxnorm_approximate,1,False,False
Vasopressin (units/hr),Vasopressin units/hr,vasopressin (USP),11149,0.129,True,rxnorm_approximate,1,False,False
Vasopressin (units/min),Vasopressin units/min,vasopressin (USP),11149,0.129,True,rxnorm_approximate,1,False,False
Vasopressin 40 Units Sodium Chloride 0.9% 100 ml (units/min),Vasopressin Sodium Chloride 0 9 units/min,,2530289,0.14,True,rxnorm_approximate,0,False,False
VASOPRESSIN 60 UNITS in 100 mL NS,VASOPRESSIN in NS,,1866877,0.161,True,rxnorm_approximate,0,True,False
VASOTEC,VASOTEC,Vasotec,224921,1.0,True,rxnorm_exact,1,False,False
vecuronium (mcg/kg/min),vecuronium mcg/kg/min,vecuronium,71535,0.136,True,rxnorm_approximate,1,False,False
VENLAFAXINE HCL,VENLAFAXINE HCL,venlafaxine hydrochloride,235988,1.0,True,rxnorm_exact,1,False,False
VENTOLIN 2.5MG/0.5ML,VENTOLIN /,Ventolin,8887,1.0,True,rxnorm_exact,1,False,False
VENTOLIN HFA,VENTOLIN HFA,,353534,0.182,True,rxnorm_approximate,0,False,False
VERAPAMIL ER,VERAPAMIL,verapamil,11170,1.0,True,rxnorm_exact,1,False,False
VERAPAMIL HCL,VERAPAMIL HCL,verapamil,11170,1.0,True,rxnorm_exact,1,False,False
Versed,Versed,,11177,0.093,True,rxnorm_approximate,0,False,False
VESICARE,VESICARE,Vesicare,539812,1.0,True,rxnorm_exact,1,False,False
VIAGRA,VIAGRA,Viagra,190465,1.0,True,rxnorm_exact,1,False,False
VIBRAMYCIN,VIBRAMYCIN,Vibramycin,202975,1.0,True,rxnorm_exact,1,False,False
VICODIN,VICODIN,,128793,0.086,True,rxnorm_approximate,0,False,False
VICTOZA 2-PAK,VICTOZA 2-PAK,Epipen,727341,0.172,True,rxnorm_approximate,1,False,False
VIIBRYD,VIIBRYD,Viibryd,1086773,1.0,True,rxnorm_exact,1,False,False
VILAZODONE HYDROCHLORIDE,VILAZODONE HYDROCHLORIDE,vilazodone hydrochloride,1086768,1.0,True,rxnorm_exact,1,False,False
VIT C/CHERRY EXT/CELERY SEED EXT/CELERY SEED/GRAPE SEED EXT,VIT C/CHERRY EXT/CELERY SEED EXT/CELERY SEED/GRAPE SEED EXT,celery seed extract,1309989,0.369,True,rxnorm_approximate,1,False,False
VITAMIN A,VITAMIN A,vitamin A,11246,1.0,True,rxnorm_exact,1,False,False
VITAMIN B COMPLEX,VITAMIN B COMPLEX,vitamin B complex,11251,1.0,True,rxnorm_exact,1,False,False
VITAMIN B COMPLEX#11/FOLIC ACID/ASCORBIC ACID/BIOTIN/ZN OXID,VITAMIN B COMPLEX 11/FOLIC ACID/ASCORBIC ACID/BIOTIN/ZN OXID,,1124290,0.184,True,rxnorm_approximate,0,False,False
VITAMIN B COMPLEX/VIT B12,VITAMIN B COMPLEX/VIT B12,,220869,0.174,True,rxnorm_approximate,0,False,False
VITAMIN B-1,VITAMIN B-1,thiamine,10454,1.0,True,rxnorm_exact,1,False,False
VITAMIN B-12,VITAMIN B-12,vitamin B12,11248,1.0,True,rxnorm_exact,1,True,False
VITAMIN B12-FOLIC ACID,VITAMIN B12-FOLIC ACID,folic acid / vitamin B12,1432023,1.0,True,rxnorm_exact,2,False,False
VITAMIN C,VITAMIN C,ascorbic acid,1151,1.0,True,rxnorm_exact,1,True,False
VITAMIN D,VITAMIN D,vitamin D,11253,1.0,True,rxnorm_exact,1,False,False
VITAMIN D 1000 UNITS PO TABS,VITAMIN D TABS,vitamin D,11253,0.127,True,rxnorm_approximate,1,False,False
VITAMIN D-3,VITAMIN D-3,cholecalciferol,2418,1.0,True,rxnorm_exact,1,True,True
VITAMIN D3,VITAMIN D3,vitamin D3,1244014,1.0,True,rxnorm_exact,1,False,False
VITAMIN E,VITAMIN E,vitamin E,11256,1.0,True,rxnorm_exact,1,False,False
VITAMINS/MINERALS PO TABS,VITAMINS/MINERALS TABS,,691120,0.113,True,rxnorm_approximate,0,False,False
VOLTAREN,VOLTAREN,Voltaren,202976,1.0,True,rxnorm_exact,1,False,False
"Volume (ml) Heparin-heparin 25,000 units in 0.45 % sodium chloride 500 mL infusion",Volume ml Heparin-heparin 25 in 0 45 sodium chloride,,217520,0.214,True,rxnorm_approximate,0,False,False
"Volume (ml) Heparin-heparin 25,000 units in 0.45 % sodium chloride 500 mL infusion (ml/hr)",Volume ml Heparin-heparin 25 in 0 45 sodium chloride ml/hr,,217520,0.214,True,rxnorm_approximate,0,False,False
"Volume (ml) Heparin-heparin 25,000 units in dextrose 500 mL infusion (ml/hr)",Volume ml Heparin-heparin 25 in dextrose ml/hr,,690500,0.216,True,rxnorm_approximate,0,False,False
Volume (mL) Magnesium  (ml/hr),Volume mL Magnesium ml/hr,magnesium,6574,0.102,True,rxnorm_approximate,1,False,False
Volume (ml) Phenylephrine,Volume ml Phenylephrine,phenylephrine,8163,0.1,True,rxnorm_approximate,1,False,False
Volume (ml) Phenylephrine (),Volume ml Phenylephrine,phenylephrine,8163,0.1,True,rxnorm_approximate,1,False,False
"Volume (mL)-sodium chloride 0.9 % bolus 1,000 mL (ml/hr)",Volume mL -sodium chloride 0 9 bolus 1 ml/hr,2 ML sodium chloride 9 MG/ML Injection,1807636,0.146,True,rxnorm_approximate,1,False,False
Volume (mL)-sodium chloride 0.9 % bolus 250 mL (ml/hr),Volume mL -sodium chloride 0 9 bolus ml/hr,sodium chloride 0.154 MEQ/ML,615106,0.145,True,rxnorm_approximate,1,True,False
Volume (mL)-sodium chloride 0.9 % bolus 500 mL,Volume mL -sodium chloride 0 9 bolus,sodium chloride 0.154 MEQ/ML,615106,0.145,True,rxnorm_approximate,1,True,False
Volume (mL)-sodium chloride 0.9 % bolus 500 mL (ml/hr),Volume mL -sodium chloride 0 9 bolus ml/hr,sodium chloride 0.154 MEQ/ML,615106,0.145,True,rxnorm_approximate,1,True,False
Volume-Transfuse RBC (ml/hr),Volume-Transfuse RBC ml/hr,,2198436,0.072,True,rxnorm_approximate,0,False,False
warfarin,warfarin,warfarin,11289,1.0,True,rxnorm_exact,1,True,True
WARFARIN - PHYSICIAN MONITORED,WARFARIN - PHYSICIAN MONITORED,warfarin,11289,0.12,True,rxnorm_approximate,1,True,True
WARFARIN 5 MG TAB,WARFARIN TAB,warfarin Oral Tablet,374319,0.122,True,rxnorm_approximate,1,False,False
WARFARIN 5 MG TABLET,WARFARIN,warfarin,11289,1.0,True,rxnorm_exact,1,True,True
WARFARIN SOD,WARFARIN SOD,warfarin,11289,0.12,True,rxnorm_approximate,1,True,True
WARFARIN SODIUM,WARFARIN SODIUM,warfarin sodium,114194,1.0,True,rxnorm_exact,1,False,False
warfarin sodium (COUMADIN) tab 5 mg,warfarin sodium COUMADIN tab,warfarin sodium Oral Tablet [Coumadin],2656852,0.181,True,rxnorm_approximate,1,False,False
WARFARIN SODIUM 1 MG PO TABS,WARFARIN SODIUM TABS,warfarin sodium Oral Tablet,2648634,1.0,True,rxnorm_exact,1,False,False
WARFARIN SODIUM 2 MG PO TABS,WARFARIN SODIUM TABS,warfarin sodium Oral Tablet,2648634,1.0,True,rxnorm_exact,1,False,False
WARFARIN SODIUM 2.5 MG PO TABS,WARFARIN SODIUM TABS,warfarin sodium Oral Tablet,2648634,1.0,True,rxnorm_exact,1,False,False
WARFARIN SODIUM 3 MG PO TABS,WARFARIN SODIUM TABS,warfarin sodium Oral Tablet,2648634,1.0,True,rxnorm_exact,1,False,False
WARFARIN SODIUM 4 MG PO TABS,WARFARIN SODIUM TABS,warfarin sodium Oral Tablet,2648634,1.0,True,rxnorm_exact,1,False,False
WARFARIN SODIUM 5 MG PO TABS,WARFARIN SODIUM TABS,warfarin sodium Oral Tablet,2648634,1.0,True,rxnorm_exact,1,False,False
WARFARIN SODIUM 7.5 MG PO TABS,WARFARIN SODIUM TABS,warfarin sodium Oral Tablet,2648634,1.0,True,rxnorm_exact,1,False,False
WELCHOL,WELCHOL,Welchol,284918,1.0,True,rxnorm_exact,1,False,False
WELLBUTRIN,WELLBUTRIN,Wellbutrin,42568,1.0,True,rxnorm_exact,1,False,False
XALATAN,XALATAN,Xalatan,153159,1.0,True,rxnorm_exact,1,False,False
Xanax,Xanax,Xanax,202363,1.0,True,rxnorm_exact,1,False,False
XARELTO,XARELTO,Xarelto,1114199,1.0,True,rxnorm_exact,1,False,False
XIFAXAN,XIFAXAN,XIFAXAN,539786,1.0,True,rxnorm_exact,1,False,False
XOPENEX,XOPENEX,Xopenex,261702,1.0,True,rxnorm_exact,1,False,False
ZANAFLEX,ZANAFLEX,Zanaflex,153736,1.0,True,rxnorm_exact,1,False,False
ZANTAC,ZANTAC,Zantac,152523,1.0,True,rxnorm_exact,1,False,False
ZAROXOLYN,ZAROXOLYN,,203794,0.094,True,rxnorm_approximate,0,False,False
ZEMPLAR,ZEMPLAR,Zemplar,221005,1.0,True,rxnorm_exact,1,False,False
ZENPEP,ZENPEP,Zenpep,1117097,1.0,True,rxnorm_exact,3,False,False
ZESTRIL,ZESTRIL,Zestril,196472,1.0,True,rxnorm_exact,1,False,False
ZETIA,ZETIA,Zetia,353099,1.0,True,rxnorm_exact,1,False,False
ZINC,ZINC,zinc,11416,1.0,True,rxnorm_exact,1,False,False
ZITHROMAX,ZITHROMAX,Zithromax,196474,1.0,True,rxnorm_exact,1,False,False
ZOCOR,ZOCOR,Zocor,196503,1.0,True,rxnorm_exact,1,False,False
Zofran,Zofran,,66981,0.088,True,rxnorm_approximate,0,False,False
ZOFRAN ODT,ZOFRAN ODT,,221035,0.12,True,rxnorm_approximate,0,False,False
ZOLOFT,ZOLOFT,Zoloft,82728,1.0,True,rxnorm_exact,1,False,False
zolpidem,zolpidem,zolpidem,39993,1.0,True,rxnorm_exact,1,False,False
zolpiDEM 5 MG TAB,zolpiDEM TAB,zolpidem Oral Tablet,374364,0.127,True,rxnorm_approximate,1,False,False
ZOLPIDEM 5 MG TABLET,ZOLPIDEM,zolpidem,39993,1.0,True,rxnorm_exact,1,False,False
ZOLPIDEM TARTRATE,ZOLPIDEM TARTRATE,zolpidem tartrate,221183,1.0,True,rxnorm_exact,1,False,False
ZOLPIDEM TARTRATE 5 MG PO TABS,ZOLPIDEM TARTRATE TABS,zolpidem tartrate Oral Tablet,2648191,1.0,True,rxnorm_exact,1,False,False
ZOSYN,ZOSYN,Zosyn,74170,1.0,True,rxnorm_exact,2,False,False
Zosyn (ml/hr),Zosyn ml/hr,Zosyn,74170,0.138,True,rxnorm_approximate,2,False,False
ZOSYN 3.375 GRAM in NS 100 mL IVPB,ZOSYN 3 375 GRAM in NS IVPB,piperacillin 3000 MG / tazobactam 375 MG Injection [Zosyn],1659139,0.173,True,rxnorm_approximate,2,False,False
ZOSYN 3.375 GRAM INJ,ZOSYN 3 375 GRAM,piperacillin 3000 MG / tazobactam 375 MG Injection [Zosyn],1659139,0.173,True,rxnorm_approximate,2,False,False
ZOVIRAX,ZOVIRAX,Zovirax,152535,1.0,True,rxnorm_exact,1,False,False
ZYLOPRIM,ZYLOPRIM,Zyloprim,203600,1.0,True,rxnorm_exact,1,False,False
ZYPREXA,ZYPREXA,Zyprexa,135423,1.0,True,rxnorm_exact,1,False,False
ZYRTEC,ZYRTEC,Zyrtec,58930,1.0,True,rxnorm_exact,1,False,False
ZYTIGA,ZYTIGA,Zytiga,1100076,1.0,True,rxnorm_exact,1,False,False
